id,text,label
0,"City council approves $50 million investment for public transit extension. Researchers at the National Institute of Health published findings in the Journal of Medicine indicating adults who engage in moderate cardiovascular activity three times a week show higher neuron densities. According to the official spokesperson, the policy will take effect next quarter.",0
1,"New clinical study links regular exercise to improved cognitive health. Researchers at the National Institute of Health published findings in the Journal of Medicine indicating adults who engage in moderate cardiovascular activity three times a week show higher neuron densities. According to the official spokesperson, negotiators remain optimistic about outcomes.",0
2,BREAKING: Alien spaceship spotted landing behind the White House! A localized plant extract when consumed with warm water acts as a cognitive booster and reverses cellular decay. Major food companies are buying farmland to monopolize the product. Extra report details suggest that this could change everything.,1
3,"Breaking: Major city's water supply poisoned, authorities hiding truth. An anonymous memo circulating within security agencies suggests a simulated crisis will be used to enforce emergency laws. Citizens are urged to store food and withdraw all physical cash immediately. Extra report details suggest that this could change everything.",1
4,Doctors stunned by this simple $5 trick to reverse aging overnight! This revolutionary organic capsule burns fat in your sleep without dieting. Clinical trials show individuals losing forty pounds in a week. Big Pharma is attempting to ban sales to protect insulin profit margins. Extra report details suggest that a secret organization is involved.,1
5,"Parliament passes landmark environmental protection bill. The metropolitan transit authority confirmed a long-term capital budget approval to construct three new light-rail stations, aiming to connect suburban sectors to the commercial district by next autumn. According to the official spokesperson, further evaluations are scheduled.",0
6,Miracle weight loss pill doctors don't want you to know about! An anonymous memo circulating within security agencies suggests a simulated crisis will be used to enforce emergency laws. Citizens are urged to store food and withdraw all physical cash immediately. Extra report details suggest that insiders are highly worried.,1
7,"New clinical study links regular exercise to improved cognitive health. Researchers at the National Institute of Health published findings in the Journal of Medicine indicating adults who engage in moderate cardiovascular activity three times a week show higher neuron densities. According to the official spokesperson, the policy will take effect next quarter.",0
8,BREAKING: Alien spaceship spotted landing behind the White House! Insiders caught this scandalous video on camera showing a prominent celebrity in a heated exchange that the media is trying to delete. Click here to watch before it gets taken down forever! Extra report details suggest that insiders are highly worried.,1
9,"Federal Reserve announces interest rate hike to combat inflation. An oceanographic research vessel initiated a two-month mapping mission in the Pacific, utilizing multi-beam sonar arrays to document topographical features of deep oceanic valleys. According to the official spokesperson, the project is funded publicly.",0
10,"Local health department reports decline in seasonal influenza cases. The Department of Energy approved a federal grant for engineering departments to prototype high-efficiency photovoltaic cells capable of generating power during low-solar winter conditions. According to the official spokesperson, negotiators remain optimistic about outcomes.",0
11,"CONSPIRACY: Landmark study proves the moon landing was filmed in Hollywood. Multiple eyewitnesses reported a metallic circular craft descending from the clouds, hovering over the lawn for three minutes before accelerating into orbit. NASA refuses to answer press queries, leading to speculation. Extra report details suggest that a secret organization is involved.",1
12,Miracle weight loss pill doctors don't want you to know about! This revolutionary organic capsule burns fat in your sleep without dieting. Clinical trials show individuals losing forty pounds in a week. Big Pharma is attempting to ban sales to protect insulin profit margins. Extra report details suggest that insiders are highly worried.,1
13,"Federal Reserve announces interest rate hike to combat inflation. Epidemiological data released in the weekly surveillance report shows a fifteen percent drop in hospital admissions related to respiratory viruses, which health officials attribute to higher vaccination uptake. According to the official spokesperson, the policy will take effect next quarter.",0
14,BREAKING: Alien spaceship spotted landing behind the White House! Classified files released by a hacker group contain stage design prints and audio recordings proving the entire space race was simulated inside a high-security warehouse in Nevada to bankrupt foreign rivals. Extra report details suggest that the media is actively censoring this.,1
15,Miracle weight loss pill doctors don't want you to know about! CCTV footage obtained by our network captures a high-ranking official stuffed envelope with cash from a shell corporation representative in exchange for state construction approvals. Extra report details suggest that this could change everything.,1
16,You won't believe what this Hollywood actor did last night! A localized plant extract when consumed with warm water acts as a cognitive booster and reverses cellular decay. Major food companies are buying farmland to monopolize the product. Extra report details suggest that the media is actively censoring this.,1
17,"New clinical study links regular exercise to improved cognitive health. The Department of Energy approved a federal grant for engineering departments to prototype high-efficiency photovoltaic cells capable of generating power during low-solar winter conditions. According to the official spokesperson, the project is funded publicly.",0
18,"Global trade markets stabilize following bilateral trade agreement. A heavy-lift rocket successfully placed the advanced meteorological spacecraft into orbit on Sunday, providing forecasters with real-time infrared scans of severe storm formations over the coast. According to the official spokesperson, further evaluations are scheduled.",0
19,BREAKING: Alien spaceship spotted landing behind the White House! A secret whistleblower has leaked documents showing a massive cover-up by pharmaceutical giants who have possessed a full cure for cancer since 1995. Shares of major healthcare corporations are skyrocketing as politicians silent on public trials. Extra report details suggest that this could change everything.,1
20,Shocking video shows politician taking massive bribes in public. Classified files released by a hacker group contain stage design prints and audio recordings proving the entire space race was simulated inside a high-security warehouse in Nevada to bankrupt foreign rivals. Extra report details suggest that this could change everything.,1
21,"Local health department reports decline in seasonal influenza cases. Following three days of debate, lawmakers finalized a comprehensive regulation bill setting stricter carbon emission targets for heavy industry and allocating funds for regional reforestation initiatives. According to the official spokesperson, the project is funded publicly.",0
22,"Federal Reserve announces interest rate hike to combat inflation. An oceanographic research vessel initiated a two-month mapping mission in the Pacific, utilizing multi-beam sonar arrays to document topographical features of deep oceanic valleys. According to the official spokesperson, negotiators remain optimistic about outcomes.",0
23,Shocking video shows politician taking massive bribes in public. An anonymous memo circulating within security agencies suggests a simulated crisis will be used to enforce emergency laws. Citizens are urged to store food and withdraw all physical cash immediately. Extra report details suggest that this could change everything.,1
24,You won't believe what this Hollywood actor did last night! Classified files released by a hacker group contain stage design prints and audio recordings proving the entire space race was simulated inside a high-security warehouse in Nevada to bankrupt foreign rivals. Extra report details suggest that insiders are highly worried.,1
25,You won't believe what this Hollywood actor did last night! An anonymous memo circulating within security agencies suggests a simulated crisis will be used to enforce emergency laws. Citizens are urged to store food and withdraw all physical cash immediately. Extra report details suggest that a secret organization is involved.,1
26,"Tech conglomerate announces restructuring plan, affecting 5% of workforce. Stock indexes rose slightly in European and Asian markets after negotiators signed a bilateral agricultural tariff agreement, resolving a three-month import dispute between the trading partners. According to the official spokesperson, the policy will take effect next quarter.",0
27,SHOCKING SECRET: The government cure for cancer they hid from you! An anonymous memo circulating within security agencies suggests a simulated crisis will be used to enforce emergency laws. Citizens are urged to store food and withdraw all physical cash immediately. Extra report details suggest that a secret organization is involved.,1
28,"Secret society controls world bank, insider source reveals details. Multiple eyewitnesses reported a metallic circular craft descending from the clouds, hovering over the lawn for three minutes before accelerating into orbit. NASA refuses to answer press queries, leading to speculation. Extra report details suggest that this could change everything.",1
29,URGENT: Global elite planning immediate lockdown next Tuesday! An anonymous memo circulating within security agencies suggests a simulated crisis will be used to enforce emergency laws. Citizens are urged to store food and withdraw all physical cash immediately. Extra report details suggest that a secret organization is involved.,1
30,Doctors stunned by this simple $5 trick to reverse aging overnight! Classified files released by a hacker group contain stage design prints and audio recordings proving the entire space race was simulated inside a high-security warehouse in Nevada to bankrupt foreign rivals. Extra report details suggest that a secret organization is involved.,1
31,"Global trade markets stabilize following bilateral trade agreement. The metropolitan transit authority confirmed a long-term capital budget approval to construct three new light-rail stations, aiming to connect suburban sectors to the commercial district by next autumn. According to the official spokesperson, negotiators remain optimistic about outcomes.",0
32,"Federal Reserve announces interest rate hike to combat inflation. A heavy-lift rocket successfully placed the advanced meteorological spacecraft into orbit on Sunday, providing forecasters with real-time infrared scans of severe storm formations over the coast. According to the official spokesperson, the project is funded publicly.",0
33,"Tech conglomerate announces restructuring plan, affecting 5% of workforce. Researchers at the National Institute of Health published findings in the Journal of Medicine indicating adults who engage in moderate cardiovascular activity three times a week show higher neuron densities. According to the official spokesperson, further evaluations are scheduled.",0
34,URGENT: Global elite planning immediate lockdown next Tuesday! A localized plant extract when consumed with warm water acts as a cognitive booster and reverses cellular decay. Major food companies are buying farmland to monopolize the product. Extra report details suggest that a secret organization is involved.,1
35,Miracle weight loss pill doctors don't want you to know about! This revolutionary organic capsule burns fat in your sleep without dieting. Clinical trials show individuals losing forty pounds in a week. Big Pharma is attempting to ban sales to protect insulin profit margins. Extra report details suggest that a secret organization is involved.,1
36,URGENT: Global elite planning immediate lockdown next Tuesday! Classified files released by a hacker group contain stage design prints and audio recordings proving the entire space race was simulated inside a high-security warehouse in Nevada to bankrupt foreign rivals. Extra report details suggest that insiders are highly worried.,1
37,URGENT: Global elite planning immediate lockdown next Tuesday! Leaked records from an offshore bank details transactions linking world leaders to a singular control board that meets annually in Switzerland to dictate inflation rates and trade wars. Extra report details suggest that a secret organization is involved.,1
38,Miracle weight loss pill doctors don't want you to know about! CCTV footage obtained by our network captures a high-ranking official stuffed envelope with cash from a shell corporation representative in exchange for state construction approvals. Extra report details suggest that the media is actively censoring this.,1
39,"Scientists deploy deep-sea submersibles to map unexplored trenches. A heavy-lift rocket successfully placed the advanced meteorological spacecraft into orbit on Sunday, providing forecasters with real-time infrared scans of severe storm formations over the coast. According to the official spokesperson, the project is funded publicly.",0
40,"Local health department reports decline in seasonal influenza cases. The chief executive officer announced in a memorandum to staff that the corporation will consolidate redundant administrative roles to invest heavily in cloud infrastructure research divisions. According to the official spokesperson, the policy will take effect next quarter.",0
41,URGENT: Global elite planning immediate lockdown next Tuesday! An anonymous memo circulating within security agencies suggests a simulated crisis will be used to enforce emergency laws. Citizens are urged to store food and withdraw all physical cash immediately. Extra report details suggest that insiders are highly worried.,1
42,"State university receives major research grant for renewable energy projects. The Federal Reserve Board of Governors voted on Wednesday to raise the benchmark interest rate by a quarter point, citing persistent inflation pressures in core services and labor market tightness. According to the official spokesperson, the project is funded publicly.",0
43,CONSPIRACY: Landmark study proves the moon landing was filmed in Hollywood. CCTV footage obtained by our network captures a high-ranking official stuffed envelope with cash from a shell corporation representative in exchange for state construction approvals. Extra report details suggest that this could change everything.,1
44,"Scientists deploy deep-sea submersibles to map unexplored trenches. An oceanographic research vessel initiated a two-month mapping mission in the Pacific, utilizing multi-beam sonar arrays to document topographical features of deep oceanic valleys. According to the official spokesperson, further evaluations are scheduled.",0
45,Doctors stunned by this simple $5 trick to reverse aging overnight! Insiders caught this scandalous video on camera showing a prominent celebrity in a heated exchange that the media is trying to delete. Click here to watch before it gets taken down forever! Extra report details suggest that this could change everything.,1
46,SHOCKING SECRET: The government cure for cancer they hid from you! Leaked records from an offshore bank details transactions linking world leaders to a singular control board that meets annually in Switzerland to dictate inflation rates and trade wars. Extra report details suggest that insiders are highly worried.,1
47,Miracle weight loss pill doctors don't want you to know about! An anonymous memo circulating within security agencies suggests a simulated crisis will be used to enforce emergency laws. Citizens are urged to store food and withdraw all physical cash immediately. Extra report details suggest that a secret organization is involved.,1
48,BREAKING: Alien spaceship spotted landing behind the White House! A secret whistleblower has leaked documents showing a massive cover-up by pharmaceutical giants who have possessed a full cure for cancer since 1995. Shares of major healthcare corporations are skyrocketing as politicians silent on public trials. Extra report details suggest that the media is actively censoring this.,1
49,CONSPIRACY: Landmark study proves the moon landing was filmed in Hollywood. Leaked records from an offshore bank details transactions linking world leaders to a singular control board that meets annually in Switzerland to dictate inflation rates and trade wars. Extra report details suggest that this could change everything.,1
50,"Tech conglomerate announces restructuring plan, affecting 5% of workforce. An oceanographic research vessel initiated a two-month mapping mission in the Pacific, utilizing multi-beam sonar arrays to document topographical features of deep oceanic valleys. According to the official spokesperson, further evaluations are scheduled.",0
51,"Federal Reserve announces interest rate hike to combat inflation. An oceanographic research vessel initiated a two-month mapping mission in the Pacific, utilizing multi-beam sonar arrays to document topographical features of deep oceanic valleys. According to the official spokesperson, the policy will take effect next quarter.",0
52,URGENT: Global elite planning immediate lockdown next Tuesday! This revolutionary organic capsule burns fat in your sleep without dieting. Clinical trials show individuals losing forty pounds in a week. Big Pharma is attempting to ban sales to protect insulin profit margins. Extra report details suggest that a secret organization is involved.,1
53,"Breaking: Major city's water supply poisoned, authorities hiding truth. Local water distribution facilities detected high levels of dangerous chemicals, yet central administrations ordered operations to proceed normally to prevent mass panic before election seasons. Extra report details suggest that insiders are highly worried.",1
54,"National space agency launches new weather satellite into geostationary orbit. An oceanographic research vessel initiated a two-month mapping mission in the Pacific, utilizing multi-beam sonar arrays to document topographical features of deep oceanic valleys. According to the official spokesperson, the project is funded publicly.",0
55,"Miracle weight loss pill doctors don't want you to know about! Multiple eyewitnesses reported a metallic circular craft descending from the clouds, hovering over the lawn for three minutes before accelerating into orbit. NASA refuses to answer press queries, leading to speculation. Extra report details suggest that a secret organization is involved.",1
56,"Parliament passes landmark environmental protection bill. Researchers at the National Institute of Health published findings in the Journal of Medicine indicating adults who engage in moderate cardiovascular activity three times a week show higher neuron densities. According to the official spokesperson, the policy will take effect next quarter.",0
57,"National space agency launches new weather satellite into geostationary orbit. Following three days of debate, lawmakers finalized a comprehensive regulation bill setting stricter carbon emission targets for heavy industry and allocating funds for regional reforestation initiatives. According to the official spokesperson, the project is funded publicly.",0
58,"New clinical study links regular exercise to improved cognitive health. Epidemiological data released in the weekly surveillance report shows a fifteen percent drop in hospital admissions related to respiratory viruses, which health officials attribute to higher vaccination uptake. According to the official spokesperson, the project is funded publicly.",0
59,Shocking video shows politician taking massive bribes in public. Insiders caught this scandalous video on camera showing a prominent celebrity in a heated exchange that the media is trying to delete. Click here to watch before it gets taken down forever! Extra report details suggest that a secret organization is involved.,1
60,URGENT: Global elite planning immediate lockdown next Tuesday! Insiders caught this scandalous video on camera showing a prominent celebrity in a heated exchange that the media is trying to delete. Click here to watch before it gets taken down forever! Extra report details suggest that the media is actively censoring this.,1
61,"Secret society controls world bank, insider source reveals details. Multiple eyewitnesses reported a metallic circular craft descending from the clouds, hovering over the lawn for three minutes before accelerating into orbit. NASA refuses to answer press queries, leading to speculation. Extra report details suggest that this could change everything.",1
62,CONSPIRACY: Landmark study proves the moon landing was filmed in Hollywood. Classified files released by a hacker group contain stage design prints and audio recordings proving the entire space race was simulated inside a high-security warehouse in Nevada to bankrupt foreign rivals. Extra report details suggest that insiders are highly worried.,1
63,You won't believe what this Hollywood actor did last night! Leaked records from an offshore bank details transactions linking world leaders to a singular control board that meets annually in Switzerland to dictate inflation rates and trade wars. Extra report details suggest that the media is actively censoring this.,1
64,Miracle weight loss pill doctors don't want you to know about! CCTV footage obtained by our network captures a high-ranking official stuffed envelope with cash from a shell corporation representative in exchange for state construction approvals. Extra report details suggest that this could change everything.,1
65,"National space agency launches new weather satellite into geostationary orbit. The metropolitan transit authority confirmed a long-term capital budget approval to construct three new light-rail stations, aiming to connect suburban sectors to the commercial district by next autumn. According to the official spokesperson, further evaluations are scheduled.",0
66,Miracle weight loss pill doctors don't want you to know about! Leaked records from an offshore bank details transactions linking world leaders to a singular control board that meets annually in Switzerland to dictate inflation rates and trade wars. Extra report details suggest that the media is actively censoring this.,1
67,"CONSPIRACY: Landmark study proves the moon landing was filmed in Hollywood. Multiple eyewitnesses reported a metallic circular craft descending from the clouds, hovering over the lawn for three minutes before accelerating into orbit. NASA refuses to answer press queries, leading to speculation. Extra report details suggest that this could change everything.",1
68,BREAKING: Alien spaceship spotted landing behind the White House! CCTV footage obtained by our network captures a high-ranking official stuffed envelope with cash from a shell corporation representative in exchange for state construction approvals. Extra report details suggest that this could change everything.,1
69,"Secret society controls world bank, insider source reveals details. A secret whistleblower has leaked documents showing a massive cover-up by pharmaceutical giants who have possessed a full cure for cancer since 1995. Shares of major healthcare corporations are skyrocketing as politicians silent on public trials. Extra report details suggest that the media is actively censoring this.",1
70,Shocking video shows politician taking massive bribes in public. CCTV footage obtained by our network captures a high-ranking official stuffed envelope with cash from a shell corporation representative in exchange for state construction approvals. Extra report details suggest that insiders are highly worried.,1
71,"URGENT: Global elite planning immediate lockdown next Tuesday! Local water distribution facilities detected high levels of dangerous chemicals, yet central administrations ordered operations to proceed normally to prevent mass panic before election seasons. Extra report details suggest that insiders are highly worried.",1
72,"National space agency launches new weather satellite into geostationary orbit. The chief executive officer announced in a memorandum to staff that the corporation will consolidate redundant administrative roles to invest heavily in cloud infrastructure research divisions. According to the official spokesperson, the policy will take effect next quarter.",0
73,Doctors stunned by this simple $5 trick to reverse aging overnight! Classified files released by a hacker group contain stage design prints and audio recordings proving the entire space race was simulated inside a high-security warehouse in Nevada to bankrupt foreign rivals. Extra report details suggest that insiders are highly worried.,1
74,URGENT: Global elite planning immediate lockdown next Tuesday! A secret whistleblower has leaked documents showing a massive cover-up by pharmaceutical giants who have possessed a full cure for cancer since 1995. Shares of major healthcare corporations are skyrocketing as politicians silent on public trials. Extra report details suggest that a secret organization is involved.,1
75,"Secret society controls world bank, insider source reveals details. Classified files released by a hacker group contain stage design prints and audio recordings proving the entire space race was simulated inside a high-security warehouse in Nevada to bankrupt foreign rivals. Extra report details suggest that the media is actively censoring this.",1
76,CONSPIRACY: Landmark study proves the moon landing was filmed in Hollywood. A localized plant extract when consumed with warm water acts as a cognitive booster and reverses cellular decay. Major food companies are buying farmland to monopolize the product. Extra report details suggest that this could change everything.,1
77,Doctors stunned by this simple $5 trick to reverse aging overnight! Leaked records from an offshore bank details transactions linking world leaders to a singular control board that meets annually in Switzerland to dictate inflation rates and trade wars. Extra report details suggest that insiders are highly worried.,1
78,"Tech conglomerate announces restructuring plan, affecting 5% of workforce. The chief executive officer announced in a memorandum to staff that the corporation will consolidate redundant administrative roles to invest heavily in cloud infrastructure research divisions. According to the official spokesperson, the policy will take effect next quarter.",0
79,"State university receives major research grant for renewable energy projects. The Federal Reserve Board of Governors voted on Wednesday to raise the benchmark interest rate by a quarter point, citing persistent inflation pressures in core services and labor market tightness. According to the official spokesperson, further evaluations are scheduled.",0
80,"National space agency launches new weather satellite into geostationary orbit. Stock indexes rose slightly in European and Asian markets after negotiators signed a bilateral agricultural tariff agreement, resolving a three-month import dispute between the trading partners. According to the official spokesperson, further evaluations are scheduled.",0
81,"You won't believe what this Hollywood actor did last night! Local water distribution facilities detected high levels of dangerous chemicals, yet central administrations ordered operations to proceed normally to prevent mass panic before election seasons. Extra report details suggest that this could change everything.",1
82,"City council approves $50 million investment for public transit extension. Following three days of debate, lawmakers finalized a comprehensive regulation bill setting stricter carbon emission targets for heavy industry and allocating funds for regional reforestation initiatives. According to the official spokesperson, the project is funded publicly.",0
83,CONSPIRACY: Landmark study proves the moon landing was filmed in Hollywood. An anonymous memo circulating within security agencies suggests a simulated crisis will be used to enforce emergency laws. Citizens are urged to store food and withdraw all physical cash immediately. Extra report details suggest that the media is actively censoring this.,1
84,"Shocking video shows politician taking massive bribes in public. Multiple eyewitnesses reported a metallic circular craft descending from the clouds, hovering over the lawn for three minutes before accelerating into orbit. NASA refuses to answer press queries, leading to speculation. Extra report details suggest that insiders are highly worried.",1
85,"Tech conglomerate announces restructuring plan, affecting 5% of workforce. The chief executive officer announced in a memorandum to staff that the corporation will consolidate redundant administrative roles to invest heavily in cloud infrastructure research divisions. According to the official spokesperson, negotiators remain optimistic about outcomes.",0
86,"State university receives major research grant for renewable energy projects. The chief executive officer announced in a memorandum to staff that the corporation will consolidate redundant administrative roles to invest heavily in cloud infrastructure research divisions. According to the official spokesperson, the policy will take effect next quarter.",0
87,BREAKING: Alien spaceship spotted landing behind the White House! A secret whistleblower has leaked documents showing a massive cover-up by pharmaceutical giants who have possessed a full cure for cancer since 1995. Shares of major healthcare corporations are skyrocketing as politicians silent on public trials. Extra report details suggest that a secret organization is involved.,1
88,"Tech conglomerate announces restructuring plan, affecting 5% of workforce. A heavy-lift rocket successfully placed the advanced meteorological spacecraft into orbit on Sunday, providing forecasters with real-time infrared scans of severe storm formations over the coast. According to the official spokesperson, negotiators remain optimistic about outcomes.",0
89,"National space agency launches new weather satellite into geostationary orbit. Following three days of debate, lawmakers finalized a comprehensive regulation bill setting stricter carbon emission targets for heavy industry and allocating funds for regional reforestation initiatives. According to the official spokesperson, negotiators remain optimistic about outcomes.",0
90,CONSPIRACY: Landmark study proves the moon landing was filmed in Hollywood. A secret whistleblower has leaked documents showing a massive cover-up by pharmaceutical giants who have possessed a full cure for cancer since 1995. Shares of major healthcare corporations are skyrocketing as politicians silent on public trials. Extra report details suggest that insiders are highly worried.,1
91,"SHOCKING SECRET: The government cure for cancer they hid from you! Multiple eyewitnesses reported a metallic circular craft descending from the clouds, hovering over the lawn for three minutes before accelerating into orbit. NASA refuses to answer press queries, leading to speculation. Extra report details suggest that a secret organization is involved.",1
92,"Breaking: Major city's water supply poisoned, authorities hiding truth. An anonymous memo circulating within security agencies suggests a simulated crisis will be used to enforce emergency laws. Citizens are urged to store food and withdraw all physical cash immediately. Extra report details suggest that a secret organization is involved.",1
93,"Breaking: Major city's water supply poisoned, authorities hiding truth. A secret whistleblower has leaked documents showing a massive cover-up by pharmaceutical giants who have possessed a full cure for cancer since 1995. Shares of major healthcare corporations are skyrocketing as politicians silent on public trials. Extra report details suggest that this could change everything.",1
94,"National space agency launches new weather satellite into geostationary orbit. Epidemiological data released in the weekly surveillance report shows a fifteen percent drop in hospital admissions related to respiratory viruses, which health officials attribute to higher vaccination uptake. According to the official spokesperson, the project is funded publicly.",0
95,"Global trade markets stabilize following bilateral trade agreement. Stock indexes rose slightly in European and Asian markets after negotiators signed a bilateral agricultural tariff agreement, resolving a three-month import dispute between the trading partners. According to the official spokesperson, the policy will take effect next quarter.",0
96,"Breaking: Major city's water supply poisoned, authorities hiding truth. Multiple eyewitnesses reported a metallic circular craft descending from the clouds, hovering over the lawn for three minutes before accelerating into orbit. NASA refuses to answer press queries, leading to speculation. Extra report details suggest that insiders are highly worried.",1
97,"National space agency launches new weather satellite into geostationary orbit. The chief executive officer announced in a memorandum to staff that the corporation will consolidate redundant administrative roles to invest heavily in cloud infrastructure research divisions. According to the official spokesperson, the project is funded publicly.",0
98,Shocking video shows politician taking massive bribes in public. A secret whistleblower has leaked documents showing a massive cover-up by pharmaceutical giants who have possessed a full cure for cancer since 1995. Shares of major healthcare corporations are skyrocketing as politicians silent on public trials. Extra report details suggest that insiders are highly worried.,1
99,"Breaking: Major city's water supply poisoned, authorities hiding truth. Insiders caught this scandalous video on camera showing a prominent celebrity in a heated exchange that the media is trying to delete. Click here to watch before it gets taken down forever! Extra report details suggest that insiders are highly worried.",1
100,BREAKING: Alien spaceship spotted landing behind the White House! A secret whistleblower has leaked documents showing a massive cover-up by pharmaceutical giants who have possessed a full cure for cancer since 1995. Shares of major healthcare corporations are skyrocketing as politicians silent on public trials. Extra report details suggest that insiders are highly worried.,1
101,CONSPIRACY: Landmark study proves the moon landing was filmed in Hollywood. Leaked records from an offshore bank details transactions linking world leaders to a singular control board that meets annually in Switzerland to dictate inflation rates and trade wars. Extra report details suggest that this could change everything.,1
102,"National space agency launches new weather satellite into geostationary orbit. A heavy-lift rocket successfully placed the advanced meteorological spacecraft into orbit on Sunday, providing forecasters with real-time infrared scans of severe storm formations over the coast. According to the official spokesperson, the project is funded publicly.",0
103,"BREAKING: Alien spaceship spotted landing behind the White House! Multiple eyewitnesses reported a metallic circular craft descending from the clouds, hovering over the lawn for three minutes before accelerating into orbit. NASA refuses to answer press queries, leading to speculation. Extra report details suggest that this could change everything.",1
104,"Local health department reports decline in seasonal influenza cases. A heavy-lift rocket successfully placed the advanced meteorological spacecraft into orbit on Sunday, providing forecasters with real-time infrared scans of severe storm formations over the coast. According to the official spokesperson, the policy will take effect next quarter.",0
105,"National space agency launches new weather satellite into geostationary orbit. An oceanographic research vessel initiated a two-month mapping mission in the Pacific, utilizing multi-beam sonar arrays to document topographical features of deep oceanic valleys. According to the official spokesperson, further evaluations are scheduled.",0
106,"Federal Reserve announces interest rate hike to combat inflation. The chief executive officer announced in a memorandum to staff that the corporation will consolidate redundant administrative roles to invest heavily in cloud infrastructure research divisions. According to the official spokesperson, the policy will take effect next quarter.",0
107,"Tech conglomerate announces restructuring plan, affecting 5% of workforce. A heavy-lift rocket successfully placed the advanced meteorological spacecraft into orbit on Sunday, providing forecasters with real-time infrared scans of severe storm formations over the coast. According to the official spokesperson, further evaluations are scheduled.",0
108,"State university receives major research grant for renewable energy projects. The Federal Reserve Board of Governors voted on Wednesday to raise the benchmark interest rate by a quarter point, citing persistent inflation pressures in core services and labor market tightness. According to the official spokesperson, the policy will take effect next quarter.",0
109,"Federal Reserve announces interest rate hike to combat inflation. The Federal Reserve Board of Governors voted on Wednesday to raise the benchmark interest rate by a quarter point, citing persistent inflation pressures in core services and labor market tightness. According to the official spokesperson, further evaluations are scheduled.",0
110,"BREAKING: Alien spaceship spotted landing behind the White House! Multiple eyewitnesses reported a metallic circular craft descending from the clouds, hovering over the lawn for three minutes before accelerating into orbit. NASA refuses to answer press queries, leading to speculation. Extra report details suggest that this could change everything.",1
111,"Local health department reports decline in seasonal influenza cases. An oceanographic research vessel initiated a two-month mapping mission in the Pacific, utilizing multi-beam sonar arrays to document topographical features of deep oceanic valleys. According to the official spokesperson, negotiators remain optimistic about outcomes.",0
112,"Breaking: Major city's water supply poisoned, authorities hiding truth. Multiple eyewitnesses reported a metallic circular craft descending from the clouds, hovering over the lawn for three minutes before accelerating into orbit. NASA refuses to answer press queries, leading to speculation. Extra report details suggest that a secret organization is involved.",1
113,"National space agency launches new weather satellite into geostationary orbit. Researchers at the National Institute of Health published findings in the Journal of Medicine indicating adults who engage in moderate cardiovascular activity three times a week show higher neuron densities. According to the official spokesperson, the project is funded publicly.",0
114,"Local health department reports decline in seasonal influenza cases. Epidemiological data released in the weekly surveillance report shows a fifteen percent drop in hospital admissions related to respiratory viruses, which health officials attribute to higher vaccination uptake. According to the official spokesperson, further evaluations are scheduled.",0
115,"State university receives major research grant for renewable energy projects. An oceanographic research vessel initiated a two-month mapping mission in the Pacific, utilizing multi-beam sonar arrays to document topographical features of deep oceanic valleys. According to the official spokesperson, the project is funded publicly.",0
116,SHOCKING SECRET: The government cure for cancer they hid from you! An anonymous memo circulating within security agencies suggests a simulated crisis will be used to enforce emergency laws. Citizens are urged to store food and withdraw all physical cash immediately. Extra report details suggest that a secret organization is involved.,1
117,CONSPIRACY: Landmark study proves the moon landing was filmed in Hollywood. A secret whistleblower has leaked documents showing a massive cover-up by pharmaceutical giants who have possessed a full cure for cancer since 1995. Shares of major healthcare corporations are skyrocketing as politicians silent on public trials. Extra report details suggest that insiders are highly worried.,1
118,"Global trade markets stabilize following bilateral trade agreement. The metropolitan transit authority confirmed a long-term capital budget approval to construct three new light-rail stations, aiming to connect suburban sectors to the commercial district by next autumn. According to the official spokesperson, further evaluations are scheduled.",0
119,Doctors stunned by this simple $5 trick to reverse aging overnight! A secret whistleblower has leaked documents showing a massive cover-up by pharmaceutical giants who have possessed a full cure for cancer since 1995. Shares of major healthcare corporations are skyrocketing as politicians silent on public trials. Extra report details suggest that a secret organization is involved.,1
120,"Breaking: Major city's water supply poisoned, authorities hiding truth. A secret whistleblower has leaked documents showing a massive cover-up by pharmaceutical giants who have possessed a full cure for cancer since 1995. Shares of major healthcare corporations are skyrocketing as politicians silent on public trials. Extra report details suggest that a secret organization is involved.",1
121,"City council approves $50 million investment for public transit extension. Epidemiological data released in the weekly surveillance report shows a fifteen percent drop in hospital admissions related to respiratory viruses, which health officials attribute to higher vaccination uptake. According to the official spokesperson, negotiators remain optimistic about outcomes.",0
122,"New clinical study links regular exercise to improved cognitive health. The chief executive officer announced in a memorandum to staff that the corporation will consolidate redundant administrative roles to invest heavily in cloud infrastructure research divisions. According to the official spokesperson, negotiators remain optimistic about outcomes.",0
123,"Global trade markets stabilize following bilateral trade agreement. Researchers at the National Institute of Health published findings in the Journal of Medicine indicating adults who engage in moderate cardiovascular activity three times a week show higher neuron densities. According to the official spokesperson, the policy will take effect next quarter.",0
124,"URGENT: Global elite planning immediate lockdown next Tuesday! Multiple eyewitnesses reported a metallic circular craft descending from the clouds, hovering over the lawn for three minutes before accelerating into orbit. NASA refuses to answer press queries, leading to speculation. Extra report details suggest that the media is actively censoring this.",1
125,"Global trade markets stabilize following bilateral trade agreement. Following three days of debate, lawmakers finalized a comprehensive regulation bill setting stricter carbon emission targets for heavy industry and allocating funds for regional reforestation initiatives. According to the official spokesperson, negotiators remain optimistic about outcomes.",0
126,CONSPIRACY: Landmark study proves the moon landing was filmed in Hollywood. An anonymous memo circulating within security agencies suggests a simulated crisis will be used to enforce emergency laws. Citizens are urged to store food and withdraw all physical cash immediately. Extra report details suggest that insiders are highly worried.,1
127,Doctors stunned by this simple $5 trick to reverse aging overnight! CCTV footage obtained by our network captures a high-ranking official stuffed envelope with cash from a shell corporation representative in exchange for state construction approvals. Extra report details suggest that a secret organization is involved.,1
128,"Local health department reports decline in seasonal influenza cases. The Department of Energy approved a federal grant for engineering departments to prototype high-efficiency photovoltaic cells capable of generating power during low-solar winter conditions. According to the official spokesperson, further evaluations are scheduled.",0
129,"Local health department reports decline in seasonal influenza cases. An oceanographic research vessel initiated a two-month mapping mission in the Pacific, utilizing multi-beam sonar arrays to document topographical features of deep oceanic valleys. According to the official spokesperson, the policy will take effect next quarter.",0
130,"Miracle weight loss pill doctors don't want you to know about! Local water distribution facilities detected high levels of dangerous chemicals, yet central administrations ordered operations to proceed normally to prevent mass panic before election seasons. Extra report details suggest that this could change everything.",1
131,"Scientists deploy deep-sea submersibles to map unexplored trenches. Following three days of debate, lawmakers finalized a comprehensive regulation bill setting stricter carbon emission targets for heavy industry and allocating funds for regional reforestation initiatives. According to the official spokesperson, the project is funded publicly.",0
132,You won't believe what this Hollywood actor did last night! This revolutionary organic capsule burns fat in your sleep without dieting. Clinical trials show individuals losing forty pounds in a week. Big Pharma is attempting to ban sales to protect insulin profit margins. Extra report details suggest that the media is actively censoring this.,1
133,"Breaking: Major city's water supply poisoned, authorities hiding truth. This revolutionary organic capsule burns fat in your sleep without dieting. Clinical trials show individuals losing forty pounds in a week. Big Pharma is attempting to ban sales to protect insulin profit margins. Extra report details suggest that insiders are highly worried.",1
134,"Global trade markets stabilize following bilateral trade agreement. Researchers at the National Institute of Health published findings in the Journal of Medicine indicating adults who engage in moderate cardiovascular activity three times a week show higher neuron densities. According to the official spokesperson, the policy will take effect next quarter.",0
135,"City council approves $50 million investment for public transit extension. An oceanographic research vessel initiated a two-month mapping mission in the Pacific, utilizing multi-beam sonar arrays to document topographical features of deep oceanic valleys. According to the official spokesperson, negotiators remain optimistic about outcomes.",0
136,"State university receives major research grant for renewable energy projects. The metropolitan transit authority confirmed a long-term capital budget approval to construct three new light-rail stations, aiming to connect suburban sectors to the commercial district by next autumn. According to the official spokesperson, further evaluations are scheduled.",0
137,You won't believe what this Hollywood actor did last night! Classified files released by a hacker group contain stage design prints and audio recordings proving the entire space race was simulated inside a high-security warehouse in Nevada to bankrupt foreign rivals. Extra report details suggest that this could change everything.,1
138,Miracle weight loss pill doctors don't want you to know about! A secret whistleblower has leaked documents showing a massive cover-up by pharmaceutical giants who have possessed a full cure for cancer since 1995. Shares of major healthcare corporations are skyrocketing as politicians silent on public trials. Extra report details suggest that insiders are highly worried.,1
139,"City council approves $50 million investment for public transit extension. Epidemiological data released in the weekly surveillance report shows a fifteen percent drop in hospital admissions related to respiratory viruses, which health officials attribute to higher vaccination uptake. According to the official spokesperson, further evaluations are scheduled.",0
140,"Local health department reports decline in seasonal influenza cases. Researchers at the National Institute of Health published findings in the Journal of Medicine indicating adults who engage in moderate cardiovascular activity three times a week show higher neuron densities. According to the official spokesperson, the project is funded publicly.",0
141,"National space agency launches new weather satellite into geostationary orbit. Following three days of debate, lawmakers finalized a comprehensive regulation bill setting stricter carbon emission targets for heavy industry and allocating funds for regional reforestation initiatives. According to the official spokesperson, further evaluations are scheduled.",0
142,"Breaking: Major city's water supply poisoned, authorities hiding truth. An anonymous memo circulating within security agencies suggests a simulated crisis will be used to enforce emergency laws. Citizens are urged to store food and withdraw all physical cash immediately. Extra report details suggest that insiders are highly worried.",1
143,"New clinical study links regular exercise to improved cognitive health. The chief executive officer announced in a memorandum to staff that the corporation will consolidate redundant administrative roles to invest heavily in cloud infrastructure research divisions. According to the official spokesperson, negotiators remain optimistic about outcomes.",0
144,"Scientists deploy deep-sea submersibles to map unexplored trenches. The metropolitan transit authority confirmed a long-term capital budget approval to construct three new light-rail stations, aiming to connect suburban sectors to the commercial district by next autumn. According to the official spokesperson, the policy will take effect next quarter.",0
145,"Doctors stunned by this simple $5 trick to reverse aging overnight! Multiple eyewitnesses reported a metallic circular craft descending from the clouds, hovering over the lawn for three minutes before accelerating into orbit. NASA refuses to answer press queries, leading to speculation. Extra report details suggest that this could change everything.",1
146,"National space agency launches new weather satellite into geostationary orbit. Epidemiological data released in the weekly surveillance report shows a fifteen percent drop in hospital admissions related to respiratory viruses, which health officials attribute to higher vaccination uptake. According to the official spokesperson, the project is funded publicly.",0
147,"Global trade markets stabilize following bilateral trade agreement. The metropolitan transit authority confirmed a long-term capital budget approval to construct three new light-rail stations, aiming to connect suburban sectors to the commercial district by next autumn. According to the official spokesperson, the project is funded publicly.",0
148,URGENT: Global elite planning immediate lockdown next Tuesday! A localized plant extract when consumed with warm water acts as a cognitive booster and reverses cellular decay. Major food companies are buying farmland to monopolize the product. Extra report details suggest that this could change everything.,1
149,SHOCKING SECRET: The government cure for cancer they hid from you! A secret whistleblower has leaked documents showing a massive cover-up by pharmaceutical giants who have possessed a full cure for cancer since 1995. Shares of major healthcare corporations are skyrocketing as politicians silent on public trials. Extra report details suggest that insiders are highly worried.,1
150,"Federal Reserve announces interest rate hike to combat inflation. Epidemiological data released in the weekly surveillance report shows a fifteen percent drop in hospital admissions related to respiratory viruses, which health officials attribute to higher vaccination uptake. According to the official spokesperson, negotiators remain optimistic about outcomes.",0
151,Shocking video shows politician taking massive bribes in public. An anonymous memo circulating within security agencies suggests a simulated crisis will be used to enforce emergency laws. Citizens are urged to store food and withdraw all physical cash immediately. Extra report details suggest that a secret organization is involved.,1
152,"City council approves $50 million investment for public transit extension. Stock indexes rose slightly in European and Asian markets after negotiators signed a bilateral agricultural tariff agreement, resolving a three-month import dispute between the trading partners. According to the official spokesperson, the project is funded publicly.",0
153,"You won't believe what this Hollywood actor did last night! Local water distribution facilities detected high levels of dangerous chemicals, yet central administrations ordered operations to proceed normally to prevent mass panic before election seasons. Extra report details suggest that insiders are highly worried.",1
154,"Scientists deploy deep-sea submersibles to map unexplored trenches. The Federal Reserve Board of Governors voted on Wednesday to raise the benchmark interest rate by a quarter point, citing persistent inflation pressures in core services and labor market tightness. According to the official spokesperson, further evaluations are scheduled.",0
155,CONSPIRACY: Landmark study proves the moon landing was filmed in Hollywood. This revolutionary organic capsule burns fat in your sleep without dieting. Clinical trials show individuals losing forty pounds in a week. Big Pharma is attempting to ban sales to protect insulin profit margins. Extra report details suggest that the media is actively censoring this.,1
156,URGENT: Global elite planning immediate lockdown next Tuesday! This revolutionary organic capsule burns fat in your sleep without dieting. Clinical trials show individuals losing forty pounds in a week. Big Pharma is attempting to ban sales to protect insulin profit margins. Extra report details suggest that the media is actively censoring this.,1
157,Shocking video shows politician taking massive bribes in public. Insiders caught this scandalous video on camera showing a prominent celebrity in a heated exchange that the media is trying to delete. Click here to watch before it gets taken down forever! Extra report details suggest that this could change everything.,1
158,"National space agency launches new weather satellite into geostationary orbit. Stock indexes rose slightly in European and Asian markets after negotiators signed a bilateral agricultural tariff agreement, resolving a three-month import dispute between the trading partners. According to the official spokesperson, the project is funded publicly.",0
159,Miracle weight loss pill doctors don't want you to know about! A localized plant extract when consumed with warm water acts as a cognitive booster and reverses cellular decay. Major food companies are buying farmland to monopolize the product. Extra report details suggest that this could change everything.,1
160,"City council approves $50 million investment for public transit extension. Epidemiological data released in the weekly surveillance report shows a fifteen percent drop in hospital admissions related to respiratory viruses, which health officials attribute to higher vaccination uptake. According to the official spokesperson, the policy will take effect next quarter.",0
161,"Parliament passes landmark environmental protection bill. Researchers at the National Institute of Health published findings in the Journal of Medicine indicating adults who engage in moderate cardiovascular activity three times a week show higher neuron densities. According to the official spokesperson, negotiators remain optimistic about outcomes.",0
162,"New clinical study links regular exercise to improved cognitive health. The Federal Reserve Board of Governors voted on Wednesday to raise the benchmark interest rate by a quarter point, citing persistent inflation pressures in core services and labor market tightness. According to the official spokesperson, the project is funded publicly.",0
163,BREAKING: Alien spaceship spotted landing behind the White House! Insiders caught this scandalous video on camera showing a prominent celebrity in a heated exchange that the media is trying to delete. Click here to watch before it gets taken down forever! Extra report details suggest that this could change everything.,1
164,"Breaking: Major city's water supply poisoned, authorities hiding truth. A localized plant extract when consumed with warm water acts as a cognitive booster and reverses cellular decay. Major food companies are buying farmland to monopolize the product. Extra report details suggest that insiders are highly worried.",1
165,"Local health department reports decline in seasonal influenza cases. Stock indexes rose slightly in European and Asian markets after negotiators signed a bilateral agricultural tariff agreement, resolving a three-month import dispute between the trading partners. According to the official spokesperson, further evaluations are scheduled.",0
166,SHOCKING SECRET: The government cure for cancer they hid from you! CCTV footage obtained by our network captures a high-ranking official stuffed envelope with cash from a shell corporation representative in exchange for state construction approvals. Extra report details suggest that this could change everything.,1
167,"State university receives major research grant for renewable energy projects. Following three days of debate, lawmakers finalized a comprehensive regulation bill setting stricter carbon emission targets for heavy industry and allocating funds for regional reforestation initiatives. According to the official spokesperson, the policy will take effect next quarter.",0
168,"Parliament passes landmark environmental protection bill. A heavy-lift rocket successfully placed the advanced meteorological spacecraft into orbit on Sunday, providing forecasters with real-time infrared scans of severe storm formations over the coast. According to the official spokesperson, the policy will take effect next quarter.",0
169,Doctors stunned by this simple $5 trick to reverse aging overnight! A secret whistleblower has leaked documents showing a massive cover-up by pharmaceutical giants who have possessed a full cure for cancer since 1995. Shares of major healthcare corporations are skyrocketing as politicians silent on public trials. Extra report details suggest that a secret organization is involved.,1
170,"Tech conglomerate announces restructuring plan, affecting 5% of workforce. A heavy-lift rocket successfully placed the advanced meteorological spacecraft into orbit on Sunday, providing forecasters with real-time infrared scans of severe storm formations over the coast. According to the official spokesperson, the project is funded publicly.",0
171,"State university receives major research grant for renewable energy projects. The chief executive officer announced in a memorandum to staff that the corporation will consolidate redundant administrative roles to invest heavily in cloud infrastructure research divisions. According to the official spokesperson, further evaluations are scheduled.",0
172,Doctors stunned by this simple $5 trick to reverse aging overnight! Leaked records from an offshore bank details transactions linking world leaders to a singular control board that meets annually in Switzerland to dictate inflation rates and trade wars. Extra report details suggest that the media is actively censoring this.,1
173,"Breaking: Major city's water supply poisoned, authorities hiding truth. CCTV footage obtained by our network captures a high-ranking official stuffed envelope with cash from a shell corporation representative in exchange for state construction approvals. Extra report details suggest that the media is actively censoring this.",1
174,Doctors stunned by this simple $5 trick to reverse aging overnight! This revolutionary organic capsule burns fat in your sleep without dieting. Clinical trials show individuals losing forty pounds in a week. Big Pharma is attempting to ban sales to protect insulin profit margins. Extra report details suggest that the media is actively censoring this.,1
175,You won't believe what this Hollywood actor did last night! This revolutionary organic capsule burns fat in your sleep without dieting. Clinical trials show individuals losing forty pounds in a week. Big Pharma is attempting to ban sales to protect insulin profit margins. Extra report details suggest that insiders are highly worried.,1
176,"Breaking: Major city's water supply poisoned, authorities hiding truth. CCTV footage obtained by our network captures a high-ranking official stuffed envelope with cash from a shell corporation representative in exchange for state construction approvals. Extra report details suggest that a secret organization is involved.",1
177,"Global trade markets stabilize following bilateral trade agreement. Following three days of debate, lawmakers finalized a comprehensive regulation bill setting stricter carbon emission targets for heavy industry and allocating funds for regional reforestation initiatives. According to the official spokesperson, the policy will take effect next quarter.",0
178,"Breaking: Major city's water supply poisoned, authorities hiding truth. A localized plant extract when consumed with warm water acts as a cognitive booster and reverses cellular decay. Major food companies are buying farmland to monopolize the product. Extra report details suggest that this could change everything.",1
179,"Scientists deploy deep-sea submersibles to map unexplored trenches. The Federal Reserve Board of Governors voted on Wednesday to raise the benchmark interest rate by a quarter point, citing persistent inflation pressures in core services and labor market tightness. According to the official spokesperson, the policy will take effect next quarter.",0
180,"Scientists deploy deep-sea submersibles to map unexplored trenches. Stock indexes rose slightly in European and Asian markets after negotiators signed a bilateral agricultural tariff agreement, resolving a three-month import dispute between the trading partners. According to the official spokesperson, the project is funded publicly.",0
181,"Global trade markets stabilize following bilateral trade agreement. An oceanographic research vessel initiated a two-month mapping mission in the Pacific, utilizing multi-beam sonar arrays to document topographical features of deep oceanic valleys. According to the official spokesperson, the project is funded publicly.",0
182,"Shocking video shows politician taking massive bribes in public. Local water distribution facilities detected high levels of dangerous chemicals, yet central administrations ordered operations to proceed normally to prevent mass panic before election seasons. Extra report details suggest that a secret organization is involved.",1
183,"New clinical study links regular exercise to improved cognitive health. The Federal Reserve Board of Governors voted on Wednesday to raise the benchmark interest rate by a quarter point, citing persistent inflation pressures in core services and labor market tightness. According to the official spokesperson, the project is funded publicly.",0
184,"Breaking: Major city's water supply poisoned, authorities hiding truth. Leaked records from an offshore bank details transactions linking world leaders to a singular control board that meets annually in Switzerland to dictate inflation rates and trade wars. Extra report details suggest that insiders are highly worried.",1
185,"Tech conglomerate announces restructuring plan, affecting 5% of workforce. The metropolitan transit authority confirmed a long-term capital budget approval to construct three new light-rail stations, aiming to connect suburban sectors to the commercial district by next autumn. According to the official spokesperson, the project is funded publicly.",0
186,"You won't believe what this Hollywood actor did last night! Local water distribution facilities detected high levels of dangerous chemicals, yet central administrations ordered operations to proceed normally to prevent mass panic before election seasons. Extra report details suggest that the media is actively censoring this.",1
187,"Global trade markets stabilize following bilateral trade agreement. The chief executive officer announced in a memorandum to staff that the corporation will consolidate redundant administrative roles to invest heavily in cloud infrastructure research divisions. According to the official spokesperson, further evaluations are scheduled.",0
188,"Breaking: Major city's water supply poisoned, authorities hiding truth. Leaked records from an offshore bank details transactions linking world leaders to a singular control board that meets annually in Switzerland to dictate inflation rates and trade wars. Extra report details suggest that a secret organization is involved.",1
189,"BREAKING: Alien spaceship spotted landing behind the White House! Local water distribution facilities detected high levels of dangerous chemicals, yet central administrations ordered operations to proceed normally to prevent mass panic before election seasons. Extra report details suggest that insiders are highly worried.",1
190,"New clinical study links regular exercise to improved cognitive health. An oceanographic research vessel initiated a two-month mapping mission in the Pacific, utilizing multi-beam sonar arrays to document topographical features of deep oceanic valleys. According to the official spokesperson, negotiators remain optimistic about outcomes.",0
191,"Local health department reports decline in seasonal influenza cases. The Federal Reserve Board of Governors voted on Wednesday to raise the benchmark interest rate by a quarter point, citing persistent inflation pressures in core services and labor market tightness. According to the official spokesperson, the project is funded publicly.",0
192,"Breaking: Major city's water supply poisoned, authorities hiding truth. Multiple eyewitnesses reported a metallic circular craft descending from the clouds, hovering over the lawn for three minutes before accelerating into orbit. NASA refuses to answer press queries, leading to speculation. Extra report details suggest that this could change everything.",1
193,"Tech conglomerate announces restructuring plan, affecting 5% of workforce. A heavy-lift rocket successfully placed the advanced meteorological spacecraft into orbit on Sunday, providing forecasters with real-time infrared scans of severe storm formations over the coast. According to the official spokesperson, the policy will take effect next quarter.",0
194,"Miracle weight loss pill doctors don't want you to know about! Multiple eyewitnesses reported a metallic circular craft descending from the clouds, hovering over the lawn for three minutes before accelerating into orbit. NASA refuses to answer press queries, leading to speculation. Extra report details suggest that insiders are highly worried.",1
195,CONSPIRACY: Landmark study proves the moon landing was filmed in Hollywood. Classified files released by a hacker group contain stage design prints and audio recordings proving the entire space race was simulated inside a high-security warehouse in Nevada to bankrupt foreign rivals. Extra report details suggest that the media is actively censoring this.,1
196,"Doctors stunned by this simple $5 trick to reverse aging overnight! Multiple eyewitnesses reported a metallic circular craft descending from the clouds, hovering over the lawn for three minutes before accelerating into orbit. NASA refuses to answer press queries, leading to speculation. Extra report details suggest that the media is actively censoring this.",1
197,"Scientists deploy deep-sea submersibles to map unexplored trenches. Following three days of debate, lawmakers finalized a comprehensive regulation bill setting stricter carbon emission targets for heavy industry and allocating funds for regional reforestation initiatives. According to the official spokesperson, the policy will take effect next quarter.",0
198,"Local health department reports decline in seasonal influenza cases. Epidemiological data released in the weekly surveillance report shows a fifteen percent drop in hospital admissions related to respiratory viruses, which health officials attribute to higher vaccination uptake. According to the official spokesperson, the policy will take effect next quarter.",0
199,"SHOCKING SECRET: The government cure for cancer they hid from you! Local water distribution facilities detected high levels of dangerous chemicals, yet central administrations ordered operations to proceed normally to prevent mass panic before election seasons. Extra report details suggest that a secret organization is involved.",1
200,"City council approves $50 million investment for public transit extension. The Federal Reserve Board of Governors voted on Wednesday to raise the benchmark interest rate by a quarter point, citing persistent inflation pressures in core services and labor market tightness. According to the official spokesperson, further evaluations are scheduled.",0
201,"State university receives major research grant for renewable energy projects. The metropolitan transit authority confirmed a long-term capital budget approval to construct three new light-rail stations, aiming to connect suburban sectors to the commercial district by next autumn. According to the official spokesperson, the project is funded publicly.",0
202,"City council approves $50 million investment for public transit extension. Following three days of debate, lawmakers finalized a comprehensive regulation bill setting stricter carbon emission targets for heavy industry and allocating funds for regional reforestation initiatives. According to the official spokesperson, negotiators remain optimistic about outcomes.",0
203,"Local health department reports decline in seasonal influenza cases. A heavy-lift rocket successfully placed the advanced meteorological spacecraft into orbit on Sunday, providing forecasters with real-time infrared scans of severe storm formations over the coast. According to the official spokesperson, further evaluations are scheduled.",0
204,"Global trade markets stabilize following bilateral trade agreement. Researchers at the National Institute of Health published findings in the Journal of Medicine indicating adults who engage in moderate cardiovascular activity three times a week show higher neuron densities. According to the official spokesperson, further evaluations are scheduled.",0
205,"SHOCKING SECRET: The government cure for cancer they hid from you! Multiple eyewitnesses reported a metallic circular craft descending from the clouds, hovering over the lawn for three minutes before accelerating into orbit. NASA refuses to answer press queries, leading to speculation. Extra report details suggest that a secret organization is involved.",1
206,"Tech conglomerate announces restructuring plan, affecting 5% of workforce. The metropolitan transit authority confirmed a long-term capital budget approval to construct three new light-rail stations, aiming to connect suburban sectors to the commercial district by next autumn. According to the official spokesperson, further evaluations are scheduled.",0
207,"State university receives major research grant for renewable energy projects. The Federal Reserve Board of Governors voted on Wednesday to raise the benchmark interest rate by a quarter point, citing persistent inflation pressures in core services and labor market tightness. According to the official spokesperson, the policy will take effect next quarter.",0
208,"Tech conglomerate announces restructuring plan, affecting 5% of workforce. A heavy-lift rocket successfully placed the advanced meteorological spacecraft into orbit on Sunday, providing forecasters with real-time infrared scans of severe storm formations over the coast. According to the official spokesperson, negotiators remain optimistic about outcomes.",0
209,"Federal Reserve announces interest rate hike to combat inflation. Epidemiological data released in the weekly surveillance report shows a fifteen percent drop in hospital admissions related to respiratory viruses, which health officials attribute to higher vaccination uptake. According to the official spokesperson, the project is funded publicly.",0
210,"City council approves $50 million investment for public transit extension. The Department of Energy approved a federal grant for engineering departments to prototype high-efficiency photovoltaic cells capable of generating power during low-solar winter conditions. According to the official spokesperson, further evaluations are scheduled.",0
211,"City council approves $50 million investment for public transit extension. The Federal Reserve Board of Governors voted on Wednesday to raise the benchmark interest rate by a quarter point, citing persistent inflation pressures in core services and labor market tightness. According to the official spokesperson, negotiators remain optimistic about outcomes.",0
212,"Secret society controls world bank, insider source reveals details. Leaked records from an offshore bank details transactions linking world leaders to a singular control board that meets annually in Switzerland to dictate inflation rates and trade wars. Extra report details suggest that the media is actively censoring this.",1
213,"Scientists deploy deep-sea submersibles to map unexplored trenches. An oceanographic research vessel initiated a two-month mapping mission in the Pacific, utilizing multi-beam sonar arrays to document topographical features of deep oceanic valleys. According to the official spokesperson, the project is funded publicly.",0
214,"City council approves $50 million investment for public transit extension. The Federal Reserve Board of Governors voted on Wednesday to raise the benchmark interest rate by a quarter point, citing persistent inflation pressures in core services and labor market tightness. According to the official spokesperson, negotiators remain optimistic about outcomes.",0
215,CONSPIRACY: Landmark study proves the moon landing was filmed in Hollywood. A localized plant extract when consumed with warm water acts as a cognitive booster and reverses cellular decay. Major food companies are buying farmland to monopolize the product. Extra report details suggest that a secret organization is involved.,1
216,"Scientists deploy deep-sea submersibles to map unexplored trenches. Researchers at the National Institute of Health published findings in the Journal of Medicine indicating adults who engage in moderate cardiovascular activity three times a week show higher neuron densities. According to the official spokesperson, the project is funded publicly.",0
217,Doctors stunned by this simple $5 trick to reverse aging overnight! An anonymous memo circulating within security agencies suggests a simulated crisis will be used to enforce emergency laws. Citizens are urged to store food and withdraw all physical cash immediately. Extra report details suggest that the media is actively censoring this.,1
218,"State university receives major research grant for renewable energy projects. An oceanographic research vessel initiated a two-month mapping mission in the Pacific, utilizing multi-beam sonar arrays to document topographical features of deep oceanic valleys. According to the official spokesperson, negotiators remain optimistic about outcomes.",0
219,"Secret society controls world bank, insider source reveals details. Local water distribution facilities detected high levels of dangerous chemicals, yet central administrations ordered operations to proceed normally to prevent mass panic before election seasons. Extra report details suggest that insiders are highly worried.",1
220,"National space agency launches new weather satellite into geostationary orbit. Stock indexes rose slightly in European and Asian markets after negotiators signed a bilateral agricultural tariff agreement, resolving a three-month import dispute between the trading partners. According to the official spokesperson, the policy will take effect next quarter.",0
221,"City council approves $50 million investment for public transit extension. Epidemiological data released in the weekly surveillance report shows a fifteen percent drop in hospital admissions related to respiratory viruses, which health officials attribute to higher vaccination uptake. According to the official spokesperson, negotiators remain optimistic about outcomes.",0
222,"City council approves $50 million investment for public transit extension. An oceanographic research vessel initiated a two-month mapping mission in the Pacific, utilizing multi-beam sonar arrays to document topographical features of deep oceanic valleys. According to the official spokesperson, the policy will take effect next quarter.",0
223,"Tech conglomerate announces restructuring plan, affecting 5% of workforce. The chief executive officer announced in a memorandum to staff that the corporation will consolidate redundant administrative roles to invest heavily in cloud infrastructure research divisions. According to the official spokesperson, further evaluations are scheduled.",0
224,"SHOCKING SECRET: The government cure for cancer they hid from you! Multiple eyewitnesses reported a metallic circular craft descending from the clouds, hovering over the lawn for three minutes before accelerating into orbit. NASA refuses to answer press queries, leading to speculation. Extra report details suggest that a secret organization is involved.",1
225,Shocking video shows politician taking massive bribes in public. This revolutionary organic capsule burns fat in your sleep without dieting. Clinical trials show individuals losing forty pounds in a week. Big Pharma is attempting to ban sales to protect insulin profit margins. Extra report details suggest that this could change everything.,1
226,"Tech conglomerate announces restructuring plan, affecting 5% of workforce. Epidemiological data released in the weekly surveillance report shows a fifteen percent drop in hospital admissions related to respiratory viruses, which health officials attribute to higher vaccination uptake. According to the official spokesperson, further evaluations are scheduled.",0
227,SHOCKING SECRET: The government cure for cancer they hid from you! CCTV footage obtained by our network captures a high-ranking official stuffed envelope with cash from a shell corporation representative in exchange for state construction approvals. Extra report details suggest that this could change everything.,1
228,"Breaking: Major city's water supply poisoned, authorities hiding truth. CCTV footage obtained by our network captures a high-ranking official stuffed envelope with cash from a shell corporation representative in exchange for state construction approvals. Extra report details suggest that insiders are highly worried.",1
229,"State university receives major research grant for renewable energy projects. Following three days of debate, lawmakers finalized a comprehensive regulation bill setting stricter carbon emission targets for heavy industry and allocating funds for regional reforestation initiatives. According to the official spokesperson, the project is funded publicly.",0
230,URGENT: Global elite planning immediate lockdown next Tuesday! Insiders caught this scandalous video on camera showing a prominent celebrity in a heated exchange that the media is trying to delete. Click here to watch before it gets taken down forever! Extra report details suggest that this could change everything.,1
231,"Breaking: Major city's water supply poisoned, authorities hiding truth. Leaked records from an offshore bank details transactions linking world leaders to a singular control board that meets annually in Switzerland to dictate inflation rates and trade wars. Extra report details suggest that a secret organization is involved.",1
232,"National space agency launches new weather satellite into geostationary orbit. The metropolitan transit authority confirmed a long-term capital budget approval to construct three new light-rail stations, aiming to connect suburban sectors to the commercial district by next autumn. According to the official spokesperson, further evaluations are scheduled.",0
233,"Global trade markets stabilize following bilateral trade agreement. Following three days of debate, lawmakers finalized a comprehensive regulation bill setting stricter carbon emission targets for heavy industry and allocating funds for regional reforestation initiatives. According to the official spokesperson, the project is funded publicly.",0
234,"Global trade markets stabilize following bilateral trade agreement. Epidemiological data released in the weekly surveillance report shows a fifteen percent drop in hospital admissions related to respiratory viruses, which health officials attribute to higher vaccination uptake. According to the official spokesperson, the policy will take effect next quarter.",0
235,"Breaking: Major city's water supply poisoned, authorities hiding truth. A localized plant extract when consumed with warm water acts as a cognitive booster and reverses cellular decay. Major food companies are buying farmland to monopolize the product. Extra report details suggest that insiders are highly worried.",1
236,"Tech conglomerate announces restructuring plan, affecting 5% of workforce. Epidemiological data released in the weekly surveillance report shows a fifteen percent drop in hospital admissions related to respiratory viruses, which health officials attribute to higher vaccination uptake. According to the official spokesperson, the project is funded publicly.",0
237,Shocking video shows politician taking massive bribes in public. A localized plant extract when consumed with warm water acts as a cognitive booster and reverses cellular decay. Major food companies are buying farmland to monopolize the product. Extra report details suggest that a secret organization is involved.,1
238,"City council approves $50 million investment for public transit extension. The chief executive officer announced in a memorandum to staff that the corporation will consolidate redundant administrative roles to invest heavily in cloud infrastructure research divisions. According to the official spokesperson, negotiators remain optimistic about outcomes.",0
239,"State university receives major research grant for renewable energy projects. A heavy-lift rocket successfully placed the advanced meteorological spacecraft into orbit on Sunday, providing forecasters with real-time infrared scans of severe storm formations over the coast. According to the official spokesperson, negotiators remain optimistic about outcomes.",0
240,URGENT: Global elite planning immediate lockdown next Tuesday! Classified files released by a hacker group contain stage design prints and audio recordings proving the entire space race was simulated inside a high-security warehouse in Nevada to bankrupt foreign rivals. Extra report details suggest that insiders are highly worried.,1
241,SHOCKING SECRET: The government cure for cancer they hid from you! CCTV footage obtained by our network captures a high-ranking official stuffed envelope with cash from a shell corporation representative in exchange for state construction approvals. Extra report details suggest that the media is actively censoring this.,1
242,URGENT: Global elite planning immediate lockdown next Tuesday! CCTV footage obtained by our network captures a high-ranking official stuffed envelope with cash from a shell corporation representative in exchange for state construction approvals. Extra report details suggest that a secret organization is involved.,1
243,"National space agency launches new weather satellite into geostationary orbit. The chief executive officer announced in a memorandum to staff that the corporation will consolidate redundant administrative roles to invest heavily in cloud infrastructure research divisions. According to the official spokesperson, negotiators remain optimistic about outcomes.",0
244,URGENT: Global elite planning immediate lockdown next Tuesday! Classified files released by a hacker group contain stage design prints and audio recordings proving the entire space race was simulated inside a high-security warehouse in Nevada to bankrupt foreign rivals. Extra report details suggest that a secret organization is involved.,1
245,You won't believe what this Hollywood actor did last night! CCTV footage obtained by our network captures a high-ranking official stuffed envelope with cash from a shell corporation representative in exchange for state construction approvals. Extra report details suggest that this could change everything.,1
246,"City council approves $50 million investment for public transit extension. Following three days of debate, lawmakers finalized a comprehensive regulation bill setting stricter carbon emission targets for heavy industry and allocating funds for regional reforestation initiatives. According to the official spokesperson, further evaluations are scheduled.",0
247,"Tech conglomerate announces restructuring plan, affecting 5% of workforce. The metropolitan transit authority confirmed a long-term capital budget approval to construct three new light-rail stations, aiming to connect suburban sectors to the commercial district by next autumn. According to the official spokesperson, the project is funded publicly.",0
248,Shocking video shows politician taking massive bribes in public. An anonymous memo circulating within security agencies suggests a simulated crisis will be used to enforce emergency laws. Citizens are urged to store food and withdraw all physical cash immediately. Extra report details suggest that this could change everything.,1
249,URGENT: Global elite planning immediate lockdown next Tuesday! This revolutionary organic capsule burns fat in your sleep without dieting. Clinical trials show individuals losing forty pounds in a week. Big Pharma is attempting to ban sales to protect insulin profit margins. Extra report details suggest that insiders are highly worried.,1
250,"State university receives major research grant for renewable energy projects. Researchers at the National Institute of Health published findings in the Journal of Medicine indicating adults who engage in moderate cardiovascular activity three times a week show higher neuron densities. According to the official spokesperson, the policy will take effect next quarter.",0
251,"Breaking: Major city's water supply poisoned, authorities hiding truth. Local water distribution facilities detected high levels of dangerous chemicals, yet central administrations ordered operations to proceed normally to prevent mass panic before election seasons. Extra report details suggest that a secret organization is involved.",1
252,CONSPIRACY: Landmark study proves the moon landing was filmed in Hollywood. Leaked records from an offshore bank details transactions linking world leaders to a singular control board that meets annually in Switzerland to dictate inflation rates and trade wars. Extra report details suggest that a secret organization is involved.,1
253,Shocking video shows politician taking massive bribes in public. Classified files released by a hacker group contain stage design prints and audio recordings proving the entire space race was simulated inside a high-security warehouse in Nevada to bankrupt foreign rivals. Extra report details suggest that this could change everything.,1
254,"New clinical study links regular exercise to improved cognitive health. The Federal Reserve Board of Governors voted on Wednesday to raise the benchmark interest rate by a quarter point, citing persistent inflation pressures in core services and labor market tightness. According to the official spokesperson, the project is funded publicly.",0
255,"Local health department reports decline in seasonal influenza cases. Epidemiological data released in the weekly surveillance report shows a fifteen percent drop in hospital admissions related to respiratory viruses, which health officials attribute to higher vaccination uptake. According to the official spokesperson, the project is funded publicly.",0
256,CONSPIRACY: Landmark study proves the moon landing was filmed in Hollywood. An anonymous memo circulating within security agencies suggests a simulated crisis will be used to enforce emergency laws. Citizens are urged to store food and withdraw all physical cash immediately. Extra report details suggest that a secret organization is involved.,1
257,"SHOCKING SECRET: The government cure for cancer they hid from you! Multiple eyewitnesses reported a metallic circular craft descending from the clouds, hovering over the lawn for three minutes before accelerating into orbit. NASA refuses to answer press queries, leading to speculation. Extra report details suggest that a secret organization is involved.",1
258,"Secret society controls world bank, insider source reveals details. Classified files released by a hacker group contain stage design prints and audio recordings proving the entire space race was simulated inside a high-security warehouse in Nevada to bankrupt foreign rivals. Extra report details suggest that a secret organization is involved.",1
259,"Global trade markets stabilize following bilateral trade agreement. The Department of Energy approved a federal grant for engineering departments to prototype high-efficiency photovoltaic cells capable of generating power during low-solar winter conditions. According to the official spokesperson, the policy will take effect next quarter.",0
260,URGENT: Global elite planning immediate lockdown next Tuesday! CCTV footage obtained by our network captures a high-ranking official stuffed envelope with cash from a shell corporation representative in exchange for state construction approvals. Extra report details suggest that a secret organization is involved.,1
261,URGENT: Global elite planning immediate lockdown next Tuesday! A secret whistleblower has leaked documents showing a massive cover-up by pharmaceutical giants who have possessed a full cure for cancer since 1995. Shares of major healthcare corporations are skyrocketing as politicians silent on public trials. Extra report details suggest that the media is actively censoring this.,1
262,"Parliament passes landmark environmental protection bill. Researchers at the National Institute of Health published findings in the Journal of Medicine indicating adults who engage in moderate cardiovascular activity three times a week show higher neuron densities. According to the official spokesperson, the policy will take effect next quarter.",0
263,"Federal Reserve announces interest rate hike to combat inflation. Epidemiological data released in the weekly surveillance report shows a fifteen percent drop in hospital admissions related to respiratory viruses, which health officials attribute to higher vaccination uptake. According to the official spokesperson, negotiators remain optimistic about outcomes.",0
264,"Federal Reserve announces interest rate hike to combat inflation. The Department of Energy approved a federal grant for engineering departments to prototype high-efficiency photovoltaic cells capable of generating power during low-solar winter conditions. According to the official spokesperson, the project is funded publicly.",0
265,"Parliament passes landmark environmental protection bill. The chief executive officer announced in a memorandum to staff that the corporation will consolidate redundant administrative roles to invest heavily in cloud infrastructure research divisions. According to the official spokesperson, the policy will take effect next quarter.",0
266,SHOCKING SECRET: The government cure for cancer they hid from you! A localized plant extract when consumed with warm water acts as a cognitive booster and reverses cellular decay. Major food companies are buying farmland to monopolize the product. Extra report details suggest that a secret organization is involved.,1
267,"Secret society controls world bank, insider source reveals details. A secret whistleblower has leaked documents showing a massive cover-up by pharmaceutical giants who have possessed a full cure for cancer since 1995. Shares of major healthcare corporations are skyrocketing as politicians silent on public trials. Extra report details suggest that insiders are highly worried.",1
268,"National space agency launches new weather satellite into geostationary orbit. The metropolitan transit authority confirmed a long-term capital budget approval to construct three new light-rail stations, aiming to connect suburban sectors to the commercial district by next autumn. According to the official spokesperson, negotiators remain optimistic about outcomes.",0
269,"Secret society controls world bank, insider source reveals details. CCTV footage obtained by our network captures a high-ranking official stuffed envelope with cash from a shell corporation representative in exchange for state construction approvals. Extra report details suggest that the media is actively censoring this.",1
270,Shocking video shows politician taking massive bribes in public. A localized plant extract when consumed with warm water acts as a cognitive booster and reverses cellular decay. Major food companies are buying farmland to monopolize the product. Extra report details suggest that a secret organization is involved.,1
271,"Global trade markets stabilize following bilateral trade agreement. The Federal Reserve Board of Governors voted on Wednesday to raise the benchmark interest rate by a quarter point, citing persistent inflation pressures in core services and labor market tightness. According to the official spokesperson, the project is funded publicly.",0
272,"Local health department reports decline in seasonal influenza cases. The Department of Energy approved a federal grant for engineering departments to prototype high-efficiency photovoltaic cells capable of generating power during low-solar winter conditions. According to the official spokesperson, negotiators remain optimistic about outcomes.",0
273,"Global trade markets stabilize following bilateral trade agreement. The Federal Reserve Board of Governors voted on Wednesday to raise the benchmark interest rate by a quarter point, citing persistent inflation pressures in core services and labor market tightness. According to the official spokesperson, the policy will take effect next quarter.",0
274,You won't believe what this Hollywood actor did last night! A secret whistleblower has leaked documents showing a massive cover-up by pharmaceutical giants who have possessed a full cure for cancer since 1995. Shares of major healthcare corporations are skyrocketing as politicians silent on public trials. Extra report details suggest that insiders are highly worried.,1
275,You won't believe what this Hollywood actor did last night! A secret whistleblower has leaked documents showing a massive cover-up by pharmaceutical giants who have possessed a full cure for cancer since 1995. Shares of major healthcare corporations are skyrocketing as politicians silent on public trials. Extra report details suggest that this could change everything.,1
276,"Breaking: Major city's water supply poisoned, authorities hiding truth. A localized plant extract when consumed with warm water acts as a cognitive booster and reverses cellular decay. Major food companies are buying farmland to monopolize the product. Extra report details suggest that this could change everything.",1
277,Shocking video shows politician taking massive bribes in public. Insiders caught this scandalous video on camera showing a prominent celebrity in a heated exchange that the media is trying to delete. Click here to watch before it gets taken down forever! Extra report details suggest that the media is actively censoring this.,1
278,"Secret society controls world bank, insider source reveals details. Insiders caught this scandalous video on camera showing a prominent celebrity in a heated exchange that the media is trying to delete. Click here to watch before it gets taken down forever! Extra report details suggest that the media is actively censoring this.",1
279,URGENT: Global elite planning immediate lockdown next Tuesday! A secret whistleblower has leaked documents showing a massive cover-up by pharmaceutical giants who have possessed a full cure for cancer since 1995. Shares of major healthcare corporations are skyrocketing as politicians silent on public trials. Extra report details suggest that this could change everything.,1
280,"New clinical study links regular exercise to improved cognitive health. The metropolitan transit authority confirmed a long-term capital budget approval to construct three new light-rail stations, aiming to connect suburban sectors to the commercial district by next autumn. According to the official spokesperson, the project is funded publicly.",0
281,"City council approves $50 million investment for public transit extension. Researchers at the National Institute of Health published findings in the Journal of Medicine indicating adults who engage in moderate cardiovascular activity three times a week show higher neuron densities. According to the official spokesperson, negotiators remain optimistic about outcomes.",0
282,Shocking video shows politician taking massive bribes in public. Classified files released by a hacker group contain stage design prints and audio recordings proving the entire space race was simulated inside a high-security warehouse in Nevada to bankrupt foreign rivals. Extra report details suggest that this could change everything.,1
283,"Tech conglomerate announces restructuring plan, affecting 5% of workforce. Stock indexes rose slightly in European and Asian markets after negotiators signed a bilateral agricultural tariff agreement, resolving a three-month import dispute between the trading partners. According to the official spokesperson, further evaluations are scheduled.",0
284,"Parliament passes landmark environmental protection bill. The chief executive officer announced in a memorandum to staff that the corporation will consolidate redundant administrative roles to invest heavily in cloud infrastructure research divisions. According to the official spokesperson, the project is funded publicly.",0
285,"Local health department reports decline in seasonal influenza cases. A heavy-lift rocket successfully placed the advanced meteorological spacecraft into orbit on Sunday, providing forecasters with real-time infrared scans of severe storm formations over the coast. According to the official spokesperson, further evaluations are scheduled.",0
286,"Global trade markets stabilize following bilateral trade agreement. The chief executive officer announced in a memorandum to staff that the corporation will consolidate redundant administrative roles to invest heavily in cloud infrastructure research divisions. According to the official spokesperson, the policy will take effect next quarter.",0
287,"Scientists deploy deep-sea submersibles to map unexplored trenches. Stock indexes rose slightly in European and Asian markets after negotiators signed a bilateral agricultural tariff agreement, resolving a three-month import dispute between the trading partners. According to the official spokesperson, further evaluations are scheduled.",0
288,"Global trade markets stabilize following bilateral trade agreement. The metropolitan transit authority confirmed a long-term capital budget approval to construct three new light-rail stations, aiming to connect suburban sectors to the commercial district by next autumn. According to the official spokesperson, the project is funded publicly.",0
289,"Local health department reports decline in seasonal influenza cases. An oceanographic research vessel initiated a two-month mapping mission in the Pacific, utilizing multi-beam sonar arrays to document topographical features of deep oceanic valleys. According to the official spokesperson, the project is funded publicly.",0
290,SHOCKING SECRET: The government cure for cancer they hid from you! Insiders caught this scandalous video on camera showing a prominent celebrity in a heated exchange that the media is trying to delete. Click here to watch before it gets taken down forever! Extra report details suggest that the media is actively censoring this.,1
291,"New clinical study links regular exercise to improved cognitive health. Following three days of debate, lawmakers finalized a comprehensive regulation bill setting stricter carbon emission targets for heavy industry and allocating funds for regional reforestation initiatives. According to the official spokesperson, negotiators remain optimistic about outcomes.",0
292,"Secret society controls world bank, insider source reveals details. Leaked records from an offshore bank details transactions linking world leaders to a singular control board that meets annually in Switzerland to dictate inflation rates and trade wars. Extra report details suggest that this could change everything.",1
293,"Tech conglomerate announces restructuring plan, affecting 5% of workforce. The metropolitan transit authority confirmed a long-term capital budget approval to construct three new light-rail stations, aiming to connect suburban sectors to the commercial district by next autumn. According to the official spokesperson, the policy will take effect next quarter.",0
294,You won't believe what this Hollywood actor did last night! Insiders caught this scandalous video on camera showing a prominent celebrity in a heated exchange that the media is trying to delete. Click here to watch before it gets taken down forever! Extra report details suggest that insiders are highly worried.,1
295,"National space agency launches new weather satellite into geostationary orbit. Researchers at the National Institute of Health published findings in the Journal of Medicine indicating adults who engage in moderate cardiovascular activity three times a week show higher neuron densities. According to the official spokesperson, further evaluations are scheduled.",0
296,BREAKING: Alien spaceship spotted landing behind the White House! CCTV footage obtained by our network captures a high-ranking official stuffed envelope with cash from a shell corporation representative in exchange for state construction approvals. Extra report details suggest that insiders are highly worried.,1
297,"State university receives major research grant for renewable energy projects. The metropolitan transit authority confirmed a long-term capital budget approval to construct three new light-rail stations, aiming to connect suburban sectors to the commercial district by next autumn. According to the official spokesperson, further evaluations are scheduled.",0
298,"National space agency launches new weather satellite into geostationary orbit. The Department of Energy approved a federal grant for engineering departments to prototype high-efficiency photovoltaic cells capable of generating power during low-solar winter conditions. According to the official spokesperson, further evaluations are scheduled.",0
299,"Scientists deploy deep-sea submersibles to map unexplored trenches. The Department of Energy approved a federal grant for engineering departments to prototype high-efficiency photovoltaic cells capable of generating power during low-solar winter conditions. According to the official spokesperson, the policy will take effect next quarter.",0
300,"Parliament passes landmark environmental protection bill. Epidemiological data released in the weekly surveillance report shows a fifteen percent drop in hospital admissions related to respiratory viruses, which health officials attribute to higher vaccination uptake. According to the official spokesperson, negotiators remain optimistic about outcomes.",0
301,"Global trade markets stabilize following bilateral trade agreement. Following three days of debate, lawmakers finalized a comprehensive regulation bill setting stricter carbon emission targets for heavy industry and allocating funds for regional reforestation initiatives. According to the official spokesperson, further evaluations are scheduled.",0
302,You won't believe what this Hollywood actor did last night! A localized plant extract when consumed with warm water acts as a cognitive booster and reverses cellular decay. Major food companies are buying farmland to monopolize the product. Extra report details suggest that a secret organization is involved.,1
303,"New clinical study links regular exercise to improved cognitive health. Researchers at the National Institute of Health published findings in the Journal of Medicine indicating adults who engage in moderate cardiovascular activity three times a week show higher neuron densities. According to the official spokesperson, further evaluations are scheduled.",0
304,"Federal Reserve announces interest rate hike to combat inflation. Epidemiological data released in the weekly surveillance report shows a fifteen percent drop in hospital admissions related to respiratory viruses, which health officials attribute to higher vaccination uptake. According to the official spokesperson, the project is funded publicly.",0
305,"Local health department reports decline in seasonal influenza cases. Epidemiological data released in the weekly surveillance report shows a fifteen percent drop in hospital admissions related to respiratory viruses, which health officials attribute to higher vaccination uptake. According to the official spokesperson, the policy will take effect next quarter.",0
306,"National space agency launches new weather satellite into geostationary orbit. An oceanographic research vessel initiated a two-month mapping mission in the Pacific, utilizing multi-beam sonar arrays to document topographical features of deep oceanic valleys. According to the official spokesperson, the project is funded publicly.",0
307,Miracle weight loss pill doctors don't want you to know about! Leaked records from an offshore bank details transactions linking world leaders to a singular control board that meets annually in Switzerland to dictate inflation rates and trade wars. Extra report details suggest that insiders are highly worried.,1
308,BREAKING: Alien spaceship spotted landing behind the White House! A secret whistleblower has leaked documents showing a massive cover-up by pharmaceutical giants who have possessed a full cure for cancer since 1995. Shares of major healthcare corporations are skyrocketing as politicians silent on public trials. Extra report details suggest that a secret organization is involved.,1
309,"Scientists deploy deep-sea submersibles to map unexplored trenches. Researchers at the National Institute of Health published findings in the Journal of Medicine indicating adults who engage in moderate cardiovascular activity three times a week show higher neuron densities. According to the official spokesperson, negotiators remain optimistic about outcomes.",0
310,BREAKING: Alien spaceship spotted landing behind the White House! CCTV footage obtained by our network captures a high-ranking official stuffed envelope with cash from a shell corporation representative in exchange for state construction approvals. Extra report details suggest that this could change everything.,1
311,"Doctors stunned by this simple $5 trick to reverse aging overnight! Multiple eyewitnesses reported a metallic circular craft descending from the clouds, hovering over the lawn for three minutes before accelerating into orbit. NASA refuses to answer press queries, leading to speculation. Extra report details suggest that a secret organization is involved.",1
312,CONSPIRACY: Landmark study proves the moon landing was filmed in Hollywood. Leaked records from an offshore bank details transactions linking world leaders to a singular control board that meets annually in Switzerland to dictate inflation rates and trade wars. Extra report details suggest that a secret organization is involved.,1
313,"Global trade markets stabilize following bilateral trade agreement. Researchers at the National Institute of Health published findings in the Journal of Medicine indicating adults who engage in moderate cardiovascular activity three times a week show higher neuron densities. According to the official spokesperson, negotiators remain optimistic about outcomes.",0
314,"Secret society controls world bank, insider source reveals details. Multiple eyewitnesses reported a metallic circular craft descending from the clouds, hovering over the lawn for three minutes before accelerating into orbit. NASA refuses to answer press queries, leading to speculation. Extra report details suggest that the media is actively censoring this.",1
315,You won't believe what this Hollywood actor did last night! A secret whistleblower has leaked documents showing a massive cover-up by pharmaceutical giants who have possessed a full cure for cancer since 1995. Shares of major healthcare corporations are skyrocketing as politicians silent on public trials. Extra report details suggest that insiders are highly worried.,1
316,"State university receives major research grant for renewable energy projects. The Department of Energy approved a federal grant for engineering departments to prototype high-efficiency photovoltaic cells capable of generating power during low-solar winter conditions. According to the official spokesperson, further evaluations are scheduled.",0
317,"Federal Reserve announces interest rate hike to combat inflation. Researchers at the National Institute of Health published findings in the Journal of Medicine indicating adults who engage in moderate cardiovascular activity three times a week show higher neuron densities. According to the official spokesperson, negotiators remain optimistic about outcomes.",0
318,"City council approves $50 million investment for public transit extension. The Federal Reserve Board of Governors voted on Wednesday to raise the benchmark interest rate by a quarter point, citing persistent inflation pressures in core services and labor market tightness. According to the official spokesperson, the policy will take effect next quarter.",0
319,"Federal Reserve announces interest rate hike to combat inflation. The metropolitan transit authority confirmed a long-term capital budget approval to construct three new light-rail stations, aiming to connect suburban sectors to the commercial district by next autumn. According to the official spokesperson, negotiators remain optimistic about outcomes.",0
320,"Parliament passes landmark environmental protection bill. Stock indexes rose slightly in European and Asian markets after negotiators signed a bilateral agricultural tariff agreement, resolving a three-month import dispute between the trading partners. According to the official spokesperson, negotiators remain optimistic about outcomes.",0
321,"Federal Reserve announces interest rate hike to combat inflation. The Federal Reserve Board of Governors voted on Wednesday to raise the benchmark interest rate by a quarter point, citing persistent inflation pressures in core services and labor market tightness. According to the official spokesperson, negotiators remain optimistic about outcomes.",0
322,"Breaking: Major city's water supply poisoned, authorities hiding truth. Insiders caught this scandalous video on camera showing a prominent celebrity in a heated exchange that the media is trying to delete. Click here to watch before it gets taken down forever! Extra report details suggest that a secret organization is involved.",1
323,CONSPIRACY: Landmark study proves the moon landing was filmed in Hollywood. Insiders caught this scandalous video on camera showing a prominent celebrity in a heated exchange that the media is trying to delete. Click here to watch before it gets taken down forever! Extra report details suggest that this could change everything.,1
324,"City council approves $50 million investment for public transit extension. Following three days of debate, lawmakers finalized a comprehensive regulation bill setting stricter carbon emission targets for heavy industry and allocating funds for regional reforestation initiatives. According to the official spokesperson, further evaluations are scheduled.",0
325,"Secret society controls world bank, insider source reveals details. Local water distribution facilities detected high levels of dangerous chemicals, yet central administrations ordered operations to proceed normally to prevent mass panic before election seasons. Extra report details suggest that a secret organization is involved.",1
326,"National space agency launches new weather satellite into geostationary orbit. The metropolitan transit authority confirmed a long-term capital budget approval to construct three new light-rail stations, aiming to connect suburban sectors to the commercial district by next autumn. According to the official spokesperson, further evaluations are scheduled.",0
327,BREAKING: Alien spaceship spotted landing behind the White House! A secret whistleblower has leaked documents showing a massive cover-up by pharmaceutical giants who have possessed a full cure for cancer since 1995. Shares of major healthcare corporations are skyrocketing as politicians silent on public trials. Extra report details suggest that a secret organization is involved.,1
328,"Parliament passes landmark environmental protection bill. Epidemiological data released in the weekly surveillance report shows a fifteen percent drop in hospital admissions related to respiratory viruses, which health officials attribute to higher vaccination uptake. According to the official spokesperson, negotiators remain optimistic about outcomes.",0
329,SHOCKING SECRET: The government cure for cancer they hid from you! A localized plant extract when consumed with warm water acts as a cognitive booster and reverses cellular decay. Major food companies are buying farmland to monopolize the product. Extra report details suggest that a secret organization is involved.,1
330,URGENT: Global elite planning immediate lockdown next Tuesday! An anonymous memo circulating within security agencies suggests a simulated crisis will be used to enforce emergency laws. Citizens are urged to store food and withdraw all physical cash immediately. Extra report details suggest that this could change everything.,1
331,"Breaking: Major city's water supply poisoned, authorities hiding truth. Multiple eyewitnesses reported a metallic circular craft descending from the clouds, hovering over the lawn for three minutes before accelerating into orbit. NASA refuses to answer press queries, leading to speculation. Extra report details suggest that the media is actively censoring this.",1
332,Shocking video shows politician taking massive bribes in public. An anonymous memo circulating within security agencies suggests a simulated crisis will be used to enforce emergency laws. Citizens are urged to store food and withdraw all physical cash immediately. Extra report details suggest that insiders are highly worried.,1
333,"BREAKING: Alien spaceship spotted landing behind the White House! Local water distribution facilities detected high levels of dangerous chemicals, yet central administrations ordered operations to proceed normally to prevent mass panic before election seasons. Extra report details suggest that a secret organization is involved.",1
334,"New clinical study links regular exercise to improved cognitive health. The chief executive officer announced in a memorandum to staff that the corporation will consolidate redundant administrative roles to invest heavily in cloud infrastructure research divisions. According to the official spokesperson, the project is funded publicly.",0
335,SHOCKING SECRET: The government cure for cancer they hid from you! Classified files released by a hacker group contain stage design prints and audio recordings proving the entire space race was simulated inside a high-security warehouse in Nevada to bankrupt foreign rivals. Extra report details suggest that a secret organization is involved.,1
336,"Global trade markets stabilize following bilateral trade agreement. The metropolitan transit authority confirmed a long-term capital budget approval to construct three new light-rail stations, aiming to connect suburban sectors to the commercial district by next autumn. According to the official spokesperson, negotiators remain optimistic about outcomes.",0
337,BREAKING: Alien spaceship spotted landing behind the White House! An anonymous memo circulating within security agencies suggests a simulated crisis will be used to enforce emergency laws. Citizens are urged to store food and withdraw all physical cash immediately. Extra report details suggest that the media is actively censoring this.,1
338,"Tech conglomerate announces restructuring plan, affecting 5% of workforce. Epidemiological data released in the weekly surveillance report shows a fifteen percent drop in hospital admissions related to respiratory viruses, which health officials attribute to higher vaccination uptake. According to the official spokesperson, the policy will take effect next quarter.",0
339,"Secret society controls world bank, insider source reveals details. A localized plant extract when consumed with warm water acts as a cognitive booster and reverses cellular decay. Major food companies are buying farmland to monopolize the product. Extra report details suggest that insiders are highly worried.",1
340,"Parliament passes landmark environmental protection bill. Stock indexes rose slightly in European and Asian markets after negotiators signed a bilateral agricultural tariff agreement, resolving a three-month import dispute between the trading partners. According to the official spokesperson, further evaluations are scheduled.",0
341,"Secret society controls world bank, insider source reveals details. This revolutionary organic capsule burns fat in your sleep without dieting. Clinical trials show individuals losing forty pounds in a week. Big Pharma is attempting to ban sales to protect insulin profit margins. Extra report details suggest that a secret organization is involved.",1
342,"Global trade markets stabilize following bilateral trade agreement. The Department of Energy approved a federal grant for engineering departments to prototype high-efficiency photovoltaic cells capable of generating power during low-solar winter conditions. According to the official spokesperson, the project is funded publicly.",0
343,"Federal Reserve announces interest rate hike to combat inflation. Epidemiological data released in the weekly surveillance report shows a fifteen percent drop in hospital admissions related to respiratory viruses, which health officials attribute to higher vaccination uptake. According to the official spokesperson, the project is funded publicly.",0
344,"New clinical study links regular exercise to improved cognitive health. A heavy-lift rocket successfully placed the advanced meteorological spacecraft into orbit on Sunday, providing forecasters with real-time infrared scans of severe storm formations over the coast. According to the official spokesperson, negotiators remain optimistic about outcomes.",0
345,"Secret society controls world bank, insider source reveals details. Classified files released by a hacker group contain stage design prints and audio recordings proving the entire space race was simulated inside a high-security warehouse in Nevada to bankrupt foreign rivals. Extra report details suggest that insiders are highly worried.",1
346,"Federal Reserve announces interest rate hike to combat inflation. Epidemiological data released in the weekly surveillance report shows a fifteen percent drop in hospital admissions related to respiratory viruses, which health officials attribute to higher vaccination uptake. According to the official spokesperson, the policy will take effect next quarter.",0
347,You won't believe what this Hollywood actor did last night! A secret whistleblower has leaked documents showing a massive cover-up by pharmaceutical giants who have possessed a full cure for cancer since 1995. Shares of major healthcare corporations are skyrocketing as politicians silent on public trials. Extra report details suggest that this could change everything.,1
348,"City council approves $50 million investment for public transit extension. The metropolitan transit authority confirmed a long-term capital budget approval to construct three new light-rail stations, aiming to connect suburban sectors to the commercial district by next autumn. According to the official spokesperson, the project is funded publicly.",0
349,Doctors stunned by this simple $5 trick to reverse aging overnight! Leaked records from an offshore bank details transactions linking world leaders to a singular control board that meets annually in Switzerland to dictate inflation rates and trade wars. Extra report details suggest that this could change everything.,1
350,"Breaking: Major city's water supply poisoned, authorities hiding truth. Multiple eyewitnesses reported a metallic circular craft descending from the clouds, hovering over the lawn for three minutes before accelerating into orbit. NASA refuses to answer press queries, leading to speculation. Extra report details suggest that a secret organization is involved.",1
351,Doctors stunned by this simple $5 trick to reverse aging overnight! A localized plant extract when consumed with warm water acts as a cognitive booster and reverses cellular decay. Major food companies are buying farmland to monopolize the product. Extra report details suggest that insiders are highly worried.,1
352,"You won't believe what this Hollywood actor did last night! Local water distribution facilities detected high levels of dangerous chemicals, yet central administrations ordered operations to proceed normally to prevent mass panic before election seasons. Extra report details suggest that insiders are highly worried.",1
353,Shocking video shows politician taking massive bribes in public. Insiders caught this scandalous video on camera showing a prominent celebrity in a heated exchange that the media is trying to delete. Click here to watch before it gets taken down forever! Extra report details suggest that this could change everything.,1
354,CONSPIRACY: Landmark study proves the moon landing was filmed in Hollywood. This revolutionary organic capsule burns fat in your sleep without dieting. Clinical trials show individuals losing forty pounds in a week. Big Pharma is attempting to ban sales to protect insulin profit margins. Extra report details suggest that insiders are highly worried.,1
355,"Breaking: Major city's water supply poisoned, authorities hiding truth. Local water distribution facilities detected high levels of dangerous chemicals, yet central administrations ordered operations to proceed normally to prevent mass panic before election seasons. Extra report details suggest that this could change everything.",1
356,Miracle weight loss pill doctors don't want you to know about! CCTV footage obtained by our network captures a high-ranking official stuffed envelope with cash from a shell corporation representative in exchange for state construction approvals. Extra report details suggest that the media is actively censoring this.,1
357,BREAKING: Alien spaceship spotted landing behind the White House! An anonymous memo circulating within security agencies suggests a simulated crisis will be used to enforce emergency laws. Citizens are urged to store food and withdraw all physical cash immediately. Extra report details suggest that the media is actively censoring this.,1
358,"National space agency launches new weather satellite into geostationary orbit. The Federal Reserve Board of Governors voted on Wednesday to raise the benchmark interest rate by a quarter point, citing persistent inflation pressures in core services and labor market tightness. According to the official spokesperson, further evaluations are scheduled.",0
359,"Miracle weight loss pill doctors don't want you to know about! Local water distribution facilities detected high levels of dangerous chemicals, yet central administrations ordered operations to proceed normally to prevent mass panic before election seasons. Extra report details suggest that the media is actively censoring this.",1
360,Shocking video shows politician taking massive bribes in public. CCTV footage obtained by our network captures a high-ranking official stuffed envelope with cash from a shell corporation representative in exchange for state construction approvals. Extra report details suggest that the media is actively censoring this.,1
361,SHOCKING SECRET: The government cure for cancer they hid from you! Leaked records from an offshore bank details transactions linking world leaders to a singular control board that meets annually in Switzerland to dictate inflation rates and trade wars. Extra report details suggest that a secret organization is involved.,1
362,BREAKING: Alien spaceship spotted landing behind the White House! CCTV footage obtained by our network captures a high-ranking official stuffed envelope with cash from a shell corporation representative in exchange for state construction approvals. Extra report details suggest that insiders are highly worried.,1
363,"National space agency launches new weather satellite into geostationary orbit. Stock indexes rose slightly in European and Asian markets after negotiators signed a bilateral agricultural tariff agreement, resolving a three-month import dispute between the trading partners. According to the official spokesperson, further evaluations are scheduled.",0
364,"State university receives major research grant for renewable energy projects. The Federal Reserve Board of Governors voted on Wednesday to raise the benchmark interest rate by a quarter point, citing persistent inflation pressures in core services and labor market tightness. According to the official spokesperson, the project is funded publicly.",0
365,"State university receives major research grant for renewable energy projects. An oceanographic research vessel initiated a two-month mapping mission in the Pacific, utilizing multi-beam sonar arrays to document topographical features of deep oceanic valleys. According to the official spokesperson, further evaluations are scheduled.",0
366,You won't believe what this Hollywood actor did last night! Classified files released by a hacker group contain stage design prints and audio recordings proving the entire space race was simulated inside a high-security warehouse in Nevada to bankrupt foreign rivals. Extra report details suggest that this could change everything.,1
367,"Global trade markets stabilize following bilateral trade agreement. A heavy-lift rocket successfully placed the advanced meteorological spacecraft into orbit on Sunday, providing forecasters with real-time infrared scans of severe storm formations over the coast. According to the official spokesperson, the project is funded publicly.",0
368,"Local health department reports decline in seasonal influenza cases. Researchers at the National Institute of Health published findings in the Journal of Medicine indicating adults who engage in moderate cardiovascular activity three times a week show higher neuron densities. According to the official spokesperson, the project is funded publicly.",0
369,"National space agency launches new weather satellite into geostationary orbit. Following three days of debate, lawmakers finalized a comprehensive regulation bill setting stricter carbon emission targets for heavy industry and allocating funds for regional reforestation initiatives. According to the official spokesperson, further evaluations are scheduled.",0
370,"Breaking: Major city's water supply poisoned, authorities hiding truth. A localized plant extract when consumed with warm water acts as a cognitive booster and reverses cellular decay. Major food companies are buying farmland to monopolize the product. Extra report details suggest that the media is actively censoring this.",1
371,"Local health department reports decline in seasonal influenza cases. The Federal Reserve Board of Governors voted on Wednesday to raise the benchmark interest rate by a quarter point, citing persistent inflation pressures in core services and labor market tightness. According to the official spokesperson, the project is funded publicly.",0
372,"New clinical study links regular exercise to improved cognitive health. The metropolitan transit authority confirmed a long-term capital budget approval to construct three new light-rail stations, aiming to connect suburban sectors to the commercial district by next autumn. According to the official spokesperson, further evaluations are scheduled.",0
373,BREAKING: Alien spaceship spotted landing behind the White House! CCTV footage obtained by our network captures a high-ranking official stuffed envelope with cash from a shell corporation representative in exchange for state construction approvals. Extra report details suggest that this could change everything.,1
374,"Secret society controls world bank, insider source reveals details. Insiders caught this scandalous video on camera showing a prominent celebrity in a heated exchange that the media is trying to delete. Click here to watch before it gets taken down forever! Extra report details suggest that this could change everything.",1
375,Shocking video shows politician taking massive bribes in public. Insiders caught this scandalous video on camera showing a prominent celebrity in a heated exchange that the media is trying to delete. Click here to watch before it gets taken down forever! Extra report details suggest that the media is actively censoring this.,1
376,"New clinical study links regular exercise to improved cognitive health. Researchers at the National Institute of Health published findings in the Journal of Medicine indicating adults who engage in moderate cardiovascular activity three times a week show higher neuron densities. According to the official spokesperson, negotiators remain optimistic about outcomes.",0
377,BREAKING: Alien spaceship spotted landing behind the White House! A localized plant extract when consumed with warm water acts as a cognitive booster and reverses cellular decay. Major food companies are buying farmland to monopolize the product. Extra report details suggest that insiders are highly worried.,1
378,"New clinical study links regular exercise to improved cognitive health. Epidemiological data released in the weekly surveillance report shows a fifteen percent drop in hospital admissions related to respiratory viruses, which health officials attribute to higher vaccination uptake. According to the official spokesperson, the policy will take effect next quarter.",0
379,URGENT: Global elite planning immediate lockdown next Tuesday! Classified files released by a hacker group contain stage design prints and audio recordings proving the entire space race was simulated inside a high-security warehouse in Nevada to bankrupt foreign rivals. Extra report details suggest that insiders are highly worried.,1
380,"State university receives major research grant for renewable energy projects. Stock indexes rose slightly in European and Asian markets after negotiators signed a bilateral agricultural tariff agreement, resolving a three-month import dispute between the trading partners. According to the official spokesperson, negotiators remain optimistic about outcomes.",0
381,"Global trade markets stabilize following bilateral trade agreement. A heavy-lift rocket successfully placed the advanced meteorological spacecraft into orbit on Sunday, providing forecasters with real-time infrared scans of severe storm formations over the coast. According to the official spokesperson, the policy will take effect next quarter.",0
382,"Breaking: Major city's water supply poisoned, authorities hiding truth. A localized plant extract when consumed with warm water acts as a cognitive booster and reverses cellular decay. Major food companies are buying farmland to monopolize the product. Extra report details suggest that a secret organization is involved.",1
383,"National space agency launches new weather satellite into geostationary orbit. Epidemiological data released in the weekly surveillance report shows a fifteen percent drop in hospital admissions related to respiratory viruses, which health officials attribute to higher vaccination uptake. According to the official spokesperson, negotiators remain optimistic about outcomes.",0
384,"New clinical study links regular exercise to improved cognitive health. Epidemiological data released in the weekly surveillance report shows a fifteen percent drop in hospital admissions related to respiratory viruses, which health officials attribute to higher vaccination uptake. According to the official spokesperson, further evaluations are scheduled.",0
385,"Local health department reports decline in seasonal influenza cases. A heavy-lift rocket successfully placed the advanced meteorological spacecraft into orbit on Sunday, providing forecasters with real-time infrared scans of severe storm formations over the coast. According to the official spokesperson, further evaluations are scheduled.",0
386,URGENT: Global elite planning immediate lockdown next Tuesday! CCTV footage obtained by our network captures a high-ranking official stuffed envelope with cash from a shell corporation representative in exchange for state construction approvals. Extra report details suggest that the media is actively censoring this.,1
387,"Scientists deploy deep-sea submersibles to map unexplored trenches. The chief executive officer announced in a memorandum to staff that the corporation will consolidate redundant administrative roles to invest heavily in cloud infrastructure research divisions. According to the official spokesperson, further evaluations are scheduled.",0
388,"BREAKING: Alien spaceship spotted landing behind the White House! Multiple eyewitnesses reported a metallic circular craft descending from the clouds, hovering over the lawn for three minutes before accelerating into orbit. NASA refuses to answer press queries, leading to speculation. Extra report details suggest that this could change everything.",1
389,"Federal Reserve announces interest rate hike to combat inflation. An oceanographic research vessel initiated a two-month mapping mission in the Pacific, utilizing multi-beam sonar arrays to document topographical features of deep oceanic valleys. According to the official spokesperson, the policy will take effect next quarter.",0
390,"New clinical study links regular exercise to improved cognitive health. The chief executive officer announced in a memorandum to staff that the corporation will consolidate redundant administrative roles to invest heavily in cloud infrastructure research divisions. According to the official spokesperson, the policy will take effect next quarter.",0
391,"Shocking video shows politician taking massive bribes in public. Multiple eyewitnesses reported a metallic circular craft descending from the clouds, hovering over the lawn for three minutes before accelerating into orbit. NASA refuses to answer press queries, leading to speculation. Extra report details suggest that a secret organization is involved.",1
392,"City council approves $50 million investment for public transit extension. An oceanographic research vessel initiated a two-month mapping mission in the Pacific, utilizing multi-beam sonar arrays to document topographical features of deep oceanic valleys. According to the official spokesperson, the policy will take effect next quarter.",0
393,URGENT: Global elite planning immediate lockdown next Tuesday! CCTV footage obtained by our network captures a high-ranking official stuffed envelope with cash from a shell corporation representative in exchange for state construction approvals. Extra report details suggest that this could change everything.,1
394,"Secret society controls world bank, insider source reveals details. Multiple eyewitnesses reported a metallic circular craft descending from the clouds, hovering over the lawn for three minutes before accelerating into orbit. NASA refuses to answer press queries, leading to speculation. Extra report details suggest that this could change everything.",1
395,"Global trade markets stabilize following bilateral trade agreement. The Federal Reserve Board of Governors voted on Wednesday to raise the benchmark interest rate by a quarter point, citing persistent inflation pressures in core services and labor market tightness. According to the official spokesperson, the policy will take effect next quarter.",0
396,"Breaking: Major city's water supply poisoned, authorities hiding truth. This revolutionary organic capsule burns fat in your sleep without dieting. Clinical trials show individuals losing forty pounds in a week. Big Pharma is attempting to ban sales to protect insulin profit margins. Extra report details suggest that the media is actively censoring this.",1
397,Doctors stunned by this simple $5 trick to reverse aging overnight! Classified files released by a hacker group contain stage design prints and audio recordings proving the entire space race was simulated inside a high-security warehouse in Nevada to bankrupt foreign rivals. Extra report details suggest that the media is actively censoring this.,1
398,"Global trade markets stabilize following bilateral trade agreement. The Federal Reserve Board of Governors voted on Wednesday to raise the benchmark interest rate by a quarter point, citing persistent inflation pressures in core services and labor market tightness. According to the official spokesperson, the policy will take effect next quarter.",0
399,URGENT: Global elite planning immediate lockdown next Tuesday! Classified files released by a hacker group contain stage design prints and audio recordings proving the entire space race was simulated inside a high-security warehouse in Nevada to bankrupt foreign rivals. Extra report details suggest that the media is actively censoring this.,1
400,"Secret society controls world bank, insider source reveals details. Multiple eyewitnesses reported a metallic circular craft descending from the clouds, hovering over the lawn for three minutes before accelerating into orbit. NASA refuses to answer press queries, leading to speculation. Extra report details suggest that the media is actively censoring this.",1
401,"Tech conglomerate announces restructuring plan, affecting 5% of workforce. The chief executive officer announced in a memorandum to staff that the corporation will consolidate redundant administrative roles to invest heavily in cloud infrastructure research divisions. According to the official spokesperson, the policy will take effect next quarter.",0
402,CONSPIRACY: Landmark study proves the moon landing was filmed in Hollywood. Insiders caught this scandalous video on camera showing a prominent celebrity in a heated exchange that the media is trying to delete. Click here to watch before it gets taken down forever! Extra report details suggest that a secret organization is involved.,1
403,"Parliament passes landmark environmental protection bill. Epidemiological data released in the weekly surveillance report shows a fifteen percent drop in hospital admissions related to respiratory viruses, which health officials attribute to higher vaccination uptake. According to the official spokesperson, further evaluations are scheduled.",0
404,You won't believe what this Hollywood actor did last night! Insiders caught this scandalous video on camera showing a prominent celebrity in a heated exchange that the media is trying to delete. Click here to watch before it gets taken down forever! Extra report details suggest that a secret organization is involved.,1
405,SHOCKING SECRET: The government cure for cancer they hid from you! A secret whistleblower has leaked documents showing a massive cover-up by pharmaceutical giants who have possessed a full cure for cancer since 1995. Shares of major healthcare corporations are skyrocketing as politicians silent on public trials. Extra report details suggest that a secret organization is involved.,1
406,Miracle weight loss pill doctors don't want you to know about! Insiders caught this scandalous video on camera showing a prominent celebrity in a heated exchange that the media is trying to delete. Click here to watch before it gets taken down forever! Extra report details suggest that the media is actively censoring this.,1
407,BREAKING: Alien spaceship spotted landing behind the White House! An anonymous memo circulating within security agencies suggests a simulated crisis will be used to enforce emergency laws. Citizens are urged to store food and withdraw all physical cash immediately. Extra report details suggest that insiders are highly worried.,1
408,"Global trade markets stabilize following bilateral trade agreement. The Federal Reserve Board of Governors voted on Wednesday to raise the benchmark interest rate by a quarter point, citing persistent inflation pressures in core services and labor market tightness. According to the official spokesperson, the project is funded publicly.",0
409,"Scientists deploy deep-sea submersibles to map unexplored trenches. The metropolitan transit authority confirmed a long-term capital budget approval to construct three new light-rail stations, aiming to connect suburban sectors to the commercial district by next autumn. According to the official spokesperson, the policy will take effect next quarter.",0
410,BREAKING: Alien spaceship spotted landing behind the White House! Classified files released by a hacker group contain stage design prints and audio recordings proving the entire space race was simulated inside a high-security warehouse in Nevada to bankrupt foreign rivals. Extra report details suggest that this could change everything.,1
411,CONSPIRACY: Landmark study proves the moon landing was filmed in Hollywood. An anonymous memo circulating within security agencies suggests a simulated crisis will be used to enforce emergency laws. Citizens are urged to store food and withdraw all physical cash immediately. Extra report details suggest that this could change everything.,1
412,"State university receives major research grant for renewable energy projects. The Department of Energy approved a federal grant for engineering departments to prototype high-efficiency photovoltaic cells capable of generating power during low-solar winter conditions. According to the official spokesperson, the project is funded publicly.",0
413,Shocking video shows politician taking massive bribes in public. Leaked records from an offshore bank details transactions linking world leaders to a singular control board that meets annually in Switzerland to dictate inflation rates and trade wars. Extra report details suggest that insiders are highly worried.,1
414,BREAKING: Alien spaceship spotted landing behind the White House! An anonymous memo circulating within security agencies suggests a simulated crisis will be used to enforce emergency laws. Citizens are urged to store food and withdraw all physical cash immediately. Extra report details suggest that insiders are highly worried.,1
415,"New clinical study links regular exercise to improved cognitive health. Following three days of debate, lawmakers finalized a comprehensive regulation bill setting stricter carbon emission targets for heavy industry and allocating funds for regional reforestation initiatives. According to the official spokesperson, the project is funded publicly.",0
416,Shocking video shows politician taking massive bribes in public. An anonymous memo circulating within security agencies suggests a simulated crisis will be used to enforce emergency laws. Citizens are urged to store food and withdraw all physical cash immediately. Extra report details suggest that the media is actively censoring this.,1
417,"Tech conglomerate announces restructuring plan, affecting 5% of workforce. The metropolitan transit authority confirmed a long-term capital budget approval to construct three new light-rail stations, aiming to connect suburban sectors to the commercial district by next autumn. According to the official spokesperson, the project is funded publicly.",0
418,SHOCKING SECRET: The government cure for cancer they hid from you! An anonymous memo circulating within security agencies suggests a simulated crisis will be used to enforce emergency laws. Citizens are urged to store food and withdraw all physical cash immediately. Extra report details suggest that this could change everything.,1
419,"Breaking: Major city's water supply poisoned, authorities hiding truth. A secret whistleblower has leaked documents showing a massive cover-up by pharmaceutical giants who have possessed a full cure for cancer since 1995. Shares of major healthcare corporations are skyrocketing as politicians silent on public trials. Extra report details suggest that insiders are highly worried.",1
420,Shocking video shows politician taking massive bribes in public. This revolutionary organic capsule burns fat in your sleep without dieting. Clinical trials show individuals losing forty pounds in a week. Big Pharma is attempting to ban sales to protect insulin profit margins. Extra report details suggest that a secret organization is involved.,1
421,"Breaking: Major city's water supply poisoned, authorities hiding truth. An anonymous memo circulating within security agencies suggests a simulated crisis will be used to enforce emergency laws. Citizens are urged to store food and withdraw all physical cash immediately. Extra report details suggest that the media is actively censoring this.",1
422,"Tech conglomerate announces restructuring plan, affecting 5% of workforce. A heavy-lift rocket successfully placed the advanced meteorological spacecraft into orbit on Sunday, providing forecasters with real-time infrared scans of severe storm formations over the coast. According to the official spokesperson, negotiators remain optimistic about outcomes.",0
423,"New clinical study links regular exercise to improved cognitive health. The Federal Reserve Board of Governors voted on Wednesday to raise the benchmark interest rate by a quarter point, citing persistent inflation pressures in core services and labor market tightness. According to the official spokesperson, the project is funded publicly.",0
424,You won't believe what this Hollywood actor did last night! This revolutionary organic capsule burns fat in your sleep without dieting. Clinical trials show individuals losing forty pounds in a week. Big Pharma is attempting to ban sales to protect insulin profit margins. Extra report details suggest that insiders are highly worried.,1
425,"Miracle weight loss pill doctors don't want you to know about! Multiple eyewitnesses reported a metallic circular craft descending from the clouds, hovering over the lawn for three minutes before accelerating into orbit. NASA refuses to answer press queries, leading to speculation. Extra report details suggest that insiders are highly worried.",1
426,"Federal Reserve announces interest rate hike to combat inflation. Following three days of debate, lawmakers finalized a comprehensive regulation bill setting stricter carbon emission targets for heavy industry and allocating funds for regional reforestation initiatives. According to the official spokesperson, the project is funded publicly.",0
427,"Federal Reserve announces interest rate hike to combat inflation. Epidemiological data released in the weekly surveillance report shows a fifteen percent drop in hospital admissions related to respiratory viruses, which health officials attribute to higher vaccination uptake. According to the official spokesperson, the project is funded publicly.",0
428,"New clinical study links regular exercise to improved cognitive health. The metropolitan transit authority confirmed a long-term capital budget approval to construct three new light-rail stations, aiming to connect suburban sectors to the commercial district by next autumn. According to the official spokesperson, further evaluations are scheduled.",0
429,You won't believe what this Hollywood actor did last night! Classified files released by a hacker group contain stage design prints and audio recordings proving the entire space race was simulated inside a high-security warehouse in Nevada to bankrupt foreign rivals. Extra report details suggest that this could change everything.,1
430,"You won't believe what this Hollywood actor did last night! Local water distribution facilities detected high levels of dangerous chemicals, yet central administrations ordered operations to proceed normally to prevent mass panic before election seasons. Extra report details suggest that a secret organization is involved.",1
431,"Miracle weight loss pill doctors don't want you to know about! Local water distribution facilities detected high levels of dangerous chemicals, yet central administrations ordered operations to proceed normally to prevent mass panic before election seasons. Extra report details suggest that insiders are highly worried.",1
432,SHOCKING SECRET: The government cure for cancer they hid from you! A secret whistleblower has leaked documents showing a massive cover-up by pharmaceutical giants who have possessed a full cure for cancer since 1995. Shares of major healthcare corporations are skyrocketing as politicians silent on public trials. Extra report details suggest that insiders are highly worried.,1
433,"Breaking: Major city's water supply poisoned, authorities hiding truth. Multiple eyewitnesses reported a metallic circular craft descending from the clouds, hovering over the lawn for three minutes before accelerating into orbit. NASA refuses to answer press queries, leading to speculation. Extra report details suggest that a secret organization is involved.",1
434,You won't believe what this Hollywood actor did last night! Leaked records from an offshore bank details transactions linking world leaders to a singular control board that meets annually in Switzerland to dictate inflation rates and trade wars. Extra report details suggest that a secret organization is involved.,1
435,BREAKING: Alien spaceship spotted landing behind the White House! Classified files released by a hacker group contain stage design prints and audio recordings proving the entire space race was simulated inside a high-security warehouse in Nevada to bankrupt foreign rivals. Extra report details suggest that a secret organization is involved.,1
436,"Breaking: Major city's water supply poisoned, authorities hiding truth. Classified files released by a hacker group contain stage design prints and audio recordings proving the entire space race was simulated inside a high-security warehouse in Nevada to bankrupt foreign rivals. Extra report details suggest that the media is actively censoring this.",1
437,CONSPIRACY: Landmark study proves the moon landing was filmed in Hollywood. Classified files released by a hacker group contain stage design prints and audio recordings proving the entire space race was simulated inside a high-security warehouse in Nevada to bankrupt foreign rivals. Extra report details suggest that insiders are highly worried.,1
438,"National space agency launches new weather satellite into geostationary orbit. The metropolitan transit authority confirmed a long-term capital budget approval to construct three new light-rail stations, aiming to connect suburban sectors to the commercial district by next autumn. According to the official spokesperson, further evaluations are scheduled.",0
439,URGENT: Global elite planning immediate lockdown next Tuesday! CCTV footage obtained by our network captures a high-ranking official stuffed envelope with cash from a shell corporation representative in exchange for state construction approvals. Extra report details suggest that this could change everything.,1
440,Shocking video shows politician taking massive bribes in public. An anonymous memo circulating within security agencies suggests a simulated crisis will be used to enforce emergency laws. Citizens are urged to store food and withdraw all physical cash immediately. Extra report details suggest that insiders are highly worried.,1
441,"New clinical study links regular exercise to improved cognitive health. Following three days of debate, lawmakers finalized a comprehensive regulation bill setting stricter carbon emission targets for heavy industry and allocating funds for regional reforestation initiatives. According to the official spokesperson, further evaluations are scheduled.",0
442,"New clinical study links regular exercise to improved cognitive health. An oceanographic research vessel initiated a two-month mapping mission in the Pacific, utilizing multi-beam sonar arrays to document topographical features of deep oceanic valleys. According to the official spokesperson, further evaluations are scheduled.",0
443,"Scientists deploy deep-sea submersibles to map unexplored trenches. A heavy-lift rocket successfully placed the advanced meteorological spacecraft into orbit on Sunday, providing forecasters with real-time infrared scans of severe storm formations over the coast. According to the official spokesperson, the policy will take effect next quarter.",0
444,"National space agency launches new weather satellite into geostationary orbit. Researchers at the National Institute of Health published findings in the Journal of Medicine indicating adults who engage in moderate cardiovascular activity three times a week show higher neuron densities. According to the official spokesperson, further evaluations are scheduled.",0
445,"Tech conglomerate announces restructuring plan, affecting 5% of workforce. An oceanographic research vessel initiated a two-month mapping mission in the Pacific, utilizing multi-beam sonar arrays to document topographical features of deep oceanic valleys. According to the official spokesperson, further evaluations are scheduled.",0
446,"Tech conglomerate announces restructuring plan, affecting 5% of workforce. Researchers at the National Institute of Health published findings in the Journal of Medicine indicating adults who engage in moderate cardiovascular activity three times a week show higher neuron densities. According to the official spokesperson, the project is funded publicly.",0
447,"New clinical study links regular exercise to improved cognitive health. An oceanographic research vessel initiated a two-month mapping mission in the Pacific, utilizing multi-beam sonar arrays to document topographical features of deep oceanic valleys. According to the official spokesperson, the policy will take effect next quarter.",0
448,"Local health department reports decline in seasonal influenza cases. The chief executive officer announced in a memorandum to staff that the corporation will consolidate redundant administrative roles to invest heavily in cloud infrastructure research divisions. According to the official spokesperson, the policy will take effect next quarter.",0
449,SHOCKING SECRET: The government cure for cancer they hid from you! A secret whistleblower has leaked documents showing a massive cover-up by pharmaceutical giants who have possessed a full cure for cancer since 1995. Shares of major healthcare corporations are skyrocketing as politicians silent on public trials. Extra report details suggest that insiders are highly worried.,1
450,"New clinical study links regular exercise to improved cognitive health. The metropolitan transit authority confirmed a long-term capital budget approval to construct three new light-rail stations, aiming to connect suburban sectors to the commercial district by next autumn. According to the official spokesperson, further evaluations are scheduled.",0
451,"State university receives major research grant for renewable energy projects. A heavy-lift rocket successfully placed the advanced meteorological spacecraft into orbit on Sunday, providing forecasters with real-time infrared scans of severe storm formations over the coast. According to the official spokesperson, the project is funded publicly.",0
452,You won't believe what this Hollywood actor did last night! Classified files released by a hacker group contain stage design prints and audio recordings proving the entire space race was simulated inside a high-security warehouse in Nevada to bankrupt foreign rivals. Extra report details suggest that a secret organization is involved.,1
453,"Tech conglomerate announces restructuring plan, affecting 5% of workforce. The Department of Energy approved a federal grant for engineering departments to prototype high-efficiency photovoltaic cells capable of generating power during low-solar winter conditions. According to the official spokesperson, negotiators remain optimistic about outcomes.",0
454,"National space agency launches new weather satellite into geostationary orbit. The Federal Reserve Board of Governors voted on Wednesday to raise the benchmark interest rate by a quarter point, citing persistent inflation pressures in core services and labor market tightness. According to the official spokesperson, the policy will take effect next quarter.",0
455,Doctors stunned by this simple $5 trick to reverse aging overnight! Leaked records from an offshore bank details transactions linking world leaders to a singular control board that meets annually in Switzerland to dictate inflation rates and trade wars. Extra report details suggest that a secret organization is involved.,1
456,CONSPIRACY: Landmark study proves the moon landing was filmed in Hollywood. Leaked records from an offshore bank details transactions linking world leaders to a singular control board that meets annually in Switzerland to dictate inflation rates and trade wars. Extra report details suggest that a secret organization is involved.,1
457,"Scientists deploy deep-sea submersibles to map unexplored trenches. Epidemiological data released in the weekly surveillance report shows a fifteen percent drop in hospital admissions related to respiratory viruses, which health officials attribute to higher vaccination uptake. According to the official spokesperson, further evaluations are scheduled.",0
458,"Scientists deploy deep-sea submersibles to map unexplored trenches. Stock indexes rose slightly in European and Asian markets after negotiators signed a bilateral agricultural tariff agreement, resolving a three-month import dispute between the trading partners. According to the official spokesperson, the policy will take effect next quarter.",0
459,CONSPIRACY: Landmark study proves the moon landing was filmed in Hollywood. An anonymous memo circulating within security agencies suggests a simulated crisis will be used to enforce emergency laws. Citizens are urged to store food and withdraw all physical cash immediately. Extra report details suggest that this could change everything.,1
460,"Breaking: Major city's water supply poisoned, authorities hiding truth. Multiple eyewitnesses reported a metallic circular craft descending from the clouds, hovering over the lawn for three minutes before accelerating into orbit. NASA refuses to answer press queries, leading to speculation. Extra report details suggest that this could change everything.",1
461,Doctors stunned by this simple $5 trick to reverse aging overnight! A secret whistleblower has leaked documents showing a massive cover-up by pharmaceutical giants who have possessed a full cure for cancer since 1995. Shares of major healthcare corporations are skyrocketing as politicians silent on public trials. Extra report details suggest that a secret organization is involved.,1
462,URGENT: Global elite planning immediate lockdown next Tuesday! Leaked records from an offshore bank details transactions linking world leaders to a singular control board that meets annually in Switzerland to dictate inflation rates and trade wars. Extra report details suggest that the media is actively censoring this.,1
463,You won't believe what this Hollywood actor did last night! Classified files released by a hacker group contain stage design prints and audio recordings proving the entire space race was simulated inside a high-security warehouse in Nevada to bankrupt foreign rivals. Extra report details suggest that a secret organization is involved.,1
464,"Tech conglomerate announces restructuring plan, affecting 5% of workforce. The metropolitan transit authority confirmed a long-term capital budget approval to construct three new light-rail stations, aiming to connect suburban sectors to the commercial district by next autumn. According to the official spokesperson, negotiators remain optimistic about outcomes.",0
465,Doctors stunned by this simple $5 trick to reverse aging overnight! Leaked records from an offshore bank details transactions linking world leaders to a singular control board that meets annually in Switzerland to dictate inflation rates and trade wars. Extra report details suggest that a secret organization is involved.,1
466,"Federal Reserve announces interest rate hike to combat inflation. Researchers at the National Institute of Health published findings in the Journal of Medicine indicating adults who engage in moderate cardiovascular activity three times a week show higher neuron densities. According to the official spokesperson, the project is funded publicly.",0
467,"Breaking: Major city's water supply poisoned, authorities hiding truth. A localized plant extract when consumed with warm water acts as a cognitive booster and reverses cellular decay. Major food companies are buying farmland to monopolize the product. Extra report details suggest that a secret organization is involved.",1
468,"Scientists deploy deep-sea submersibles to map unexplored trenches. An oceanographic research vessel initiated a two-month mapping mission in the Pacific, utilizing multi-beam sonar arrays to document topographical features of deep oceanic valleys. According to the official spokesperson, the policy will take effect next quarter.",0
469,"City council approves $50 million investment for public transit extension. The chief executive officer announced in a memorandum to staff that the corporation will consolidate redundant administrative roles to invest heavily in cloud infrastructure research divisions. According to the official spokesperson, the project is funded publicly.",0
470,"New clinical study links regular exercise to improved cognitive health. The chief executive officer announced in a memorandum to staff that the corporation will consolidate redundant administrative roles to invest heavily in cloud infrastructure research divisions. According to the official spokesperson, the project is funded publicly.",0
471,"Local health department reports decline in seasonal influenza cases. The chief executive officer announced in a memorandum to staff that the corporation will consolidate redundant administrative roles to invest heavily in cloud infrastructure research divisions. According to the official spokesperson, negotiators remain optimistic about outcomes.",0
472,"Local health department reports decline in seasonal influenza cases. The Department of Energy approved a federal grant for engineering departments to prototype high-efficiency photovoltaic cells capable of generating power during low-solar winter conditions. According to the official spokesperson, further evaluations are scheduled.",0
473,"Doctors stunned by this simple $5 trick to reverse aging overnight! Multiple eyewitnesses reported a metallic circular craft descending from the clouds, hovering over the lawn for three minutes before accelerating into orbit. NASA refuses to answer press queries, leading to speculation. Extra report details suggest that the media is actively censoring this.",1
474,"Tech conglomerate announces restructuring plan, affecting 5% of workforce. An oceanographic research vessel initiated a two-month mapping mission in the Pacific, utilizing multi-beam sonar arrays to document topographical features of deep oceanic valleys. According to the official spokesperson, the policy will take effect next quarter.",0
475,"Breaking: Major city's water supply poisoned, authorities hiding truth. Multiple eyewitnesses reported a metallic circular craft descending from the clouds, hovering over the lawn for three minutes before accelerating into orbit. NASA refuses to answer press queries, leading to speculation. Extra report details suggest that this could change everything.",1
476,SHOCKING SECRET: The government cure for cancer they hid from you! A secret whistleblower has leaked documents showing a massive cover-up by pharmaceutical giants who have possessed a full cure for cancer since 1995. Shares of major healthcare corporations are skyrocketing as politicians silent on public trials. Extra report details suggest that the media is actively censoring this.,1
477,URGENT: Global elite planning immediate lockdown next Tuesday! CCTV footage obtained by our network captures a high-ranking official stuffed envelope with cash from a shell corporation representative in exchange for state construction approvals. Extra report details suggest that a secret organization is involved.,1
478,"CONSPIRACY: Landmark study proves the moon landing was filmed in Hollywood. Local water distribution facilities detected high levels of dangerous chemicals, yet central administrations ordered operations to proceed normally to prevent mass panic before election seasons. Extra report details suggest that insiders are highly worried.",1
479,SHOCKING SECRET: The government cure for cancer they hid from you! CCTV footage obtained by our network captures a high-ranking official stuffed envelope with cash from a shell corporation representative in exchange for state construction approvals. Extra report details suggest that this could change everything.,1
480,"Local health department reports decline in seasonal influenza cases. The Federal Reserve Board of Governors voted on Wednesday to raise the benchmark interest rate by a quarter point, citing persistent inflation pressures in core services and labor market tightness. According to the official spokesperson, the policy will take effect next quarter.",0
481,You won't believe what this Hollywood actor did last night! This revolutionary organic capsule burns fat in your sleep without dieting. Clinical trials show individuals losing forty pounds in a week. Big Pharma is attempting to ban sales to protect insulin profit margins. Extra report details suggest that a secret organization is involved.,1
482,URGENT: Global elite planning immediate lockdown next Tuesday! Insiders caught this scandalous video on camera showing a prominent celebrity in a heated exchange that the media is trying to delete. Click here to watch before it gets taken down forever! Extra report details suggest that this could change everything.,1
483,Doctors stunned by this simple $5 trick to reverse aging overnight! An anonymous memo circulating within security agencies suggests a simulated crisis will be used to enforce emergency laws. Citizens are urged to store food and withdraw all physical cash immediately. Extra report details suggest that insiders are highly worried.,1
484,Miracle weight loss pill doctors don't want you to know about! A secret whistleblower has leaked documents showing a massive cover-up by pharmaceutical giants who have possessed a full cure for cancer since 1995. Shares of major healthcare corporations are skyrocketing as politicians silent on public trials. Extra report details suggest that a secret organization is involved.,1
485,BREAKING: Alien spaceship spotted landing behind the White House! Leaked records from an offshore bank details transactions linking world leaders to a singular control board that meets annually in Switzerland to dictate inflation rates and trade wars. Extra report details suggest that a secret organization is involved.,1
486,"URGENT: Global elite planning immediate lockdown next Tuesday! Local water distribution facilities detected high levels of dangerous chemicals, yet central administrations ordered operations to proceed normally to prevent mass panic before election seasons. Extra report details suggest that this could change everything.",1
487,"New clinical study links regular exercise to improved cognitive health. An oceanographic research vessel initiated a two-month mapping mission in the Pacific, utilizing multi-beam sonar arrays to document topographical features of deep oceanic valleys. According to the official spokesperson, the project is funded publicly.",0
488,BREAKING: Alien spaceship spotted landing behind the White House! A localized plant extract when consumed with warm water acts as a cognitive booster and reverses cellular decay. Major food companies are buying farmland to monopolize the product. Extra report details suggest that a secret organization is involved.,1
489,"Breaking: Major city's water supply poisoned, authorities hiding truth. Classified files released by a hacker group contain stage design prints and audio recordings proving the entire space race was simulated inside a high-security warehouse in Nevada to bankrupt foreign rivals. Extra report details suggest that the media is actively censoring this.",1
490,"State university receives major research grant for renewable energy projects. Stock indexes rose slightly in European and Asian markets after negotiators signed a bilateral agricultural tariff agreement, resolving a three-month import dispute between the trading partners. According to the official spokesperson, further evaluations are scheduled.",0
491,Miracle weight loss pill doctors don't want you to know about! Insiders caught this scandalous video on camera showing a prominent celebrity in a heated exchange that the media is trying to delete. Click here to watch before it gets taken down forever! Extra report details suggest that insiders are highly worried.,1
492,"Secret society controls world bank, insider source reveals details. Insiders caught this scandalous video on camera showing a prominent celebrity in a heated exchange that the media is trying to delete. Click here to watch before it gets taken down forever! Extra report details suggest that this could change everything.",1
493,Miracle weight loss pill doctors don't want you to know about! Classified files released by a hacker group contain stage design prints and audio recordings proving the entire space race was simulated inside a high-security warehouse in Nevada to bankrupt foreign rivals. Extra report details suggest that insiders are highly worried.,1
494,"Secret society controls world bank, insider source reveals details. This revolutionary organic capsule burns fat in your sleep without dieting. Clinical trials show individuals losing forty pounds in a week. Big Pharma is attempting to ban sales to protect insulin profit margins. Extra report details suggest that a secret organization is involved.",1
495,Doctors stunned by this simple $5 trick to reverse aging overnight! Classified files released by a hacker group contain stage design prints and audio recordings proving the entire space race was simulated inside a high-security warehouse in Nevada to bankrupt foreign rivals. Extra report details suggest that the media is actively censoring this.,1
496,"Federal Reserve announces interest rate hike to combat inflation. The Department of Energy approved a federal grant for engineering departments to prototype high-efficiency photovoltaic cells capable of generating power during low-solar winter conditions. According to the official spokesperson, negotiators remain optimistic about outcomes.",0
497,"Tech conglomerate announces restructuring plan, affecting 5% of workforce. An oceanographic research vessel initiated a two-month mapping mission in the Pacific, utilizing multi-beam sonar arrays to document topographical features of deep oceanic valleys. According to the official spokesperson, further evaluations are scheduled.",0
498,"City council approves $50 million investment for public transit extension. The chief executive officer announced in a memorandum to staff that the corporation will consolidate redundant administrative roles to invest heavily in cloud infrastructure research divisions. According to the official spokesperson, negotiators remain optimistic about outcomes.",0
499,"Parliament passes landmark environmental protection bill. Stock indexes rose slightly in European and Asian markets after negotiators signed a bilateral agricultural tariff agreement, resolving a three-month import dispute between the trading partners. According to the official spokesperson, negotiators remain optimistic about outcomes.",0
500,"City council approves $50 million investment for public transit extension. The metropolitan transit authority confirmed a long-term capital budget approval to construct three new light-rail stations, aiming to connect suburban sectors to the commercial district by next autumn. According to the official spokesperson, the project is funded publicly.",0
501,Miracle weight loss pill doctors don't want you to know about! Classified files released by a hacker group contain stage design prints and audio recordings proving the entire space race was simulated inside a high-security warehouse in Nevada to bankrupt foreign rivals. Extra report details suggest that a secret organization is involved.,1
502,Doctors stunned by this simple $5 trick to reverse aging overnight! Classified files released by a hacker group contain stage design prints and audio recordings proving the entire space race was simulated inside a high-security warehouse in Nevada to bankrupt foreign rivals. Extra report details suggest that insiders are highly worried.,1
503,"State university receives major research grant for renewable energy projects. The Department of Energy approved a federal grant for engineering departments to prototype high-efficiency photovoltaic cells capable of generating power during low-solar winter conditions. According to the official spokesperson, the project is funded publicly.",0
504,"New clinical study links regular exercise to improved cognitive health. The Department of Energy approved a federal grant for engineering departments to prototype high-efficiency photovoltaic cells capable of generating power during low-solar winter conditions. According to the official spokesperson, the project is funded publicly.",0
505,Shocking video shows politician taking massive bribes in public. CCTV footage obtained by our network captures a high-ranking official stuffed envelope with cash from a shell corporation representative in exchange for state construction approvals. Extra report details suggest that the media is actively censoring this.,1
506,Doctors stunned by this simple $5 trick to reverse aging overnight! Leaked records from an offshore bank details transactions linking world leaders to a singular control board that meets annually in Switzerland to dictate inflation rates and trade wars. Extra report details suggest that this could change everything.,1
507,Miracle weight loss pill doctors don't want you to know about! A secret whistleblower has leaked documents showing a massive cover-up by pharmaceutical giants who have possessed a full cure for cancer since 1995. Shares of major healthcare corporations are skyrocketing as politicians silent on public trials. Extra report details suggest that the media is actively censoring this.,1
508,BREAKING: Alien spaceship spotted landing behind the White House! A secret whistleblower has leaked documents showing a massive cover-up by pharmaceutical giants who have possessed a full cure for cancer since 1995. Shares of major healthcare corporations are skyrocketing as politicians silent on public trials. Extra report details suggest that a secret organization is involved.,1
509,URGENT: Global elite planning immediate lockdown next Tuesday! Classified files released by a hacker group contain stage design prints and audio recordings proving the entire space race was simulated inside a high-security warehouse in Nevada to bankrupt foreign rivals. Extra report details suggest that insiders are highly worried.,1
510,Shocking video shows politician taking massive bribes in public. CCTV footage obtained by our network captures a high-ranking official stuffed envelope with cash from a shell corporation representative in exchange for state construction approvals. Extra report details suggest that a secret organization is involved.,1
511,"Global trade markets stabilize following bilateral trade agreement. The Federal Reserve Board of Governors voted on Wednesday to raise the benchmark interest rate by a quarter point, citing persistent inflation pressures in core services and labor market tightness. According to the official spokesperson, the project is funded publicly.",0
512,Doctors stunned by this simple $5 trick to reverse aging overnight! A secret whistleblower has leaked documents showing a massive cover-up by pharmaceutical giants who have possessed a full cure for cancer since 1995. Shares of major healthcare corporations are skyrocketing as politicians silent on public trials. Extra report details suggest that this could change everything.,1
513,"Tech conglomerate announces restructuring plan, affecting 5% of workforce. The Federal Reserve Board of Governors voted on Wednesday to raise the benchmark interest rate by a quarter point, citing persistent inflation pressures in core services and labor market tightness. According to the official spokesperson, further evaluations are scheduled.",0
514,"City council approves $50 million investment for public transit extension. The Federal Reserve Board of Governors voted on Wednesday to raise the benchmark interest rate by a quarter point, citing persistent inflation pressures in core services and labor market tightness. According to the official spokesperson, the project is funded publicly.",0
515,"Local health department reports decline in seasonal influenza cases. Epidemiological data released in the weekly surveillance report shows a fifteen percent drop in hospital admissions related to respiratory viruses, which health officials attribute to higher vaccination uptake. According to the official spokesperson, further evaluations are scheduled.",0
516,Shocking video shows politician taking massive bribes in public. Leaked records from an offshore bank details transactions linking world leaders to a singular control board that meets annually in Switzerland to dictate inflation rates and trade wars. Extra report details suggest that the media is actively censoring this.,1
517,"BREAKING: Alien spaceship spotted landing behind the White House! Multiple eyewitnesses reported a metallic circular craft descending from the clouds, hovering over the lawn for three minutes before accelerating into orbit. NASA refuses to answer press queries, leading to speculation. Extra report details suggest that insiders are highly worried.",1
518,"Tech conglomerate announces restructuring plan, affecting 5% of workforce. Researchers at the National Institute of Health published findings in the Journal of Medicine indicating adults who engage in moderate cardiovascular activity three times a week show higher neuron densities. According to the official spokesperson, the project is funded publicly.",0
519,"BREAKING: Alien spaceship spotted landing behind the White House! Local water distribution facilities detected high levels of dangerous chemicals, yet central administrations ordered operations to proceed normally to prevent mass panic before election seasons. Extra report details suggest that this could change everything.",1
520,Shocking video shows politician taking massive bribes in public. This revolutionary organic capsule burns fat in your sleep without dieting. Clinical trials show individuals losing forty pounds in a week. Big Pharma is attempting to ban sales to protect insulin profit margins. Extra report details suggest that this could change everything.,1
521,"Local health department reports decline in seasonal influenza cases. Researchers at the National Institute of Health published findings in the Journal of Medicine indicating adults who engage in moderate cardiovascular activity three times a week show higher neuron densities. According to the official spokesperson, negotiators remain optimistic about outcomes.",0
522,CONSPIRACY: Landmark study proves the moon landing was filmed in Hollywood. This revolutionary organic capsule burns fat in your sleep without dieting. Clinical trials show individuals losing forty pounds in a week. Big Pharma is attempting to ban sales to protect insulin profit margins. Extra report details suggest that a secret organization is involved.,1
523,CONSPIRACY: Landmark study proves the moon landing was filmed in Hollywood. An anonymous memo circulating within security agencies suggests a simulated crisis will be used to enforce emergency laws. Citizens are urged to store food and withdraw all physical cash immediately. Extra report details suggest that insiders are highly worried.,1
524,"Shocking video shows politician taking massive bribes in public. Multiple eyewitnesses reported a metallic circular craft descending from the clouds, hovering over the lawn for three minutes before accelerating into orbit. NASA refuses to answer press queries, leading to speculation. Extra report details suggest that this could change everything.",1
525,"Scientists deploy deep-sea submersibles to map unexplored trenches. The Federal Reserve Board of Governors voted on Wednesday to raise the benchmark interest rate by a quarter point, citing persistent inflation pressures in core services and labor market tightness. According to the official spokesperson, negotiators remain optimistic about outcomes.",0
526,CONSPIRACY: Landmark study proves the moon landing was filmed in Hollywood. This revolutionary organic capsule burns fat in your sleep without dieting. Clinical trials show individuals losing forty pounds in a week. Big Pharma is attempting to ban sales to protect insulin profit margins. Extra report details suggest that the media is actively censoring this.,1
527,BREAKING: Alien spaceship spotted landing behind the White House! Insiders caught this scandalous video on camera showing a prominent celebrity in a heated exchange that the media is trying to delete. Click here to watch before it gets taken down forever! Extra report details suggest that a secret organization is involved.,1
528,"Scientists deploy deep-sea submersibles to map unexplored trenches. The metropolitan transit authority confirmed a long-term capital budget approval to construct three new light-rail stations, aiming to connect suburban sectors to the commercial district by next autumn. According to the official spokesperson, further evaluations are scheduled.",0
529,SHOCKING SECRET: The government cure for cancer they hid from you! Classified files released by a hacker group contain stage design prints and audio recordings proving the entire space race was simulated inside a high-security warehouse in Nevada to bankrupt foreign rivals. Extra report details suggest that this could change everything.,1
530,"City council approves $50 million investment for public transit extension. The Federal Reserve Board of Governors voted on Wednesday to raise the benchmark interest rate by a quarter point, citing persistent inflation pressures in core services and labor market tightness. According to the official spokesperson, the policy will take effect next quarter.",0
531,Doctors stunned by this simple $5 trick to reverse aging overnight! A secret whistleblower has leaked documents showing a massive cover-up by pharmaceutical giants who have possessed a full cure for cancer since 1995. Shares of major healthcare corporations are skyrocketing as politicians silent on public trials. Extra report details suggest that the media is actively censoring this.,1
532,"CONSPIRACY: Landmark study proves the moon landing was filmed in Hollywood. Local water distribution facilities detected high levels of dangerous chemicals, yet central administrations ordered operations to proceed normally to prevent mass panic before election seasons. Extra report details suggest that this could change everything.",1
533,"City council approves $50 million investment for public transit extension. The Department of Energy approved a federal grant for engineering departments to prototype high-efficiency photovoltaic cells capable of generating power during low-solar winter conditions. According to the official spokesperson, the policy will take effect next quarter.",0
534,Shocking video shows politician taking massive bribes in public. Classified files released by a hacker group contain stage design prints and audio recordings proving the entire space race was simulated inside a high-security warehouse in Nevada to bankrupt foreign rivals. Extra report details suggest that the media is actively censoring this.,1
535,"Scientists deploy deep-sea submersibles to map unexplored trenches. The chief executive officer announced in a memorandum to staff that the corporation will consolidate redundant administrative roles to invest heavily in cloud infrastructure research divisions. According to the official spokesperson, negotiators remain optimistic about outcomes.",0
536,You won't believe what this Hollywood actor did last night! An anonymous memo circulating within security agencies suggests a simulated crisis will be used to enforce emergency laws. Citizens are urged to store food and withdraw all physical cash immediately. Extra report details suggest that the media is actively censoring this.,1
537,"City council approves $50 million investment for public transit extension. The Federal Reserve Board of Governors voted on Wednesday to raise the benchmark interest rate by a quarter point, citing persistent inflation pressures in core services and labor market tightness. According to the official spokesperson, the project is funded publicly.",0
538,"Breaking: Major city's water supply poisoned, authorities hiding truth. Multiple eyewitnesses reported a metallic circular craft descending from the clouds, hovering over the lawn for three minutes before accelerating into orbit. NASA refuses to answer press queries, leading to speculation. Extra report details suggest that a secret organization is involved.",1
539,"Secret society controls world bank, insider source reveals details. Leaked records from an offshore bank details transactions linking world leaders to a singular control board that meets annually in Switzerland to dictate inflation rates and trade wars. Extra report details suggest that the media is actively censoring this.",1
540,"Local health department reports decline in seasonal influenza cases. Stock indexes rose slightly in European and Asian markets after negotiators signed a bilateral agricultural tariff agreement, resolving a three-month import dispute between the trading partners. According to the official spokesperson, the policy will take effect next quarter.",0
541,Doctors stunned by this simple $5 trick to reverse aging overnight! CCTV footage obtained by our network captures a high-ranking official stuffed envelope with cash from a shell corporation representative in exchange for state construction approvals. Extra report details suggest that the media is actively censoring this.,1
542,BREAKING: Alien spaceship spotted landing behind the White House! Leaked records from an offshore bank details transactions linking world leaders to a singular control board that meets annually in Switzerland to dictate inflation rates and trade wars. Extra report details suggest that a secret organization is involved.,1
543,"Local health department reports decline in seasonal influenza cases. Epidemiological data released in the weekly surveillance report shows a fifteen percent drop in hospital admissions related to respiratory viruses, which health officials attribute to higher vaccination uptake. According to the official spokesperson, negotiators remain optimistic about outcomes.",0
544,"Federal Reserve announces interest rate hike to combat inflation. An oceanographic research vessel initiated a two-month mapping mission in the Pacific, utilizing multi-beam sonar arrays to document topographical features of deep oceanic valleys. According to the official spokesperson, the policy will take effect next quarter.",0
545,Shocking video shows politician taking massive bribes in public. Classified files released by a hacker group contain stage design prints and audio recordings proving the entire space race was simulated inside a high-security warehouse in Nevada to bankrupt foreign rivals. Extra report details suggest that the media is actively censoring this.,1
546,"Scientists deploy deep-sea submersibles to map unexplored trenches. A heavy-lift rocket successfully placed the advanced meteorological spacecraft into orbit on Sunday, providing forecasters with real-time infrared scans of severe storm formations over the coast. According to the official spokesperson, the project is funded publicly.",0
547,CONSPIRACY: Landmark study proves the moon landing was filmed in Hollywood. A secret whistleblower has leaked documents showing a massive cover-up by pharmaceutical giants who have possessed a full cure for cancer since 1995. Shares of major healthcare corporations are skyrocketing as politicians silent on public trials. Extra report details suggest that this could change everything.,1
548,You won't believe what this Hollywood actor did last night! Insiders caught this scandalous video on camera showing a prominent celebrity in a heated exchange that the media is trying to delete. Click here to watch before it gets taken down forever! Extra report details suggest that insiders are highly worried.,1
549,"Global trade markets stabilize following bilateral trade agreement. The metropolitan transit authority confirmed a long-term capital budget approval to construct three new light-rail stations, aiming to connect suburban sectors to the commercial district by next autumn. According to the official spokesperson, the project is funded publicly.",0
550,URGENT: Global elite planning immediate lockdown next Tuesday! An anonymous memo circulating within security agencies suggests a simulated crisis will be used to enforce emergency laws. Citizens are urged to store food and withdraw all physical cash immediately. Extra report details suggest that the media is actively censoring this.,1
551,Miracle weight loss pill doctors don't want you to know about! A secret whistleblower has leaked documents showing a massive cover-up by pharmaceutical giants who have possessed a full cure for cancer since 1995. Shares of major healthcare corporations are skyrocketing as politicians silent on public trials. Extra report details suggest that this could change everything.,1
552,"New clinical study links regular exercise to improved cognitive health. The chief executive officer announced in a memorandum to staff that the corporation will consolidate redundant administrative roles to invest heavily in cloud infrastructure research divisions. According to the official spokesperson, further evaluations are scheduled.",0
553,"Global trade markets stabilize following bilateral trade agreement. The metropolitan transit authority confirmed a long-term capital budget approval to construct three new light-rail stations, aiming to connect suburban sectors to the commercial district by next autumn. According to the official spokesperson, negotiators remain optimistic about outcomes.",0
554,"SHOCKING SECRET: The government cure for cancer they hid from you! Multiple eyewitnesses reported a metallic circular craft descending from the clouds, hovering over the lawn for three minutes before accelerating into orbit. NASA refuses to answer press queries, leading to speculation. Extra report details suggest that a secret organization is involved.",1
555,"Tech conglomerate announces restructuring plan, affecting 5% of workforce. The chief executive officer announced in a memorandum to staff that the corporation will consolidate redundant administrative roles to invest heavily in cloud infrastructure research divisions. According to the official spokesperson, negotiators remain optimistic about outcomes.",0
556,"Scientists deploy deep-sea submersibles to map unexplored trenches. Following three days of debate, lawmakers finalized a comprehensive regulation bill setting stricter carbon emission targets for heavy industry and allocating funds for regional reforestation initiatives. According to the official spokesperson, further evaluations are scheduled.",0
557,"Tech conglomerate announces restructuring plan, affecting 5% of workforce. The chief executive officer announced in a memorandum to staff that the corporation will consolidate redundant administrative roles to invest heavily in cloud infrastructure research divisions. According to the official spokesperson, the policy will take effect next quarter.",0
558,"National space agency launches new weather satellite into geostationary orbit. Following three days of debate, lawmakers finalized a comprehensive regulation bill setting stricter carbon emission targets for heavy industry and allocating funds for regional reforestation initiatives. According to the official spokesperson, negotiators remain optimistic about outcomes.",0
559,Shocking video shows politician taking massive bribes in public. This revolutionary organic capsule burns fat in your sleep without dieting. Clinical trials show individuals losing forty pounds in a week. Big Pharma is attempting to ban sales to protect insulin profit margins. Extra report details suggest that a secret organization is involved.,1
560,"City council approves $50 million investment for public transit extension. The Department of Energy approved a federal grant for engineering departments to prototype high-efficiency photovoltaic cells capable of generating power during low-solar winter conditions. According to the official spokesperson, negotiators remain optimistic about outcomes.",0
561,"Parliament passes landmark environmental protection bill. Following three days of debate, lawmakers finalized a comprehensive regulation bill setting stricter carbon emission targets for heavy industry and allocating funds for regional reforestation initiatives. According to the official spokesperson, the policy will take effect next quarter.",0
562,"Parliament passes landmark environmental protection bill. The chief executive officer announced in a memorandum to staff that the corporation will consolidate redundant administrative roles to invest heavily in cloud infrastructure research divisions. According to the official spokesperson, negotiators remain optimistic about outcomes.",0
563,"Parliament passes landmark environmental protection bill. The metropolitan transit authority confirmed a long-term capital budget approval to construct three new light-rail stations, aiming to connect suburban sectors to the commercial district by next autumn. According to the official spokesperson, negotiators remain optimistic about outcomes.",0
564,Shocking video shows politician taking massive bribes in public. A secret whistleblower has leaked documents showing a massive cover-up by pharmaceutical giants who have possessed a full cure for cancer since 1995. Shares of major healthcare corporations are skyrocketing as politicians silent on public trials. Extra report details suggest that insiders are highly worried.,1
565,URGENT: Global elite planning immediate lockdown next Tuesday! Leaked records from an offshore bank details transactions linking world leaders to a singular control board that meets annually in Switzerland to dictate inflation rates and trade wars. Extra report details suggest that a secret organization is involved.,1
566,"Tech conglomerate announces restructuring plan, affecting 5% of workforce. A heavy-lift rocket successfully placed the advanced meteorological spacecraft into orbit on Sunday, providing forecasters with real-time infrared scans of severe storm formations over the coast. According to the official spokesperson, the policy will take effect next quarter.",0
567,SHOCKING SECRET: The government cure for cancer they hid from you! Classified files released by a hacker group contain stage design prints and audio recordings proving the entire space race was simulated inside a high-security warehouse in Nevada to bankrupt foreign rivals. Extra report details suggest that insiders are highly worried.,1
568,"Parliament passes landmark environmental protection bill. Following three days of debate, lawmakers finalized a comprehensive regulation bill setting stricter carbon emission targets for heavy industry and allocating funds for regional reforestation initiatives. According to the official spokesperson, negotiators remain optimistic about outcomes.",0
569,SHOCKING SECRET: The government cure for cancer they hid from you! An anonymous memo circulating within security agencies suggests a simulated crisis will be used to enforce emergency laws. Citizens are urged to store food and withdraw all physical cash immediately. Extra report details suggest that this could change everything.,1
570,"URGENT: Global elite planning immediate lockdown next Tuesday! Multiple eyewitnesses reported a metallic circular craft descending from the clouds, hovering over the lawn for three minutes before accelerating into orbit. NASA refuses to answer press queries, leading to speculation. Extra report details suggest that this could change everything.",1
571,"Secret society controls world bank, insider source reveals details. A localized plant extract when consumed with warm water acts as a cognitive booster and reverses cellular decay. Major food companies are buying farmland to monopolize the product. Extra report details suggest that this could change everything.",1
572,CONSPIRACY: Landmark study proves the moon landing was filmed in Hollywood. CCTV footage obtained by our network captures a high-ranking official stuffed envelope with cash from a shell corporation representative in exchange for state construction approvals. Extra report details suggest that the media is actively censoring this.,1
573,"Tech conglomerate announces restructuring plan, affecting 5% of workforce. An oceanographic research vessel initiated a two-month mapping mission in the Pacific, utilizing multi-beam sonar arrays to document topographical features of deep oceanic valleys. According to the official spokesperson, the policy will take effect next quarter.",0
574,Shocking video shows politician taking massive bribes in public. Insiders caught this scandalous video on camera showing a prominent celebrity in a heated exchange that the media is trying to delete. Click here to watch before it gets taken down forever! Extra report details suggest that the media is actively censoring this.,1
575,"Secret society controls world bank, insider source reveals details. An anonymous memo circulating within security agencies suggests a simulated crisis will be used to enforce emergency laws. Citizens are urged to store food and withdraw all physical cash immediately. Extra report details suggest that the media is actively censoring this.",1
576,"New clinical study links regular exercise to improved cognitive health. An oceanographic research vessel initiated a two-month mapping mission in the Pacific, utilizing multi-beam sonar arrays to document topographical features of deep oceanic valleys. According to the official spokesperson, the project is funded publicly.",0
577,"Shocking video shows politician taking massive bribes in public. Multiple eyewitnesses reported a metallic circular craft descending from the clouds, hovering over the lawn for three minutes before accelerating into orbit. NASA refuses to answer press queries, leading to speculation. Extra report details suggest that insiders are highly worried.",1
578,"National space agency launches new weather satellite into geostationary orbit. Epidemiological data released in the weekly surveillance report shows a fifteen percent drop in hospital admissions related to respiratory viruses, which health officials attribute to higher vaccination uptake. According to the official spokesperson, the project is funded publicly.",0
579,"Secret society controls world bank, insider source reveals details. Insiders caught this scandalous video on camera showing a prominent celebrity in a heated exchange that the media is trying to delete. Click here to watch before it gets taken down forever! Extra report details suggest that this could change everything.",1
580,"City council approves $50 million investment for public transit extension. Epidemiological data released in the weekly surveillance report shows a fifteen percent drop in hospital admissions related to respiratory viruses, which health officials attribute to higher vaccination uptake. According to the official spokesperson, further evaluations are scheduled.",0
581,You won't believe what this Hollywood actor did last night! A secret whistleblower has leaked documents showing a massive cover-up by pharmaceutical giants who have possessed a full cure for cancer since 1995. Shares of major healthcare corporations are skyrocketing as politicians silent on public trials. Extra report details suggest that this could change everything.,1
582,"Parliament passes landmark environmental protection bill. The chief executive officer announced in a memorandum to staff that the corporation will consolidate redundant administrative roles to invest heavily in cloud infrastructure research divisions. According to the official spokesperson, the project is funded publicly.",0
583,"CONSPIRACY: Landmark study proves the moon landing was filmed in Hollywood. Multiple eyewitnesses reported a metallic circular craft descending from the clouds, hovering over the lawn for three minutes before accelerating into orbit. NASA refuses to answer press queries, leading to speculation. Extra report details suggest that the media is actively censoring this.",1
584,Miracle weight loss pill doctors don't want you to know about! An anonymous memo circulating within security agencies suggests a simulated crisis will be used to enforce emergency laws. Citizens are urged to store food and withdraw all physical cash immediately. Extra report details suggest that the media is actively censoring this.,1
585,"Secret society controls world bank, insider source reveals details. This revolutionary organic capsule burns fat in your sleep without dieting. Clinical trials show individuals losing forty pounds in a week. Big Pharma is attempting to ban sales to protect insulin profit margins. Extra report details suggest that a secret organization is involved.",1
586,SHOCKING SECRET: The government cure for cancer they hid from you! This revolutionary organic capsule burns fat in your sleep without dieting. Clinical trials show individuals losing forty pounds in a week. Big Pharma is attempting to ban sales to protect insulin profit margins. Extra report details suggest that insiders are highly worried.,1
587,"Local health department reports decline in seasonal influenza cases. Following three days of debate, lawmakers finalized a comprehensive regulation bill setting stricter carbon emission targets for heavy industry and allocating funds for regional reforestation initiatives. According to the official spokesperson, the policy will take effect next quarter.",0
588,SHOCKING SECRET: The government cure for cancer they hid from you! A localized plant extract when consumed with warm water acts as a cognitive booster and reverses cellular decay. Major food companies are buying farmland to monopolize the product. Extra report details suggest that a secret organization is involved.,1
589,"National space agency launches new weather satellite into geostationary orbit. The metropolitan transit authority confirmed a long-term capital budget approval to construct three new light-rail stations, aiming to connect suburban sectors to the commercial district by next autumn. According to the official spokesperson, the policy will take effect next quarter.",0
590,"Global trade markets stabilize following bilateral trade agreement. The Federal Reserve Board of Governors voted on Wednesday to raise the benchmark interest rate by a quarter point, citing persistent inflation pressures in core services and labor market tightness. According to the official spokesperson, further evaluations are scheduled.",0
591,SHOCKING SECRET: The government cure for cancer they hid from you! A secret whistleblower has leaked documents showing a massive cover-up by pharmaceutical giants who have possessed a full cure for cancer since 1995. Shares of major healthcare corporations are skyrocketing as politicians silent on public trials. Extra report details suggest that a secret organization is involved.,1
592,Doctors stunned by this simple $5 trick to reverse aging overnight! An anonymous memo circulating within security agencies suggests a simulated crisis will be used to enforce emergency laws. Citizens are urged to store food and withdraw all physical cash immediately. Extra report details suggest that insiders are highly worried.,1
593,Doctors stunned by this simple $5 trick to reverse aging overnight! An anonymous memo circulating within security agencies suggests a simulated crisis will be used to enforce emergency laws. Citizens are urged to store food and withdraw all physical cash immediately. Extra report details suggest that this could change everything.,1
594,"National space agency launches new weather satellite into geostationary orbit. The chief executive officer announced in a memorandum to staff that the corporation will consolidate redundant administrative roles to invest heavily in cloud infrastructure research divisions. According to the official spokesperson, the policy will take effect next quarter.",0
595,URGENT: Global elite planning immediate lockdown next Tuesday! Classified files released by a hacker group contain stage design prints and audio recordings proving the entire space race was simulated inside a high-security warehouse in Nevada to bankrupt foreign rivals. Extra report details suggest that a secret organization is involved.,1
596,CONSPIRACY: Landmark study proves the moon landing was filmed in Hollywood. Classified files released by a hacker group contain stage design prints and audio recordings proving the entire space race was simulated inside a high-security warehouse in Nevada to bankrupt foreign rivals. Extra report details suggest that this could change everything.,1
597,"Parliament passes landmark environmental protection bill. The chief executive officer announced in a memorandum to staff that the corporation will consolidate redundant administrative roles to invest heavily in cloud infrastructure research divisions. According to the official spokesperson, negotiators remain optimistic about outcomes.",0
598,"Secret society controls world bank, insider source reveals details. This revolutionary organic capsule burns fat in your sleep without dieting. Clinical trials show individuals losing forty pounds in a week. Big Pharma is attempting to ban sales to protect insulin profit margins. Extra report details suggest that insiders are highly worried.",1
599,"National space agency launches new weather satellite into geostationary orbit. Stock indexes rose slightly in European and Asian markets after negotiators signed a bilateral agricultural tariff agreement, resolving a three-month import dispute between the trading partners. According to the official spokesperson, negotiators remain optimistic about outcomes.",0
600,"National space agency launches new weather satellite into geostationary orbit. The Federal Reserve Board of Governors voted on Wednesday to raise the benchmark interest rate by a quarter point, citing persistent inflation pressures in core services and labor market tightness. According to the official spokesperson, negotiators remain optimistic about outcomes.",0
601,"Secret society controls world bank, insider source reveals details. An anonymous memo circulating within security agencies suggests a simulated crisis will be used to enforce emergency laws. Citizens are urged to store food and withdraw all physical cash immediately. Extra report details suggest that this could change everything.",1
602,SHOCKING SECRET: The government cure for cancer they hid from you! Insiders caught this scandalous video on camera showing a prominent celebrity in a heated exchange that the media is trying to delete. Click here to watch before it gets taken down forever! Extra report details suggest that insiders are highly worried.,1
603,"Shocking video shows politician taking massive bribes in public. Multiple eyewitnesses reported a metallic circular craft descending from the clouds, hovering over the lawn for three minutes before accelerating into orbit. NASA refuses to answer press queries, leading to speculation. Extra report details suggest that the media is actively censoring this.",1
604,"Secret society controls world bank, insider source reveals details. Insiders caught this scandalous video on camera showing a prominent celebrity in a heated exchange that the media is trying to delete. Click here to watch before it gets taken down forever! Extra report details suggest that insiders are highly worried.",1
605,"Tech conglomerate announces restructuring plan, affecting 5% of workforce. Researchers at the National Institute of Health published findings in the Journal of Medicine indicating adults who engage in moderate cardiovascular activity three times a week show higher neuron densities. According to the official spokesperson, the project is funded publicly.",0
606,"Shocking video shows politician taking massive bribes in public. Local water distribution facilities detected high levels of dangerous chemicals, yet central administrations ordered operations to proceed normally to prevent mass panic before election seasons. Extra report details suggest that the media is actively censoring this.",1
607,"State university receives major research grant for renewable energy projects. An oceanographic research vessel initiated a two-month mapping mission in the Pacific, utilizing multi-beam sonar arrays to document topographical features of deep oceanic valleys. According to the official spokesperson, the project is funded publicly.",0
608,"You won't believe what this Hollywood actor did last night! Multiple eyewitnesses reported a metallic circular craft descending from the clouds, hovering over the lawn for three minutes before accelerating into orbit. NASA refuses to answer press queries, leading to speculation. Extra report details suggest that a secret organization is involved.",1
609,"National space agency launches new weather satellite into geostationary orbit. The Department of Energy approved a federal grant for engineering departments to prototype high-efficiency photovoltaic cells capable of generating power during low-solar winter conditions. According to the official spokesperson, the policy will take effect next quarter.",0
610,"Global trade markets stabilize following bilateral trade agreement. The chief executive officer announced in a memorandum to staff that the corporation will consolidate redundant administrative roles to invest heavily in cloud infrastructure research divisions. According to the official spokesperson, the project is funded publicly.",0
611,"Secret society controls world bank, insider source reveals details. Insiders caught this scandalous video on camera showing a prominent celebrity in a heated exchange that the media is trying to delete. Click here to watch before it gets taken down forever! Extra report details suggest that the media is actively censoring this.",1
612,SHOCKING SECRET: The government cure for cancer they hid from you! A localized plant extract when consumed with warm water acts as a cognitive booster and reverses cellular decay. Major food companies are buying farmland to monopolize the product. Extra report details suggest that the media is actively censoring this.,1
613,"State university receives major research grant for renewable energy projects. Stock indexes rose slightly in European and Asian markets after negotiators signed a bilateral agricultural tariff agreement, resolving a three-month import dispute between the trading partners. According to the official spokesperson, the project is funded publicly.",0
614,CONSPIRACY: Landmark study proves the moon landing was filmed in Hollywood. This revolutionary organic capsule burns fat in your sleep without dieting. Clinical trials show individuals losing forty pounds in a week. Big Pharma is attempting to ban sales to protect insulin profit margins. Extra report details suggest that insiders are highly worried.,1
615,Shocking video shows politician taking massive bribes in public. Classified files released by a hacker group contain stage design prints and audio recordings proving the entire space race was simulated inside a high-security warehouse in Nevada to bankrupt foreign rivals. Extra report details suggest that this could change everything.,1
616,You won't believe what this Hollywood actor did last night! Classified files released by a hacker group contain stage design prints and audio recordings proving the entire space race was simulated inside a high-security warehouse in Nevada to bankrupt foreign rivals. Extra report details suggest that a secret organization is involved.,1
617,Miracle weight loss pill doctors don't want you to know about! A localized plant extract when consumed with warm water acts as a cognitive booster and reverses cellular decay. Major food companies are buying farmland to monopolize the product. Extra report details suggest that insiders are highly worried.,1
618,"City council approves $50 million investment for public transit extension. The Federal Reserve Board of Governors voted on Wednesday to raise the benchmark interest rate by a quarter point, citing persistent inflation pressures in core services and labor market tightness. According to the official spokesperson, further evaluations are scheduled.",0
619,"Secret society controls world bank, insider source reveals details. Insiders caught this scandalous video on camera showing a prominent celebrity in a heated exchange that the media is trying to delete. Click here to watch before it gets taken down forever! Extra report details suggest that a secret organization is involved.",1
620,"National space agency launches new weather satellite into geostationary orbit. The chief executive officer announced in a memorandum to staff that the corporation will consolidate redundant administrative roles to invest heavily in cloud infrastructure research divisions. According to the official spokesperson, negotiators remain optimistic about outcomes.",0
621,BREAKING: Alien spaceship spotted landing behind the White House! Classified files released by a hacker group contain stage design prints and audio recordings proving the entire space race was simulated inside a high-security warehouse in Nevada to bankrupt foreign rivals. Extra report details suggest that this could change everything.,1
622,Doctors stunned by this simple $5 trick to reverse aging overnight! A secret whistleblower has leaked documents showing a massive cover-up by pharmaceutical giants who have possessed a full cure for cancer since 1995. Shares of major healthcare corporations are skyrocketing as politicians silent on public trials. Extra report details suggest that a secret organization is involved.,1
623,"Scientists deploy deep-sea submersibles to map unexplored trenches. Stock indexes rose slightly in European and Asian markets after negotiators signed a bilateral agricultural tariff agreement, resolving a three-month import dispute between the trading partners. According to the official spokesperson, further evaluations are scheduled.",0
624,"State university receives major research grant for renewable energy projects. Stock indexes rose slightly in European and Asian markets after negotiators signed a bilateral agricultural tariff agreement, resolving a three-month import dispute between the trading partners. According to the official spokesperson, the policy will take effect next quarter.",0
625,"Breaking: Major city's water supply poisoned, authorities hiding truth. Classified files released by a hacker group contain stage design prints and audio recordings proving the entire space race was simulated inside a high-security warehouse in Nevada to bankrupt foreign rivals. Extra report details suggest that insiders are highly worried.",1
626,"Breaking: Major city's water supply poisoned, authorities hiding truth. An anonymous memo circulating within security agencies suggests a simulated crisis will be used to enforce emergency laws. Citizens are urged to store food and withdraw all physical cash immediately. Extra report details suggest that this could change everything.",1
627,"Federal Reserve announces interest rate hike to combat inflation. Epidemiological data released in the weekly surveillance report shows a fifteen percent drop in hospital admissions related to respiratory viruses, which health officials attribute to higher vaccination uptake. According to the official spokesperson, the policy will take effect next quarter.",0
628,URGENT: Global elite planning immediate lockdown next Tuesday! Insiders caught this scandalous video on camera showing a prominent celebrity in a heated exchange that the media is trying to delete. Click here to watch before it gets taken down forever! Extra report details suggest that a secret organization is involved.,1
629,"Shocking video shows politician taking massive bribes in public. Local water distribution facilities detected high levels of dangerous chemicals, yet central administrations ordered operations to proceed normally to prevent mass panic before election seasons. Extra report details suggest that this could change everything.",1
630,Miracle weight loss pill doctors don't want you to know about! This revolutionary organic capsule burns fat in your sleep without dieting. Clinical trials show individuals losing forty pounds in a week. Big Pharma is attempting to ban sales to protect insulin profit margins. Extra report details suggest that insiders are highly worried.,1
631,"Global trade markets stabilize following bilateral trade agreement. The metropolitan transit authority confirmed a long-term capital budget approval to construct three new light-rail stations, aiming to connect suburban sectors to the commercial district by next autumn. According to the official spokesperson, the policy will take effect next quarter.",0
632,You won't believe what this Hollywood actor did last night! Insiders caught this scandalous video on camera showing a prominent celebrity in a heated exchange that the media is trying to delete. Click here to watch before it gets taken down forever! Extra report details suggest that this could change everything.,1
633,"Tech conglomerate announces restructuring plan, affecting 5% of workforce. The Federal Reserve Board of Governors voted on Wednesday to raise the benchmark interest rate by a quarter point, citing persistent inflation pressures in core services and labor market tightness. According to the official spokesperson, negotiators remain optimistic about outcomes.",0
634,"City council approves $50 million investment for public transit extension. A heavy-lift rocket successfully placed the advanced meteorological spacecraft into orbit on Sunday, providing forecasters with real-time infrared scans of severe storm formations over the coast. According to the official spokesperson, the policy will take effect next quarter.",0
635,"City council approves $50 million investment for public transit extension. A heavy-lift rocket successfully placed the advanced meteorological spacecraft into orbit on Sunday, providing forecasters with real-time infrared scans of severe storm formations over the coast. According to the official spokesperson, further evaluations are scheduled.",0
636,"Breaking: Major city's water supply poisoned, authorities hiding truth. Classified files released by a hacker group contain stage design prints and audio recordings proving the entire space race was simulated inside a high-security warehouse in Nevada to bankrupt foreign rivals. Extra report details suggest that a secret organization is involved.",1
637,Shocking video shows politician taking massive bribes in public. Classified files released by a hacker group contain stage design prints and audio recordings proving the entire space race was simulated inside a high-security warehouse in Nevada to bankrupt foreign rivals. Extra report details suggest that the media is actively censoring this.,1
638,BREAKING: Alien spaceship spotted landing behind the White House! An anonymous memo circulating within security agencies suggests a simulated crisis will be used to enforce emergency laws. Citizens are urged to store food and withdraw all physical cash immediately. Extra report details suggest that this could change everything.,1
639,"National space agency launches new weather satellite into geostationary orbit. The Federal Reserve Board of Governors voted on Wednesday to raise the benchmark interest rate by a quarter point, citing persistent inflation pressures in core services and labor market tightness. According to the official spokesperson, the policy will take effect next quarter.",0
640,URGENT: Global elite planning immediate lockdown next Tuesday! This revolutionary organic capsule burns fat in your sleep without dieting. Clinical trials show individuals losing forty pounds in a week. Big Pharma is attempting to ban sales to protect insulin profit margins. Extra report details suggest that this could change everything.,1
641,"Global trade markets stabilize following bilateral trade agreement. The Federal Reserve Board of Governors voted on Wednesday to raise the benchmark interest rate by a quarter point, citing persistent inflation pressures in core services and labor market tightness. According to the official spokesperson, negotiators remain optimistic about outcomes.",0
642,"Parliament passes landmark environmental protection bill. The Department of Energy approved a federal grant for engineering departments to prototype high-efficiency photovoltaic cells capable of generating power during low-solar winter conditions. According to the official spokesperson, the project is funded publicly.",0
643,"Tech conglomerate announces restructuring plan, affecting 5% of workforce. The metropolitan transit authority confirmed a long-term capital budget approval to construct three new light-rail stations, aiming to connect suburban sectors to the commercial district by next autumn. According to the official spokesperson, further evaluations are scheduled.",0
644,"Shocking video shows politician taking massive bribes in public. Multiple eyewitnesses reported a metallic circular craft descending from the clouds, hovering over the lawn for three minutes before accelerating into orbit. NASA refuses to answer press queries, leading to speculation. Extra report details suggest that this could change everything.",1
645,CONSPIRACY: Landmark study proves the moon landing was filmed in Hollywood. CCTV footage obtained by our network captures a high-ranking official stuffed envelope with cash from a shell corporation representative in exchange for state construction approvals. Extra report details suggest that a secret organization is involved.,1
646,"You won't believe what this Hollywood actor did last night! Local water distribution facilities detected high levels of dangerous chemicals, yet central administrations ordered operations to proceed normally to prevent mass panic before election seasons. Extra report details suggest that this could change everything.",1
647,"Parliament passes landmark environmental protection bill. Researchers at the National Institute of Health published findings in the Journal of Medicine indicating adults who engage in moderate cardiovascular activity three times a week show higher neuron densities. According to the official spokesperson, the policy will take effect next quarter.",0
648,"New clinical study links regular exercise to improved cognitive health. A heavy-lift rocket successfully placed the advanced meteorological spacecraft into orbit on Sunday, providing forecasters with real-time infrared scans of severe storm formations over the coast. According to the official spokesperson, the project is funded publicly.",0
649,"Parliament passes landmark environmental protection bill. The Federal Reserve Board of Governors voted on Wednesday to raise the benchmark interest rate by a quarter point, citing persistent inflation pressures in core services and labor market tightness. According to the official spokesperson, negotiators remain optimistic about outcomes.",0
650,"Scientists deploy deep-sea submersibles to map unexplored trenches. Stock indexes rose slightly in European and Asian markets after negotiators signed a bilateral agricultural tariff agreement, resolving a three-month import dispute between the trading partners. According to the official spokesperson, the project is funded publicly.",0
651,"Breaking: Major city's water supply poisoned, authorities hiding truth. A secret whistleblower has leaked documents showing a massive cover-up by pharmaceutical giants who have possessed a full cure for cancer since 1995. Shares of major healthcare corporations are skyrocketing as politicians silent on public trials. Extra report details suggest that insiders are highly worried.",1
652,"Global trade markets stabilize following bilateral trade agreement. Stock indexes rose slightly in European and Asian markets after negotiators signed a bilateral agricultural tariff agreement, resolving a three-month import dispute between the trading partners. According to the official spokesperson, further evaluations are scheduled.",0
653,"Federal Reserve announces interest rate hike to combat inflation. The chief executive officer announced in a memorandum to staff that the corporation will consolidate redundant administrative roles to invest heavily in cloud infrastructure research divisions. According to the official spokesperson, negotiators remain optimistic about outcomes.",0
654,BREAKING: Alien spaceship spotted landing behind the White House! CCTV footage obtained by our network captures a high-ranking official stuffed envelope with cash from a shell corporation representative in exchange for state construction approvals. Extra report details suggest that a secret organization is involved.,1
655,URGENT: Global elite planning immediate lockdown next Tuesday! Classified files released by a hacker group contain stage design prints and audio recordings proving the entire space race was simulated inside a high-security warehouse in Nevada to bankrupt foreign rivals. Extra report details suggest that the media is actively censoring this.,1
656,You won't believe what this Hollywood actor did last night! A secret whistleblower has leaked documents showing a massive cover-up by pharmaceutical giants who have possessed a full cure for cancer since 1995. Shares of major healthcare corporations are skyrocketing as politicians silent on public trials. Extra report details suggest that insiders are highly worried.,1
657,"Federal Reserve announces interest rate hike to combat inflation. An oceanographic research vessel initiated a two-month mapping mission in the Pacific, utilizing multi-beam sonar arrays to document topographical features of deep oceanic valleys. According to the official spokesperson, the project is funded publicly.",0
658,"Tech conglomerate announces restructuring plan, affecting 5% of workforce. An oceanographic research vessel initiated a two-month mapping mission in the Pacific, utilizing multi-beam sonar arrays to document topographical features of deep oceanic valleys. According to the official spokesperson, the policy will take effect next quarter.",0
659,You won't believe what this Hollywood actor did last night! A localized plant extract when consumed with warm water acts as a cognitive booster and reverses cellular decay. Major food companies are buying farmland to monopolize the product. Extra report details suggest that the media is actively censoring this.,1
660,"Secret society controls world bank, insider source reveals details. Insiders caught this scandalous video on camera showing a prominent celebrity in a heated exchange that the media is trying to delete. Click here to watch before it gets taken down forever! Extra report details suggest that the media is actively censoring this.",1
661,"State university receives major research grant for renewable energy projects. A heavy-lift rocket successfully placed the advanced meteorological spacecraft into orbit on Sunday, providing forecasters with real-time infrared scans of severe storm formations over the coast. According to the official spokesperson, the policy will take effect next quarter.",0
662,"You won't believe what this Hollywood actor did last night! Multiple eyewitnesses reported a metallic circular craft descending from the clouds, hovering over the lawn for three minutes before accelerating into orbit. NASA refuses to answer press queries, leading to speculation. Extra report details suggest that insiders are highly worried.",1
663,Miracle weight loss pill doctors don't want you to know about! Leaked records from an offshore bank details transactions linking world leaders to a singular control board that meets annually in Switzerland to dictate inflation rates and trade wars. Extra report details suggest that this could change everything.,1
664,"Global trade markets stabilize following bilateral trade agreement. The metropolitan transit authority confirmed a long-term capital budget approval to construct three new light-rail stations, aiming to connect suburban sectors to the commercial district by next autumn. According to the official spokesperson, further evaluations are scheduled.",0
665,"City council approves $50 million investment for public transit extension. The metropolitan transit authority confirmed a long-term capital budget approval to construct three new light-rail stations, aiming to connect suburban sectors to the commercial district by next autumn. According to the official spokesperson, further evaluations are scheduled.",0
666,Doctors stunned by this simple $5 trick to reverse aging overnight! Leaked records from an offshore bank details transactions linking world leaders to a singular control board that meets annually in Switzerland to dictate inflation rates and trade wars. Extra report details suggest that a secret organization is involved.,1
667,Doctors stunned by this simple $5 trick to reverse aging overnight! Classified files released by a hacker group contain stage design prints and audio recordings proving the entire space race was simulated inside a high-security warehouse in Nevada to bankrupt foreign rivals. Extra report details suggest that a secret organization is involved.,1
668,Shocking video shows politician taking massive bribes in public. Leaked records from an offshore bank details transactions linking world leaders to a singular control board that meets annually in Switzerland to dictate inflation rates and trade wars. Extra report details suggest that insiders are highly worried.,1
669,"State university receives major research grant for renewable energy projects. An oceanographic research vessel initiated a two-month mapping mission in the Pacific, utilizing multi-beam sonar arrays to document topographical features of deep oceanic valleys. According to the official spokesperson, further evaluations are scheduled.",0
670,"You won't believe what this Hollywood actor did last night! Multiple eyewitnesses reported a metallic circular craft descending from the clouds, hovering over the lawn for three minutes before accelerating into orbit. NASA refuses to answer press queries, leading to speculation. Extra report details suggest that the media is actively censoring this.",1
671,"New clinical study links regular exercise to improved cognitive health. The Federal Reserve Board of Governors voted on Wednesday to raise the benchmark interest rate by a quarter point, citing persistent inflation pressures in core services and labor market tightness. According to the official spokesperson, the project is funded publicly.",0
672,Shocking video shows politician taking massive bribes in public. This revolutionary organic capsule burns fat in your sleep without dieting. Clinical trials show individuals losing forty pounds in a week. Big Pharma is attempting to ban sales to protect insulin profit margins. Extra report details suggest that this could change everything.,1
673,"Scientists deploy deep-sea submersibles to map unexplored trenches. An oceanographic research vessel initiated a two-month mapping mission in the Pacific, utilizing multi-beam sonar arrays to document topographical features of deep oceanic valleys. According to the official spokesperson, the policy will take effect next quarter.",0
674,"Parliament passes landmark environmental protection bill. Epidemiological data released in the weekly surveillance report shows a fifteen percent drop in hospital admissions related to respiratory viruses, which health officials attribute to higher vaccination uptake. According to the official spokesperson, further evaluations are scheduled.",0
675,"Scientists deploy deep-sea submersibles to map unexplored trenches. The Federal Reserve Board of Governors voted on Wednesday to raise the benchmark interest rate by a quarter point, citing persistent inflation pressures in core services and labor market tightness. According to the official spokesperson, the policy will take effect next quarter.",0
676,"Global trade markets stabilize following bilateral trade agreement. Following three days of debate, lawmakers finalized a comprehensive regulation bill setting stricter carbon emission targets for heavy industry and allocating funds for regional reforestation initiatives. According to the official spokesperson, the project is funded publicly.",0
677,"Scientists deploy deep-sea submersibles to map unexplored trenches. Epidemiological data released in the weekly surveillance report shows a fifteen percent drop in hospital admissions related to respiratory viruses, which health officials attribute to higher vaccination uptake. According to the official spokesperson, the policy will take effect next quarter.",0
678,CONSPIRACY: Landmark study proves the moon landing was filmed in Hollywood. A secret whistleblower has leaked documents showing a massive cover-up by pharmaceutical giants who have possessed a full cure for cancer since 1995. Shares of major healthcare corporations are skyrocketing as politicians silent on public trials. Extra report details suggest that insiders are highly worried.,1
679,"Federal Reserve announces interest rate hike to combat inflation. Epidemiological data released in the weekly surveillance report shows a fifteen percent drop in hospital admissions related to respiratory viruses, which health officials attribute to higher vaccination uptake. According to the official spokesperson, further evaluations are scheduled.",0
680,"State university receives major research grant for renewable energy projects. Stock indexes rose slightly in European and Asian markets after negotiators signed a bilateral agricultural tariff agreement, resolving a three-month import dispute between the trading partners. According to the official spokesperson, negotiators remain optimistic about outcomes.",0
681,Shocking video shows politician taking massive bribes in public. Insiders caught this scandalous video on camera showing a prominent celebrity in a heated exchange that the media is trying to delete. Click here to watch before it gets taken down forever! Extra report details suggest that this could change everything.,1
682,BREAKING: Alien spaceship spotted landing behind the White House! This revolutionary organic capsule burns fat in your sleep without dieting. Clinical trials show individuals losing forty pounds in a week. Big Pharma is attempting to ban sales to protect insulin profit margins. Extra report details suggest that a secret organization is involved.,1
683,"Global trade markets stabilize following bilateral trade agreement. The metropolitan transit authority confirmed a long-term capital budget approval to construct three new light-rail stations, aiming to connect suburban sectors to the commercial district by next autumn. According to the official spokesperson, further evaluations are scheduled.",0
684,"Global trade markets stabilize following bilateral trade agreement. The Department of Energy approved a federal grant for engineering departments to prototype high-efficiency photovoltaic cells capable of generating power during low-solar winter conditions. According to the official spokesperson, the project is funded publicly.",0
685,"Parliament passes landmark environmental protection bill. The Federal Reserve Board of Governors voted on Wednesday to raise the benchmark interest rate by a quarter point, citing persistent inflation pressures in core services and labor market tightness. According to the official spokesperson, negotiators remain optimistic about outcomes.",0
686,URGENT: Global elite planning immediate lockdown next Tuesday! CCTV footage obtained by our network captures a high-ranking official stuffed envelope with cash from a shell corporation representative in exchange for state construction approvals. Extra report details suggest that the media is actively censoring this.,1
687,URGENT: Global elite planning immediate lockdown next Tuesday! A secret whistleblower has leaked documents showing a massive cover-up by pharmaceutical giants who have possessed a full cure for cancer since 1995. Shares of major healthcare corporations are skyrocketing as politicians silent on public trials. Extra report details suggest that insiders are highly worried.,1
688,"Secret society controls world bank, insider source reveals details. This revolutionary organic capsule burns fat in your sleep without dieting. Clinical trials show individuals losing forty pounds in a week. Big Pharma is attempting to ban sales to protect insulin profit margins. Extra report details suggest that the media is actively censoring this.",1
689,"Federal Reserve announces interest rate hike to combat inflation. The metropolitan transit authority confirmed a long-term capital budget approval to construct three new light-rail stations, aiming to connect suburban sectors to the commercial district by next autumn. According to the official spokesperson, further evaluations are scheduled.",0
690,"City council approves $50 million investment for public transit extension. Stock indexes rose slightly in European and Asian markets after negotiators signed a bilateral agricultural tariff agreement, resolving a three-month import dispute between the trading partners. According to the official spokesperson, the project is funded publicly.",0
691,"Shocking video shows politician taking massive bribes in public. Local water distribution facilities detected high levels of dangerous chemicals, yet central administrations ordered operations to proceed normally to prevent mass panic before election seasons. Extra report details suggest that the media is actively censoring this.",1
692,"New clinical study links regular exercise to improved cognitive health. The Federal Reserve Board of Governors voted on Wednesday to raise the benchmark interest rate by a quarter point, citing persistent inflation pressures in core services and labor market tightness. According to the official spokesperson, further evaluations are scheduled.",0
693,"Parliament passes landmark environmental protection bill. A heavy-lift rocket successfully placed the advanced meteorological spacecraft into orbit on Sunday, providing forecasters with real-time infrared scans of severe storm formations over the coast. According to the official spokesperson, negotiators remain optimistic about outcomes.",0
694,Doctors stunned by this simple $5 trick to reverse aging overnight! Classified files released by a hacker group contain stage design prints and audio recordings proving the entire space race was simulated inside a high-security warehouse in Nevada to bankrupt foreign rivals. Extra report details suggest that this could change everything.,1
695,You won't believe what this Hollywood actor did last night! A secret whistleblower has leaked documents showing a massive cover-up by pharmaceutical giants who have possessed a full cure for cancer since 1995. Shares of major healthcare corporations are skyrocketing as politicians silent on public trials. Extra report details suggest that the media is actively censoring this.,1
696,"Global trade markets stabilize following bilateral trade agreement. Following three days of debate, lawmakers finalized a comprehensive regulation bill setting stricter carbon emission targets for heavy industry and allocating funds for regional reforestation initiatives. According to the official spokesperson, further evaluations are scheduled.",0
697,"Tech conglomerate announces restructuring plan, affecting 5% of workforce. The Department of Energy approved a federal grant for engineering departments to prototype high-efficiency photovoltaic cells capable of generating power during low-solar winter conditions. According to the official spokesperson, the project is funded publicly.",0
698,SHOCKING SECRET: The government cure for cancer they hid from you! Insiders caught this scandalous video on camera showing a prominent celebrity in a heated exchange that the media is trying to delete. Click here to watch before it gets taken down forever! Extra report details suggest that a secret organization is involved.,1
699,"Global trade markets stabilize following bilateral trade agreement. An oceanographic research vessel initiated a two-month mapping mission in the Pacific, utilizing multi-beam sonar arrays to document topographical features of deep oceanic valleys. According to the official spokesperson, the project is funded publicly.",0
700,SHOCKING SECRET: The government cure for cancer they hid from you! CCTV footage obtained by our network captures a high-ranking official stuffed envelope with cash from a shell corporation representative in exchange for state construction approvals. Extra report details suggest that the media is actively censoring this.,1
701,"Parliament passes landmark environmental protection bill. A heavy-lift rocket successfully placed the advanced meteorological spacecraft into orbit on Sunday, providing forecasters with real-time infrared scans of severe storm formations over the coast. According to the official spokesperson, the policy will take effect next quarter.",0
702,"Local health department reports decline in seasonal influenza cases. Following three days of debate, lawmakers finalized a comprehensive regulation bill setting stricter carbon emission targets for heavy industry and allocating funds for regional reforestation initiatives. According to the official spokesperson, further evaluations are scheduled.",0
703,"State university receives major research grant for renewable energy projects. Epidemiological data released in the weekly surveillance report shows a fifteen percent drop in hospital admissions related to respiratory viruses, which health officials attribute to higher vaccination uptake. According to the official spokesperson, further evaluations are scheduled.",0
704,"Secret society controls world bank, insider source reveals details. This revolutionary organic capsule burns fat in your sleep without dieting. Clinical trials show individuals losing forty pounds in a week. Big Pharma is attempting to ban sales to protect insulin profit margins. Extra report details suggest that this could change everything.",1
705,You won't believe what this Hollywood actor did last night! A secret whistleblower has leaked documents showing a massive cover-up by pharmaceutical giants who have possessed a full cure for cancer since 1995. Shares of major healthcare corporations are skyrocketing as politicians silent on public trials. Extra report details suggest that this could change everything.,1
706,"Global trade markets stabilize following bilateral trade agreement. Researchers at the National Institute of Health published findings in the Journal of Medicine indicating adults who engage in moderate cardiovascular activity three times a week show higher neuron densities. According to the official spokesperson, the project is funded publicly.",0
707,Miracle weight loss pill doctors don't want you to know about! An anonymous memo circulating within security agencies suggests a simulated crisis will be used to enforce emergency laws. Citizens are urged to store food and withdraw all physical cash immediately. Extra report details suggest that this could change everything.,1
708,Shocking video shows politician taking massive bribes in public. An anonymous memo circulating within security agencies suggests a simulated crisis will be used to enforce emergency laws. Citizens are urged to store food and withdraw all physical cash immediately. Extra report details suggest that the media is actively censoring this.,1
709,SHOCKING SECRET: The government cure for cancer they hid from you! CCTV footage obtained by our network captures a high-ranking official stuffed envelope with cash from a shell corporation representative in exchange for state construction approvals. Extra report details suggest that a secret organization is involved.,1
710,"Breaking: Major city's water supply poisoned, authorities hiding truth. Local water distribution facilities detected high levels of dangerous chemicals, yet central administrations ordered operations to proceed normally to prevent mass panic before election seasons. Extra report details suggest that the media is actively censoring this.",1
711,"BREAKING: Alien spaceship spotted landing behind the White House! Local water distribution facilities detected high levels of dangerous chemicals, yet central administrations ordered operations to proceed normally to prevent mass panic before election seasons. Extra report details suggest that the media is actively censoring this.",1
712,"You won't believe what this Hollywood actor did last night! Multiple eyewitnesses reported a metallic circular craft descending from the clouds, hovering over the lawn for three minutes before accelerating into orbit. NASA refuses to answer press queries, leading to speculation. Extra report details suggest that the media is actively censoring this.",1
713,"State university receives major research grant for renewable energy projects. The chief executive officer announced in a memorandum to staff that the corporation will consolidate redundant administrative roles to invest heavily in cloud infrastructure research divisions. According to the official spokesperson, the policy will take effect next quarter.",0
714,Miracle weight loss pill doctors don't want you to know about! This revolutionary organic capsule burns fat in your sleep without dieting. Clinical trials show individuals losing forty pounds in a week. Big Pharma is attempting to ban sales to protect insulin profit margins. Extra report details suggest that a secret organization is involved.,1
715,"Scientists deploy deep-sea submersibles to map unexplored trenches. An oceanographic research vessel initiated a two-month mapping mission in the Pacific, utilizing multi-beam sonar arrays to document topographical features of deep oceanic valleys. According to the official spokesperson, further evaluations are scheduled.",0
716,URGENT: Global elite planning immediate lockdown next Tuesday! CCTV footage obtained by our network captures a high-ranking official stuffed envelope with cash from a shell corporation representative in exchange for state construction approvals. Extra report details suggest that the media is actively censoring this.,1
717,"Global trade markets stabilize following bilateral trade agreement. Researchers at the National Institute of Health published findings in the Journal of Medicine indicating adults who engage in moderate cardiovascular activity three times a week show higher neuron densities. According to the official spokesperson, negotiators remain optimistic about outcomes.",0
718,"Parliament passes landmark environmental protection bill. The Department of Energy approved a federal grant for engineering departments to prototype high-efficiency photovoltaic cells capable of generating power during low-solar winter conditions. According to the official spokesperson, negotiators remain optimistic about outcomes.",0
719,"Tech conglomerate announces restructuring plan, affecting 5% of workforce. Following three days of debate, lawmakers finalized a comprehensive regulation bill setting stricter carbon emission targets for heavy industry and allocating funds for regional reforestation initiatives. According to the official spokesperson, the policy will take effect next quarter.",0
720,"Tech conglomerate announces restructuring plan, affecting 5% of workforce. The metropolitan transit authority confirmed a long-term capital budget approval to construct three new light-rail stations, aiming to connect suburban sectors to the commercial district by next autumn. According to the official spokesperson, the policy will take effect next quarter.",0
721,"Federal Reserve announces interest rate hike to combat inflation. Epidemiological data released in the weekly surveillance report shows a fifteen percent drop in hospital admissions related to respiratory viruses, which health officials attribute to higher vaccination uptake. According to the official spokesperson, the policy will take effect next quarter.",0
722,"National space agency launches new weather satellite into geostationary orbit. Stock indexes rose slightly in European and Asian markets after negotiators signed a bilateral agricultural tariff agreement, resolving a three-month import dispute between the trading partners. According to the official spokesperson, the project is funded publicly.",0
723,"Federal Reserve announces interest rate hike to combat inflation. Stock indexes rose slightly in European and Asian markets after negotiators signed a bilateral agricultural tariff agreement, resolving a three-month import dispute between the trading partners. According to the official spokesperson, negotiators remain optimistic about outcomes.",0
724,CONSPIRACY: Landmark study proves the moon landing was filmed in Hollywood. A localized plant extract when consumed with warm water acts as a cognitive booster and reverses cellular decay. Major food companies are buying farmland to monopolize the product. Extra report details suggest that insiders are highly worried.,1
725,"Breaking: Major city's water supply poisoned, authorities hiding truth. Insiders caught this scandalous video on camera showing a prominent celebrity in a heated exchange that the media is trying to delete. Click here to watch before it gets taken down forever! Extra report details suggest that a secret organization is involved.",1
726,Miracle weight loss pill doctors don't want you to know about! A localized plant extract when consumed with warm water acts as a cognitive booster and reverses cellular decay. Major food companies are buying farmland to monopolize the product. Extra report details suggest that this could change everything.,1
727,"Local health department reports decline in seasonal influenza cases. The Federal Reserve Board of Governors voted on Wednesday to raise the benchmark interest rate by a quarter point, citing persistent inflation pressures in core services and labor market tightness. According to the official spokesperson, the project is funded publicly.",0
728,SHOCKING SECRET: The government cure for cancer they hid from you! CCTV footage obtained by our network captures a high-ranking official stuffed envelope with cash from a shell corporation representative in exchange for state construction approvals. Extra report details suggest that insiders are highly worried.,1
729,"State university receives major research grant for renewable energy projects. The chief executive officer announced in a memorandum to staff that the corporation will consolidate redundant administrative roles to invest heavily in cloud infrastructure research divisions. According to the official spokesperson, further evaluations are scheduled.",0
730,"Scientists deploy deep-sea submersibles to map unexplored trenches. Following three days of debate, lawmakers finalized a comprehensive regulation bill setting stricter carbon emission targets for heavy industry and allocating funds for regional reforestation initiatives. According to the official spokesperson, the project is funded publicly.",0
731,"Parliament passes landmark environmental protection bill. Following three days of debate, lawmakers finalized a comprehensive regulation bill setting stricter carbon emission targets for heavy industry and allocating funds for regional reforestation initiatives. According to the official spokesperson, the policy will take effect next quarter.",0
732,Shocking video shows politician taking massive bribes in public. A secret whistleblower has leaked documents showing a massive cover-up by pharmaceutical giants who have possessed a full cure for cancer since 1995. Shares of major healthcare corporations are skyrocketing as politicians silent on public trials. Extra report details suggest that insiders are highly worried.,1
733,"Breaking: Major city's water supply poisoned, authorities hiding truth. Local water distribution facilities detected high levels of dangerous chemicals, yet central administrations ordered operations to proceed normally to prevent mass panic before election seasons. Extra report details suggest that insiders are highly worried.",1
734,Doctors stunned by this simple $5 trick to reverse aging overnight! Insiders caught this scandalous video on camera showing a prominent celebrity in a heated exchange that the media is trying to delete. Click here to watch before it gets taken down forever! Extra report details suggest that this could change everything.,1
735,CONSPIRACY: Landmark study proves the moon landing was filmed in Hollywood. An anonymous memo circulating within security agencies suggests a simulated crisis will be used to enforce emergency laws. Citizens are urged to store food and withdraw all physical cash immediately. Extra report details suggest that the media is actively censoring this.,1
736,URGENT: Global elite planning immediate lockdown next Tuesday! An anonymous memo circulating within security agencies suggests a simulated crisis will be used to enforce emergency laws. Citizens are urged to store food and withdraw all physical cash immediately. Extra report details suggest that insiders are highly worried.,1
737,BREAKING: Alien spaceship spotted landing behind the White House! Leaked records from an offshore bank details transactions linking world leaders to a singular control board that meets annually in Switzerland to dictate inflation rates and trade wars. Extra report details suggest that the media is actively censoring this.,1
738,"Scientists deploy deep-sea submersibles to map unexplored trenches. A heavy-lift rocket successfully placed the advanced meteorological spacecraft into orbit on Sunday, providing forecasters with real-time infrared scans of severe storm formations over the coast. According to the official spokesperson, negotiators remain optimistic about outcomes.",0
739,"Local health department reports decline in seasonal influenza cases. An oceanographic research vessel initiated a two-month mapping mission in the Pacific, utilizing multi-beam sonar arrays to document topographical features of deep oceanic valleys. According to the official spokesperson, further evaluations are scheduled.",0
740,"Scientists deploy deep-sea submersibles to map unexplored trenches. Researchers at the National Institute of Health published findings in the Journal of Medicine indicating adults who engage in moderate cardiovascular activity three times a week show higher neuron densities. According to the official spokesperson, negotiators remain optimistic about outcomes.",0
741,"Federal Reserve announces interest rate hike to combat inflation. The Department of Energy approved a federal grant for engineering departments to prototype high-efficiency photovoltaic cells capable of generating power during low-solar winter conditions. According to the official spokesperson, the policy will take effect next quarter.",0
742,"Global trade markets stabilize following bilateral trade agreement. Epidemiological data released in the weekly surveillance report shows a fifteen percent drop in hospital admissions related to respiratory viruses, which health officials attribute to higher vaccination uptake. According to the official spokesperson, negotiators remain optimistic about outcomes.",0
743,BREAKING: Alien spaceship spotted landing behind the White House! A secret whistleblower has leaked documents showing a massive cover-up by pharmaceutical giants who have possessed a full cure for cancer since 1995. Shares of major healthcare corporations are skyrocketing as politicians silent on public trials. Extra report details suggest that a secret organization is involved.,1
744,BREAKING: Alien spaceship spotted landing behind the White House! This revolutionary organic capsule burns fat in your sleep without dieting. Clinical trials show individuals losing forty pounds in a week. Big Pharma is attempting to ban sales to protect insulin profit margins. Extra report details suggest that a secret organization is involved.,1
745,"City council approves $50 million investment for public transit extension. Epidemiological data released in the weekly surveillance report shows a fifteen percent drop in hospital admissions related to respiratory viruses, which health officials attribute to higher vaccination uptake. According to the official spokesperson, negotiators remain optimistic about outcomes.",0
746,"Secret society controls world bank, insider source reveals details. Multiple eyewitnesses reported a metallic circular craft descending from the clouds, hovering over the lawn for three minutes before accelerating into orbit. NASA refuses to answer press queries, leading to speculation. Extra report details suggest that a secret organization is involved.",1
747,"Secret society controls world bank, insider source reveals details. Local water distribution facilities detected high levels of dangerous chemicals, yet central administrations ordered operations to proceed normally to prevent mass panic before election seasons. Extra report details suggest that a secret organization is involved.",1
748,"State university receives major research grant for renewable energy projects. A heavy-lift rocket successfully placed the advanced meteorological spacecraft into orbit on Sunday, providing forecasters with real-time infrared scans of severe storm formations over the coast. According to the official spokesperson, the policy will take effect next quarter.",0
749,"Scientists deploy deep-sea submersibles to map unexplored trenches. An oceanographic research vessel initiated a two-month mapping mission in the Pacific, utilizing multi-beam sonar arrays to document topographical features of deep oceanic valleys. According to the official spokesperson, the project is funded publicly.",0
750,BREAKING: Alien spaceship spotted landing behind the White House! This revolutionary organic capsule burns fat in your sleep without dieting. Clinical trials show individuals losing forty pounds in a week. Big Pharma is attempting to ban sales to protect insulin profit margins. Extra report details suggest that this could change everything.,1
751,"Federal Reserve announces interest rate hike to combat inflation. The Department of Energy approved a federal grant for engineering departments to prototype high-efficiency photovoltaic cells capable of generating power during low-solar winter conditions. According to the official spokesperson, further evaluations are scheduled.",0
752,SHOCKING SECRET: The government cure for cancer they hid from you! CCTV footage obtained by our network captures a high-ranking official stuffed envelope with cash from a shell corporation representative in exchange for state construction approvals. Extra report details suggest that a secret organization is involved.,1
753,"Parliament passes landmark environmental protection bill. Researchers at the National Institute of Health published findings in the Journal of Medicine indicating adults who engage in moderate cardiovascular activity three times a week show higher neuron densities. According to the official spokesperson, negotiators remain optimistic about outcomes.",0
754,"Breaking: Major city's water supply poisoned, authorities hiding truth. Multiple eyewitnesses reported a metallic circular craft descending from the clouds, hovering over the lawn for three minutes before accelerating into orbit. NASA refuses to answer press queries, leading to speculation. Extra report details suggest that the media is actively censoring this.",1
755,"New clinical study links regular exercise to improved cognitive health. Stock indexes rose slightly in European and Asian markets after negotiators signed a bilateral agricultural tariff agreement, resolving a three-month import dispute between the trading partners. According to the official spokesperson, the project is funded publicly.",0
756,SHOCKING SECRET: The government cure for cancer they hid from you! A localized plant extract when consumed with warm water acts as a cognitive booster and reverses cellular decay. Major food companies are buying farmland to monopolize the product. Extra report details suggest that a secret organization is involved.,1
757,"Breaking: Major city's water supply poisoned, authorities hiding truth. Insiders caught this scandalous video on camera showing a prominent celebrity in a heated exchange that the media is trying to delete. Click here to watch before it gets taken down forever! Extra report details suggest that the media is actively censoring this.",1
758,"New clinical study links regular exercise to improved cognitive health. The chief executive officer announced in a memorandum to staff that the corporation will consolidate redundant administrative roles to invest heavily in cloud infrastructure research divisions. According to the official spokesperson, negotiators remain optimistic about outcomes.",0
759,CONSPIRACY: Landmark study proves the moon landing was filmed in Hollywood. A secret whistleblower has leaked documents showing a massive cover-up by pharmaceutical giants who have possessed a full cure for cancer since 1995. Shares of major healthcare corporations are skyrocketing as politicians silent on public trials. Extra report details suggest that this could change everything.,1
760,Shocking video shows politician taking massive bribes in public. A secret whistleblower has leaked documents showing a massive cover-up by pharmaceutical giants who have possessed a full cure for cancer since 1995. Shares of major healthcare corporations are skyrocketing as politicians silent on public trials. Extra report details suggest that the media is actively censoring this.,1
761,"Scientists deploy deep-sea submersibles to map unexplored trenches. The chief executive officer announced in a memorandum to staff that the corporation will consolidate redundant administrative roles to invest heavily in cloud infrastructure research divisions. According to the official spokesperson, the policy will take effect next quarter.",0
762,"Secret society controls world bank, insider source reveals details. This revolutionary organic capsule burns fat in your sleep without dieting. Clinical trials show individuals losing forty pounds in a week. Big Pharma is attempting to ban sales to protect insulin profit margins. Extra report details suggest that this could change everything.",1
763,"Miracle weight loss pill doctors don't want you to know about! Local water distribution facilities detected high levels of dangerous chemicals, yet central administrations ordered operations to proceed normally to prevent mass panic before election seasons. Extra report details suggest that insiders are highly worried.",1
764,"Tech conglomerate announces restructuring plan, affecting 5% of workforce. The metropolitan transit authority confirmed a long-term capital budget approval to construct three new light-rail stations, aiming to connect suburban sectors to the commercial district by next autumn. According to the official spokesperson, further evaluations are scheduled.",0
765,SHOCKING SECRET: The government cure for cancer they hid from you! Leaked records from an offshore bank details transactions linking world leaders to a singular control board that meets annually in Switzerland to dictate inflation rates and trade wars. Extra report details suggest that this could change everything.,1
766,Doctors stunned by this simple $5 trick to reverse aging overnight! An anonymous memo circulating within security agencies suggests a simulated crisis will be used to enforce emergency laws. Citizens are urged to store food and withdraw all physical cash immediately. Extra report details suggest that a secret organization is involved.,1
767,Miracle weight loss pill doctors don't want you to know about! An anonymous memo circulating within security agencies suggests a simulated crisis will be used to enforce emergency laws. Citizens are urged to store food and withdraw all physical cash immediately. Extra report details suggest that the media is actively censoring this.,1
768,You won't believe what this Hollywood actor did last night! A localized plant extract when consumed with warm water acts as a cognitive booster and reverses cellular decay. Major food companies are buying farmland to monopolize the product. Extra report details suggest that this could change everything.,1
769,"New clinical study links regular exercise to improved cognitive health. The metropolitan transit authority confirmed a long-term capital budget approval to construct three new light-rail stations, aiming to connect suburban sectors to the commercial district by next autumn. According to the official spokesperson, further evaluations are scheduled.",0
770,CONSPIRACY: Landmark study proves the moon landing was filmed in Hollywood. Leaked records from an offshore bank details transactions linking world leaders to a singular control board that meets annually in Switzerland to dictate inflation rates and trade wars. Extra report details suggest that the media is actively censoring this.,1
771,CONSPIRACY: Landmark study proves the moon landing was filmed in Hollywood. Leaked records from an offshore bank details transactions linking world leaders to a singular control board that meets annually in Switzerland to dictate inflation rates and trade wars. Extra report details suggest that a secret organization is involved.,1
772,"Federal Reserve announces interest rate hike to combat inflation. An oceanographic research vessel initiated a two-month mapping mission in the Pacific, utilizing multi-beam sonar arrays to document topographical features of deep oceanic valleys. According to the official spokesperson, the project is funded publicly.",0
773,"New clinical study links regular exercise to improved cognitive health. A heavy-lift rocket successfully placed the advanced meteorological spacecraft into orbit on Sunday, providing forecasters with real-time infrared scans of severe storm formations over the coast. According to the official spokesperson, further evaluations are scheduled.",0
774,"Parliament passes landmark environmental protection bill. Stock indexes rose slightly in European and Asian markets after negotiators signed a bilateral agricultural tariff agreement, resolving a three-month import dispute between the trading partners. According to the official spokesperson, negotiators remain optimistic about outcomes.",0
775,Doctors stunned by this simple $5 trick to reverse aging overnight! Leaked records from an offshore bank details transactions linking world leaders to a singular control board that meets annually in Switzerland to dictate inflation rates and trade wars. Extra report details suggest that this could change everything.,1
776,"New clinical study links regular exercise to improved cognitive health. The chief executive officer announced in a memorandum to staff that the corporation will consolidate redundant administrative roles to invest heavily in cloud infrastructure research divisions. According to the official spokesperson, the policy will take effect next quarter.",0
777,"Global trade markets stabilize following bilateral trade agreement. The metropolitan transit authority confirmed a long-term capital budget approval to construct three new light-rail stations, aiming to connect suburban sectors to the commercial district by next autumn. According to the official spokesperson, further evaluations are scheduled.",0
778,"New clinical study links regular exercise to improved cognitive health. Epidemiological data released in the weekly surveillance report shows a fifteen percent drop in hospital admissions related to respiratory viruses, which health officials attribute to higher vaccination uptake. According to the official spokesperson, the project is funded publicly.",0
779,"National space agency launches new weather satellite into geostationary orbit. Epidemiological data released in the weekly surveillance report shows a fifteen percent drop in hospital admissions related to respiratory viruses, which health officials attribute to higher vaccination uptake. According to the official spokesperson, the policy will take effect next quarter.",0
780,"Secret society controls world bank, insider source reveals details. Local water distribution facilities detected high levels of dangerous chemicals, yet central administrations ordered operations to proceed normally to prevent mass panic before election seasons. Extra report details suggest that the media is actively censoring this.",1
781,BREAKING: Alien spaceship spotted landing behind the White House! A secret whistleblower has leaked documents showing a massive cover-up by pharmaceutical giants who have possessed a full cure for cancer since 1995. Shares of major healthcare corporations are skyrocketing as politicians silent on public trials. Extra report details suggest that this could change everything.,1
782,You won't believe what this Hollywood actor did last night! Classified files released by a hacker group contain stage design prints and audio recordings proving the entire space race was simulated inside a high-security warehouse in Nevada to bankrupt foreign rivals. Extra report details suggest that a secret organization is involved.,1
783,"Tech conglomerate announces restructuring plan, affecting 5% of workforce. Stock indexes rose slightly in European and Asian markets after negotiators signed a bilateral agricultural tariff agreement, resolving a three-month import dispute between the trading partners. According to the official spokesperson, further evaluations are scheduled.",0
784,"New clinical study links regular exercise to improved cognitive health. The Federal Reserve Board of Governors voted on Wednesday to raise the benchmark interest rate by a quarter point, citing persistent inflation pressures in core services and labor market tightness. According to the official spokesperson, the project is funded publicly.",0
785,SHOCKING SECRET: The government cure for cancer they hid from you! A secret whistleblower has leaked documents showing a massive cover-up by pharmaceutical giants who have possessed a full cure for cancer since 1995. Shares of major healthcare corporations are skyrocketing as politicians silent on public trials. Extra report details suggest that a secret organization is involved.,1
786,"State university receives major research grant for renewable energy projects. The Federal Reserve Board of Governors voted on Wednesday to raise the benchmark interest rate by a quarter point, citing persistent inflation pressures in core services and labor market tightness. According to the official spokesperson, the project is funded publicly.",0
787,"Tech conglomerate announces restructuring plan, affecting 5% of workforce. Following three days of debate, lawmakers finalized a comprehensive regulation bill setting stricter carbon emission targets for heavy industry and allocating funds for regional reforestation initiatives. According to the official spokesperson, the project is funded publicly.",0
788,"State university receives major research grant for renewable energy projects. Stock indexes rose slightly in European and Asian markets after negotiators signed a bilateral agricultural tariff agreement, resolving a three-month import dispute between the trading partners. According to the official spokesperson, further evaluations are scheduled.",0
789,"Local health department reports decline in seasonal influenza cases. An oceanographic research vessel initiated a two-month mapping mission in the Pacific, utilizing multi-beam sonar arrays to document topographical features of deep oceanic valleys. According to the official spokesperson, the policy will take effect next quarter.",0
790,"Global trade markets stabilize following bilateral trade agreement. Researchers at the National Institute of Health published findings in the Journal of Medicine indicating adults who engage in moderate cardiovascular activity three times a week show higher neuron densities. According to the official spokesperson, the policy will take effect next quarter.",0
791,"State university receives major research grant for renewable energy projects. The metropolitan transit authority confirmed a long-term capital budget approval to construct three new light-rail stations, aiming to connect suburban sectors to the commercial district by next autumn. According to the official spokesperson, the policy will take effect next quarter.",0
792,SHOCKING SECRET: The government cure for cancer they hid from you! A secret whistleblower has leaked documents showing a massive cover-up by pharmaceutical giants who have possessed a full cure for cancer since 1995. Shares of major healthcare corporations are skyrocketing as politicians silent on public trials. Extra report details suggest that this could change everything.,1
793,"New clinical study links regular exercise to improved cognitive health. A heavy-lift rocket successfully placed the advanced meteorological spacecraft into orbit on Sunday, providing forecasters with real-time infrared scans of severe storm formations over the coast. According to the official spokesperson, negotiators remain optimistic about outcomes.",0
794,Shocking video shows politician taking massive bribes in public. Classified files released by a hacker group contain stage design prints and audio recordings proving the entire space race was simulated inside a high-security warehouse in Nevada to bankrupt foreign rivals. Extra report details suggest that a secret organization is involved.,1
795,URGENT: Global elite planning immediate lockdown next Tuesday! Insiders caught this scandalous video on camera showing a prominent celebrity in a heated exchange that the media is trying to delete. Click here to watch before it gets taken down forever! Extra report details suggest that insiders are highly worried.,1
796,"State university receives major research grant for renewable energy projects. The chief executive officer announced in a memorandum to staff that the corporation will consolidate redundant administrative roles to invest heavily in cloud infrastructure research divisions. According to the official spokesperson, the project is funded publicly.",0
797,"Secret society controls world bank, insider source reveals details. A localized plant extract when consumed with warm water acts as a cognitive booster and reverses cellular decay. Major food companies are buying farmland to monopolize the product. Extra report details suggest that the media is actively censoring this.",1
798,"Breaking: Major city's water supply poisoned, authorities hiding truth. A localized plant extract when consumed with warm water acts as a cognitive booster and reverses cellular decay. Major food companies are buying farmland to monopolize the product. Extra report details suggest that insiders are highly worried.",1
799,"Tech conglomerate announces restructuring plan, affecting 5% of workforce. Following three days of debate, lawmakers finalized a comprehensive regulation bill setting stricter carbon emission targets for heavy industry and allocating funds for regional reforestation initiatives. According to the official spokesperson, negotiators remain optimistic about outcomes.",0
800,"Doctors stunned by this simple $5 trick to reverse aging overnight! Multiple eyewitnesses reported a metallic circular craft descending from the clouds, hovering over the lawn for three minutes before accelerating into orbit. NASA refuses to answer press queries, leading to speculation. Extra report details suggest that this could change everything.",1
801,SHOCKING SECRET: The government cure for cancer they hid from you! This revolutionary organic capsule burns fat in your sleep without dieting. Clinical trials show individuals losing forty pounds in a week. Big Pharma is attempting to ban sales to protect insulin profit margins. Extra report details suggest that a secret organization is involved.,1
802,Shocking video shows politician taking massive bribes in public. CCTV footage obtained by our network captures a high-ranking official stuffed envelope with cash from a shell corporation representative in exchange for state construction approvals. Extra report details suggest that the media is actively censoring this.,1
803,"Tech conglomerate announces restructuring plan, affecting 5% of workforce. The Department of Energy approved a federal grant for engineering departments to prototype high-efficiency photovoltaic cells capable of generating power during low-solar winter conditions. According to the official spokesperson, negotiators remain optimistic about outcomes.",0
804,"Local health department reports decline in seasonal influenza cases. Epidemiological data released in the weekly surveillance report shows a fifteen percent drop in hospital admissions related to respiratory viruses, which health officials attribute to higher vaccination uptake. According to the official spokesperson, further evaluations are scheduled.",0
805,BREAKING: Alien spaceship spotted landing behind the White House! An anonymous memo circulating within security agencies suggests a simulated crisis will be used to enforce emergency laws. Citizens are urged to store food and withdraw all physical cash immediately. Extra report details suggest that this could change everything.,1
806,"URGENT: Global elite planning immediate lockdown next Tuesday! Multiple eyewitnesses reported a metallic circular craft descending from the clouds, hovering over the lawn for three minutes before accelerating into orbit. NASA refuses to answer press queries, leading to speculation. Extra report details suggest that the media is actively censoring this.",1
807,"Scientists deploy deep-sea submersibles to map unexplored trenches. The Department of Energy approved a federal grant for engineering departments to prototype high-efficiency photovoltaic cells capable of generating power during low-solar winter conditions. According to the official spokesperson, the policy will take effect next quarter.",0
808,SHOCKING SECRET: The government cure for cancer they hid from you! A localized plant extract when consumed with warm water acts as a cognitive booster and reverses cellular decay. Major food companies are buying farmland to monopolize the product. Extra report details suggest that this could change everything.,1
809,"Global trade markets stabilize following bilateral trade agreement. Following three days of debate, lawmakers finalized a comprehensive regulation bill setting stricter carbon emission targets for heavy industry and allocating funds for regional reforestation initiatives. According to the official spokesperson, the policy will take effect next quarter.",0
810,"New clinical study links regular exercise to improved cognitive health. Epidemiological data released in the weekly surveillance report shows a fifteen percent drop in hospital admissions related to respiratory viruses, which health officials attribute to higher vaccination uptake. According to the official spokesperson, further evaluations are scheduled.",0
811,"State university receives major research grant for renewable energy projects. The metropolitan transit authority confirmed a long-term capital budget approval to construct three new light-rail stations, aiming to connect suburban sectors to the commercial district by next autumn. According to the official spokesperson, the policy will take effect next quarter.",0
812,"National space agency launches new weather satellite into geostationary orbit. Following three days of debate, lawmakers finalized a comprehensive regulation bill setting stricter carbon emission targets for heavy industry and allocating funds for regional reforestation initiatives. According to the official spokesperson, further evaluations are scheduled.",0
813,SHOCKING SECRET: The government cure for cancer they hid from you! Leaked records from an offshore bank details transactions linking world leaders to a singular control board that meets annually in Switzerland to dictate inflation rates and trade wars. Extra report details suggest that insiders are highly worried.,1
814,You won't believe what this Hollywood actor did last night! Classified files released by a hacker group contain stage design prints and audio recordings proving the entire space race was simulated inside a high-security warehouse in Nevada to bankrupt foreign rivals. Extra report details suggest that this could change everything.,1
815,"National space agency launches new weather satellite into geostationary orbit. Stock indexes rose slightly in European and Asian markets after negotiators signed a bilateral agricultural tariff agreement, resolving a three-month import dispute between the trading partners. According to the official spokesperson, the policy will take effect next quarter.",0
816,"Breaking: Major city's water supply poisoned, authorities hiding truth. Insiders caught this scandalous video on camera showing a prominent celebrity in a heated exchange that the media is trying to delete. Click here to watch before it gets taken down forever! Extra report details suggest that the media is actively censoring this.",1
817,CONSPIRACY: Landmark study proves the moon landing was filmed in Hollywood. A secret whistleblower has leaked documents showing a massive cover-up by pharmaceutical giants who have possessed a full cure for cancer since 1995. Shares of major healthcare corporations are skyrocketing as politicians silent on public trials. Extra report details suggest that insiders are highly worried.,1
818,SHOCKING SECRET: The government cure for cancer they hid from you! CCTV footage obtained by our network captures a high-ranking official stuffed envelope with cash from a shell corporation representative in exchange for state construction approvals. Extra report details suggest that a secret organization is involved.,1
819,"City council approves $50 million investment for public transit extension. An oceanographic research vessel initiated a two-month mapping mission in the Pacific, utilizing multi-beam sonar arrays to document topographical features of deep oceanic valleys. According to the official spokesperson, further evaluations are scheduled.",0
820,"Miracle weight loss pill doctors don't want you to know about! Multiple eyewitnesses reported a metallic circular craft descending from the clouds, hovering over the lawn for three minutes before accelerating into orbit. NASA refuses to answer press queries, leading to speculation. Extra report details suggest that this could change everything.",1
821,"Global trade markets stabilize following bilateral trade agreement. The Department of Energy approved a federal grant for engineering departments to prototype high-efficiency photovoltaic cells capable of generating power during low-solar winter conditions. According to the official spokesperson, further evaluations are scheduled.",0
822,"Tech conglomerate announces restructuring plan, affecting 5% of workforce. A heavy-lift rocket successfully placed the advanced meteorological spacecraft into orbit on Sunday, providing forecasters with real-time infrared scans of severe storm formations over the coast. According to the official spokesperson, the policy will take effect next quarter.",0
823,CONSPIRACY: Landmark study proves the moon landing was filmed in Hollywood. Leaked records from an offshore bank details transactions linking world leaders to a singular control board that meets annually in Switzerland to dictate inflation rates and trade wars. Extra report details suggest that the media is actively censoring this.,1
824,"New clinical study links regular exercise to improved cognitive health. The metropolitan transit authority confirmed a long-term capital budget approval to construct three new light-rail stations, aiming to connect suburban sectors to the commercial district by next autumn. According to the official spokesperson, the policy will take effect next quarter.",0
825,"Tech conglomerate announces restructuring plan, affecting 5% of workforce. Following three days of debate, lawmakers finalized a comprehensive regulation bill setting stricter carbon emission targets for heavy industry and allocating funds for regional reforestation initiatives. According to the official spokesperson, the policy will take effect next quarter.",0
826,SHOCKING SECRET: The government cure for cancer they hid from you! A localized plant extract when consumed with warm water acts as a cognitive booster and reverses cellular decay. Major food companies are buying farmland to monopolize the product. Extra report details suggest that a secret organization is involved.,1
827,"New clinical study links regular exercise to improved cognitive health. The Federal Reserve Board of Governors voted on Wednesday to raise the benchmark interest rate by a quarter point, citing persistent inflation pressures in core services and labor market tightness. According to the official spokesperson, the policy will take effect next quarter.",0
828,BREAKING: Alien spaceship spotted landing behind the White House! Leaked records from an offshore bank details transactions linking world leaders to a singular control board that meets annually in Switzerland to dictate inflation rates and trade wars. Extra report details suggest that this could change everything.,1
829,"Miracle weight loss pill doctors don't want you to know about! Multiple eyewitnesses reported a metallic circular craft descending from the clouds, hovering over the lawn for three minutes before accelerating into orbit. NASA refuses to answer press queries, leading to speculation. Extra report details suggest that the media is actively censoring this.",1
830,"Parliament passes landmark environmental protection bill. An oceanographic research vessel initiated a two-month mapping mission in the Pacific, utilizing multi-beam sonar arrays to document topographical features of deep oceanic valleys. According to the official spokesperson, the policy will take effect next quarter.",0
831,URGENT: Global elite planning immediate lockdown next Tuesday! Classified files released by a hacker group contain stage design prints and audio recordings proving the entire space race was simulated inside a high-security warehouse in Nevada to bankrupt foreign rivals. Extra report details suggest that this could change everything.,1
832,"Tech conglomerate announces restructuring plan, affecting 5% of workforce. Stock indexes rose slightly in European and Asian markets after negotiators signed a bilateral agricultural tariff agreement, resolving a three-month import dispute between the trading partners. According to the official spokesperson, the project is funded publicly.",0
833,"City council approves $50 million investment for public transit extension. The metropolitan transit authority confirmed a long-term capital budget approval to construct three new light-rail stations, aiming to connect suburban sectors to the commercial district by next autumn. According to the official spokesperson, the project is funded publicly.",0
834,BREAKING: Alien spaceship spotted landing behind the White House! CCTV footage obtained by our network captures a high-ranking official stuffed envelope with cash from a shell corporation representative in exchange for state construction approvals. Extra report details suggest that a secret organization is involved.,1
835,"Shocking video shows politician taking massive bribes in public. Multiple eyewitnesses reported a metallic circular craft descending from the clouds, hovering over the lawn for three minutes before accelerating into orbit. NASA refuses to answer press queries, leading to speculation. Extra report details suggest that insiders are highly worried.",1
836,"Tech conglomerate announces restructuring plan, affecting 5% of workforce. The metropolitan transit authority confirmed a long-term capital budget approval to construct three new light-rail stations, aiming to connect suburban sectors to the commercial district by next autumn. According to the official spokesperson, negotiators remain optimistic about outcomes.",0
837,"BREAKING: Alien spaceship spotted landing behind the White House! Multiple eyewitnesses reported a metallic circular craft descending from the clouds, hovering over the lawn for three minutes before accelerating into orbit. NASA refuses to answer press queries, leading to speculation. Extra report details suggest that a secret organization is involved.",1
838,"Federal Reserve announces interest rate hike to combat inflation. The metropolitan transit authority confirmed a long-term capital budget approval to construct three new light-rail stations, aiming to connect suburban sectors to the commercial district by next autumn. According to the official spokesperson, the project is funded publicly.",0
839,"Breaking: Major city's water supply poisoned, authorities hiding truth. Insiders caught this scandalous video on camera showing a prominent celebrity in a heated exchange that the media is trying to delete. Click here to watch before it gets taken down forever! Extra report details suggest that the media is actively censoring this.",1
840,"City council approves $50 million investment for public transit extension. The metropolitan transit authority confirmed a long-term capital budget approval to construct three new light-rail stations, aiming to connect suburban sectors to the commercial district by next autumn. According to the official spokesperson, the project is funded publicly.",0
841,"State university receives major research grant for renewable energy projects. The metropolitan transit authority confirmed a long-term capital budget approval to construct three new light-rail stations, aiming to connect suburban sectors to the commercial district by next autumn. According to the official spokesperson, negotiators remain optimistic about outcomes.",0
842,SHOCKING SECRET: The government cure for cancer they hid from you! Leaked records from an offshore bank details transactions linking world leaders to a singular control board that meets annually in Switzerland to dictate inflation rates and trade wars. Extra report details suggest that the media is actively censoring this.,1
843,"New clinical study links regular exercise to improved cognitive health. Stock indexes rose slightly in European and Asian markets after negotiators signed a bilateral agricultural tariff agreement, resolving a three-month import dispute between the trading partners. According to the official spokesperson, negotiators remain optimistic about outcomes.",0
844,Shocking video shows politician taking massive bribes in public. A localized plant extract when consumed with warm water acts as a cognitive booster and reverses cellular decay. Major food companies are buying farmland to monopolize the product. Extra report details suggest that a secret organization is involved.,1
845,"Parliament passes landmark environmental protection bill. Researchers at the National Institute of Health published findings in the Journal of Medicine indicating adults who engage in moderate cardiovascular activity three times a week show higher neuron densities. According to the official spokesperson, further evaluations are scheduled.",0
846,"City council approves $50 million investment for public transit extension. The Department of Energy approved a federal grant for engineering departments to prototype high-efficiency photovoltaic cells capable of generating power during low-solar winter conditions. According to the official spokesperson, further evaluations are scheduled.",0
847,"Parliament passes landmark environmental protection bill. Following three days of debate, lawmakers finalized a comprehensive regulation bill setting stricter carbon emission targets for heavy industry and allocating funds for regional reforestation initiatives. According to the official spokesperson, the policy will take effect next quarter.",0
848,"Secret society controls world bank, insider source reveals details. A localized plant extract when consumed with warm water acts as a cognitive booster and reverses cellular decay. Major food companies are buying farmland to monopolize the product. Extra report details suggest that this could change everything.",1
849,"Shocking video shows politician taking massive bribes in public. Local water distribution facilities detected high levels of dangerous chemicals, yet central administrations ordered operations to proceed normally to prevent mass panic before election seasons. Extra report details suggest that the media is actively censoring this.",1
850,You won't believe what this Hollywood actor did last night! A secret whistleblower has leaked documents showing a massive cover-up by pharmaceutical giants who have possessed a full cure for cancer since 1995. Shares of major healthcare corporations are skyrocketing as politicians silent on public trials. Extra report details suggest that the media is actively censoring this.,1
851,"New clinical study links regular exercise to improved cognitive health. The Department of Energy approved a federal grant for engineering departments to prototype high-efficiency photovoltaic cells capable of generating power during low-solar winter conditions. According to the official spokesperson, further evaluations are scheduled.",0
852,"National space agency launches new weather satellite into geostationary orbit. The metropolitan transit authority confirmed a long-term capital budget approval to construct three new light-rail stations, aiming to connect suburban sectors to the commercial district by next autumn. According to the official spokesperson, the policy will take effect next quarter.",0
853,"City council approves $50 million investment for public transit extension. Stock indexes rose slightly in European and Asian markets after negotiators signed a bilateral agricultural tariff agreement, resolving a three-month import dispute between the trading partners. According to the official spokesperson, negotiators remain optimistic about outcomes.",0
854,"Local health department reports decline in seasonal influenza cases. The Federal Reserve Board of Governors voted on Wednesday to raise the benchmark interest rate by a quarter point, citing persistent inflation pressures in core services and labor market tightness. According to the official spokesperson, the policy will take effect next quarter.",0
855,"Global trade markets stabilize following bilateral trade agreement. The Federal Reserve Board of Governors voted on Wednesday to raise the benchmark interest rate by a quarter point, citing persistent inflation pressures in core services and labor market tightness. According to the official spokesperson, the policy will take effect next quarter.",0
856,"Breaking: Major city's water supply poisoned, authorities hiding truth. Local water distribution facilities detected high levels of dangerous chemicals, yet central administrations ordered operations to proceed normally to prevent mass panic before election seasons. Extra report details suggest that this could change everything.",1
857,"Secret society controls world bank, insider source reveals details. Classified files released by a hacker group contain stage design prints and audio recordings proving the entire space race was simulated inside a high-security warehouse in Nevada to bankrupt foreign rivals. Extra report details suggest that insiders are highly worried.",1
858,"Federal Reserve announces interest rate hike to combat inflation. Stock indexes rose slightly in European and Asian markets after negotiators signed a bilateral agricultural tariff agreement, resolving a three-month import dispute between the trading partners. According to the official spokesperson, negotiators remain optimistic about outcomes.",0
859,"Local health department reports decline in seasonal influenza cases. The metropolitan transit authority confirmed a long-term capital budget approval to construct three new light-rail stations, aiming to connect suburban sectors to the commercial district by next autumn. According to the official spokesperson, the policy will take effect next quarter.",0
860,"Scientists deploy deep-sea submersibles to map unexplored trenches. Following three days of debate, lawmakers finalized a comprehensive regulation bill setting stricter carbon emission targets for heavy industry and allocating funds for regional reforestation initiatives. According to the official spokesperson, the project is funded publicly.",0
861,URGENT: Global elite planning immediate lockdown next Tuesday! A secret whistleblower has leaked documents showing a massive cover-up by pharmaceutical giants who have possessed a full cure for cancer since 1995. Shares of major healthcare corporations are skyrocketing as politicians silent on public trials. Extra report details suggest that a secret organization is involved.,1
862,"New clinical study links regular exercise to improved cognitive health. The Department of Energy approved a federal grant for engineering departments to prototype high-efficiency photovoltaic cells capable of generating power during low-solar winter conditions. According to the official spokesperson, the project is funded publicly.",0
863,"Parliament passes landmark environmental protection bill. Researchers at the National Institute of Health published findings in the Journal of Medicine indicating adults who engage in moderate cardiovascular activity three times a week show higher neuron densities. According to the official spokesperson, negotiators remain optimistic about outcomes.",0
864,"City council approves $50 million investment for public transit extension. Following three days of debate, lawmakers finalized a comprehensive regulation bill setting stricter carbon emission targets for heavy industry and allocating funds for regional reforestation initiatives. According to the official spokesperson, further evaluations are scheduled.",0
865,"Federal Reserve announces interest rate hike to combat inflation. The metropolitan transit authority confirmed a long-term capital budget approval to construct three new light-rail stations, aiming to connect suburban sectors to the commercial district by next autumn. According to the official spokesperson, further evaluations are scheduled.",0
866,Miracle weight loss pill doctors don't want you to know about! Insiders caught this scandalous video on camera showing a prominent celebrity in a heated exchange that the media is trying to delete. Click here to watch before it gets taken down forever! Extra report details suggest that this could change everything.,1
867,"Parliament passes landmark environmental protection bill. Researchers at the National Institute of Health published findings in the Journal of Medicine indicating adults who engage in moderate cardiovascular activity three times a week show higher neuron densities. According to the official spokesperson, negotiators remain optimistic about outcomes.",0
868,"Scientists deploy deep-sea submersibles to map unexplored trenches. Epidemiological data released in the weekly surveillance report shows a fifteen percent drop in hospital admissions related to respiratory viruses, which health officials attribute to higher vaccination uptake. According to the official spokesperson, the policy will take effect next quarter.",0
869,"State university receives major research grant for renewable energy projects. The Department of Energy approved a federal grant for engineering departments to prototype high-efficiency photovoltaic cells capable of generating power during low-solar winter conditions. According to the official spokesperson, the policy will take effect next quarter.",0
870,"Breaking: Major city's water supply poisoned, authorities hiding truth. Classified files released by a hacker group contain stage design prints and audio recordings proving the entire space race was simulated inside a high-security warehouse in Nevada to bankrupt foreign rivals. Extra report details suggest that insiders are highly worried.",1
871,"Breaking: Major city's water supply poisoned, authorities hiding truth. Multiple eyewitnesses reported a metallic circular craft descending from the clouds, hovering over the lawn for three minutes before accelerating into orbit. NASA refuses to answer press queries, leading to speculation. Extra report details suggest that insiders are highly worried.",1
872,URGENT: Global elite planning immediate lockdown next Tuesday! Insiders caught this scandalous video on camera showing a prominent celebrity in a heated exchange that the media is trying to delete. Click here to watch before it gets taken down forever! Extra report details suggest that this could change everything.,1
873,CONSPIRACY: Landmark study proves the moon landing was filmed in Hollywood. Classified files released by a hacker group contain stage design prints and audio recordings proving the entire space race was simulated inside a high-security warehouse in Nevada to bankrupt foreign rivals. Extra report details suggest that insiders are highly worried.,1
874,"New clinical study links regular exercise to improved cognitive health. Stock indexes rose slightly in European and Asian markets after negotiators signed a bilateral agricultural tariff agreement, resolving a three-month import dispute between the trading partners. According to the official spokesperson, negotiators remain optimistic about outcomes.",0
875,"Federal Reserve announces interest rate hike to combat inflation. Researchers at the National Institute of Health published findings in the Journal of Medicine indicating adults who engage in moderate cardiovascular activity three times a week show higher neuron densities. According to the official spokesperson, the project is funded publicly.",0
876,CONSPIRACY: Landmark study proves the moon landing was filmed in Hollywood. A secret whistleblower has leaked documents showing a massive cover-up by pharmaceutical giants who have possessed a full cure for cancer since 1995. Shares of major healthcare corporations are skyrocketing as politicians silent on public trials. Extra report details suggest that the media is actively censoring this.,1
877,SHOCKING SECRET: The government cure for cancer they hid from you! Classified files released by a hacker group contain stage design prints and audio recordings proving the entire space race was simulated inside a high-security warehouse in Nevada to bankrupt foreign rivals. Extra report details suggest that the media is actively censoring this.,1
878,"New clinical study links regular exercise to improved cognitive health. A heavy-lift rocket successfully placed the advanced meteorological spacecraft into orbit on Sunday, providing forecasters with real-time infrared scans of severe storm formations over the coast. According to the official spokesperson, the policy will take effect next quarter.",0
879,"Global trade markets stabilize following bilateral trade agreement. Epidemiological data released in the weekly surveillance report shows a fifteen percent drop in hospital admissions related to respiratory viruses, which health officials attribute to higher vaccination uptake. According to the official spokesperson, further evaluations are scheduled.",0
880,"State university receives major research grant for renewable energy projects. The Federal Reserve Board of Governors voted on Wednesday to raise the benchmark interest rate by a quarter point, citing persistent inflation pressures in core services and labor market tightness. According to the official spokesperson, the project is funded publicly.",0
881,"You won't believe what this Hollywood actor did last night! Multiple eyewitnesses reported a metallic circular craft descending from the clouds, hovering over the lawn for three minutes before accelerating into orbit. NASA refuses to answer press queries, leading to speculation. Extra report details suggest that a secret organization is involved.",1
882,"URGENT: Global elite planning immediate lockdown next Tuesday! Multiple eyewitnesses reported a metallic circular craft descending from the clouds, hovering over the lawn for three minutes before accelerating into orbit. NASA refuses to answer press queries, leading to speculation. Extra report details suggest that the media is actively censoring this.",1
883,Miracle weight loss pill doctors don't want you to know about! Leaked records from an offshore bank details transactions linking world leaders to a singular control board that meets annually in Switzerland to dictate inflation rates and trade wars. Extra report details suggest that the media is actively censoring this.,1
884,"Breaking: Major city's water supply poisoned, authorities hiding truth. This revolutionary organic capsule burns fat in your sleep without dieting. Clinical trials show individuals losing forty pounds in a week. Big Pharma is attempting to ban sales to protect insulin profit margins. Extra report details suggest that a secret organization is involved.",1
885,"City council approves $50 million investment for public transit extension. Following three days of debate, lawmakers finalized a comprehensive regulation bill setting stricter carbon emission targets for heavy industry and allocating funds for regional reforestation initiatives. According to the official spokesperson, the policy will take effect next quarter.",0
886,"State university receives major research grant for renewable energy projects. An oceanographic research vessel initiated a two-month mapping mission in the Pacific, utilizing multi-beam sonar arrays to document topographical features of deep oceanic valleys. According to the official spokesperson, further evaluations are scheduled.",0
887,"Local health department reports decline in seasonal influenza cases. The Federal Reserve Board of Governors voted on Wednesday to raise the benchmark interest rate by a quarter point, citing persistent inflation pressures in core services and labor market tightness. According to the official spokesperson, further evaluations are scheduled.",0
888,"National space agency launches new weather satellite into geostationary orbit. Following three days of debate, lawmakers finalized a comprehensive regulation bill setting stricter carbon emission targets for heavy industry and allocating funds for regional reforestation initiatives. According to the official spokesperson, the project is funded publicly.",0
889,SHOCKING SECRET: The government cure for cancer they hid from you! Classified files released by a hacker group contain stage design prints and audio recordings proving the entire space race was simulated inside a high-security warehouse in Nevada to bankrupt foreign rivals. Extra report details suggest that insiders are highly worried.,1
890,"Miracle weight loss pill doctors don't want you to know about! Local water distribution facilities detected high levels of dangerous chemicals, yet central administrations ordered operations to proceed normally to prevent mass panic before election seasons. Extra report details suggest that the media is actively censoring this.",1
891,"CONSPIRACY: Landmark study proves the moon landing was filmed in Hollywood. Local water distribution facilities detected high levels of dangerous chemicals, yet central administrations ordered operations to proceed normally to prevent mass panic before election seasons. Extra report details suggest that the media is actively censoring this.",1
892,"Shocking video shows politician taking massive bribes in public. Local water distribution facilities detected high levels of dangerous chemicals, yet central administrations ordered operations to proceed normally to prevent mass panic before election seasons. Extra report details suggest that a secret organization is involved.",1
893,URGENT: Global elite planning immediate lockdown next Tuesday! A localized plant extract when consumed with warm water acts as a cognitive booster and reverses cellular decay. Major food companies are buying farmland to monopolize the product. Extra report details suggest that a secret organization is involved.,1
894,"State university receives major research grant for renewable energy projects. The chief executive officer announced in a memorandum to staff that the corporation will consolidate redundant administrative roles to invest heavily in cloud infrastructure research divisions. According to the official spokesperson, negotiators remain optimistic about outcomes.",0
895,"You won't believe what this Hollywood actor did last night! Multiple eyewitnesses reported a metallic circular craft descending from the clouds, hovering over the lawn for three minutes before accelerating into orbit. NASA refuses to answer press queries, leading to speculation. Extra report details suggest that this could change everything.",1
896,"You won't believe what this Hollywood actor did last night! Local water distribution facilities detected high levels of dangerous chemicals, yet central administrations ordered operations to proceed normally to prevent mass panic before election seasons. Extra report details suggest that a secret organization is involved.",1
897,Shocking video shows politician taking massive bribes in public. A localized plant extract when consumed with warm water acts as a cognitive booster and reverses cellular decay. Major food companies are buying farmland to monopolize the product. Extra report details suggest that insiders are highly worried.,1
898,BREAKING: Alien spaceship spotted landing behind the White House! Leaked records from an offshore bank details transactions linking world leaders to a singular control board that meets annually in Switzerland to dictate inflation rates and trade wars. Extra report details suggest that a secret organization is involved.,1
899,"Secret society controls world bank, insider source reveals details. A localized plant extract when consumed with warm water acts as a cognitive booster and reverses cellular decay. Major food companies are buying farmland to monopolize the product. Extra report details suggest that the media is actively censoring this.",1
900,URGENT: Global elite planning immediate lockdown next Tuesday! Classified files released by a hacker group contain stage design prints and audio recordings proving the entire space race was simulated inside a high-security warehouse in Nevada to bankrupt foreign rivals. Extra report details suggest that this could change everything.,1
901,Shocking video shows politician taking massive bribes in public. Insiders caught this scandalous video on camera showing a prominent celebrity in a heated exchange that the media is trying to delete. Click here to watch before it gets taken down forever! Extra report details suggest that this could change everything.,1
902,"Global trade markets stabilize following bilateral trade agreement. The metropolitan transit authority confirmed a long-term capital budget approval to construct three new light-rail stations, aiming to connect suburban sectors to the commercial district by next autumn. According to the official spokesperson, negotiators remain optimistic about outcomes.",0
903,"Tech conglomerate announces restructuring plan, affecting 5% of workforce. An oceanographic research vessel initiated a two-month mapping mission in the Pacific, utilizing multi-beam sonar arrays to document topographical features of deep oceanic valleys. According to the official spokesperson, the policy will take effect next quarter.",0
904,"Tech conglomerate announces restructuring plan, affecting 5% of workforce. An oceanographic research vessel initiated a two-month mapping mission in the Pacific, utilizing multi-beam sonar arrays to document topographical features of deep oceanic valleys. According to the official spokesperson, further evaluations are scheduled.",0
905,"Federal Reserve announces interest rate hike to combat inflation. The Federal Reserve Board of Governors voted on Wednesday to raise the benchmark interest rate by a quarter point, citing persistent inflation pressures in core services and labor market tightness. According to the official spokesperson, further evaluations are scheduled.",0
906,BREAKING: Alien spaceship spotted landing behind the White House! Classified files released by a hacker group contain stage design prints and audio recordings proving the entire space race was simulated inside a high-security warehouse in Nevada to bankrupt foreign rivals. Extra report details suggest that this could change everything.,1
907,"Parliament passes landmark environmental protection bill. Researchers at the National Institute of Health published findings in the Journal of Medicine indicating adults who engage in moderate cardiovascular activity three times a week show higher neuron densities. According to the official spokesperson, further evaluations are scheduled.",0
908,BREAKING: Alien spaceship spotted landing behind the White House! Insiders caught this scandalous video on camera showing a prominent celebrity in a heated exchange that the media is trying to delete. Click here to watch before it gets taken down forever! Extra report details suggest that a secret organization is involved.,1
909,"State university receives major research grant for renewable energy projects. Following three days of debate, lawmakers finalized a comprehensive regulation bill setting stricter carbon emission targets for heavy industry and allocating funds for regional reforestation initiatives. According to the official spokesperson, negotiators remain optimistic about outcomes.",0
910,"Tech conglomerate announces restructuring plan, affecting 5% of workforce. Stock indexes rose slightly in European and Asian markets after negotiators signed a bilateral agricultural tariff agreement, resolving a three-month import dispute between the trading partners. According to the official spokesperson, the project is funded publicly.",0
911,"National space agency launches new weather satellite into geostationary orbit. Stock indexes rose slightly in European and Asian markets after negotiators signed a bilateral agricultural tariff agreement, resolving a three-month import dispute between the trading partners. According to the official spokesperson, the policy will take effect next quarter.",0
912,CONSPIRACY: Landmark study proves the moon landing was filmed in Hollywood. This revolutionary organic capsule burns fat in your sleep without dieting. Clinical trials show individuals losing forty pounds in a week. Big Pharma is attempting to ban sales to protect insulin profit margins. Extra report details suggest that the media is actively censoring this.,1
913,Miracle weight loss pill doctors don't want you to know about! CCTV footage obtained by our network captures a high-ranking official stuffed envelope with cash from a shell corporation representative in exchange for state construction approvals. Extra report details suggest that insiders are highly worried.,1
914,"Doctors stunned by this simple $5 trick to reverse aging overnight! Multiple eyewitnesses reported a metallic circular craft descending from the clouds, hovering over the lawn for three minutes before accelerating into orbit. NASA refuses to answer press queries, leading to speculation. Extra report details suggest that this could change everything.",1
915,"Global trade markets stabilize following bilateral trade agreement. Epidemiological data released in the weekly surveillance report shows a fifteen percent drop in hospital admissions related to respiratory viruses, which health officials attribute to higher vaccination uptake. According to the official spokesperson, the policy will take effect next quarter.",0
916,URGENT: Global elite planning immediate lockdown next Tuesday! A localized plant extract when consumed with warm water acts as a cognitive booster and reverses cellular decay. Major food companies are buying farmland to monopolize the product. Extra report details suggest that insiders are highly worried.,1
917,"City council approves $50 million investment for public transit extension. The Federal Reserve Board of Governors voted on Wednesday to raise the benchmark interest rate by a quarter point, citing persistent inflation pressures in core services and labor market tightness. According to the official spokesperson, the policy will take effect next quarter.",0
918,Miracle weight loss pill doctors don't want you to know about! An anonymous memo circulating within security agencies suggests a simulated crisis will be used to enforce emergency laws. Citizens are urged to store food and withdraw all physical cash immediately. Extra report details suggest that insiders are highly worried.,1
919,"URGENT: Global elite planning immediate lockdown next Tuesday! Multiple eyewitnesses reported a metallic circular craft descending from the clouds, hovering over the lawn for three minutes before accelerating into orbit. NASA refuses to answer press queries, leading to speculation. Extra report details suggest that this could change everything.",1
920,"Breaking: Major city's water supply poisoned, authorities hiding truth. A localized plant extract when consumed with warm water acts as a cognitive booster and reverses cellular decay. Major food companies are buying farmland to monopolize the product. Extra report details suggest that this could change everything.",1
921,"State university receives major research grant for renewable energy projects. Stock indexes rose slightly in European and Asian markets after negotiators signed a bilateral agricultural tariff agreement, resolving a three-month import dispute between the trading partners. According to the official spokesperson, negotiators remain optimistic about outcomes.",0
922,"National space agency launches new weather satellite into geostationary orbit. The Federal Reserve Board of Governors voted on Wednesday to raise the benchmark interest rate by a quarter point, citing persistent inflation pressures in core services and labor market tightness. According to the official spokesperson, negotiators remain optimistic about outcomes.",0
923,"Parliament passes landmark environmental protection bill. Epidemiological data released in the weekly surveillance report shows a fifteen percent drop in hospital admissions related to respiratory viruses, which health officials attribute to higher vaccination uptake. According to the official spokesperson, further evaluations are scheduled.",0
924,"Breaking: Major city's water supply poisoned, authorities hiding truth. CCTV footage obtained by our network captures a high-ranking official stuffed envelope with cash from a shell corporation representative in exchange for state construction approvals. Extra report details suggest that insiders are highly worried.",1
925,"Breaking: Major city's water supply poisoned, authorities hiding truth. This revolutionary organic capsule burns fat in your sleep without dieting. Clinical trials show individuals losing forty pounds in a week. Big Pharma is attempting to ban sales to protect insulin profit margins. Extra report details suggest that the media is actively censoring this.",1
926,"Parliament passes landmark environmental protection bill. The chief executive officer announced in a memorandum to staff that the corporation will consolidate redundant administrative roles to invest heavily in cloud infrastructure research divisions. According to the official spokesperson, the project is funded publicly.",0
927,"State university receives major research grant for renewable energy projects. Epidemiological data released in the weekly surveillance report shows a fifteen percent drop in hospital admissions related to respiratory viruses, which health officials attribute to higher vaccination uptake. According to the official spokesperson, further evaluations are scheduled.",0
928,"Global trade markets stabilize following bilateral trade agreement. The Federal Reserve Board of Governors voted on Wednesday to raise the benchmark interest rate by a quarter point, citing persistent inflation pressures in core services and labor market tightness. According to the official spokesperson, negotiators remain optimistic about outcomes.",0
929,"Secret society controls world bank, insider source reveals details. A localized plant extract when consumed with warm water acts as a cognitive booster and reverses cellular decay. Major food companies are buying farmland to monopolize the product. Extra report details suggest that this could change everything.",1
930,"State university receives major research grant for renewable energy projects. Epidemiological data released in the weekly surveillance report shows a fifteen percent drop in hospital admissions related to respiratory viruses, which health officials attribute to higher vaccination uptake. According to the official spokesperson, further evaluations are scheduled.",0
931,"Scientists deploy deep-sea submersibles to map unexplored trenches. The metropolitan transit authority confirmed a long-term capital budget approval to construct three new light-rail stations, aiming to connect suburban sectors to the commercial district by next autumn. According to the official spokesperson, negotiators remain optimistic about outcomes.",0
932,BREAKING: Alien spaceship spotted landing behind the White House! A secret whistleblower has leaked documents showing a massive cover-up by pharmaceutical giants who have possessed a full cure for cancer since 1995. Shares of major healthcare corporations are skyrocketing as politicians silent on public trials. Extra report details suggest that this could change everything.,1
933,"Federal Reserve announces interest rate hike to combat inflation. A heavy-lift rocket successfully placed the advanced meteorological spacecraft into orbit on Sunday, providing forecasters with real-time infrared scans of severe storm formations over the coast. According to the official spokesperson, negotiators remain optimistic about outcomes.",0
934,"New clinical study links regular exercise to improved cognitive health. Epidemiological data released in the weekly surveillance report shows a fifteen percent drop in hospital admissions related to respiratory viruses, which health officials attribute to higher vaccination uptake. According to the official spokesperson, the project is funded publicly.",0
935,"State university receives major research grant for renewable energy projects. An oceanographic research vessel initiated a two-month mapping mission in the Pacific, utilizing multi-beam sonar arrays to document topographical features of deep oceanic valleys. According to the official spokesperson, the policy will take effect next quarter.",0
936,URGENT: Global elite planning immediate lockdown next Tuesday! A localized plant extract when consumed with warm water acts as a cognitive booster and reverses cellular decay. Major food companies are buying farmland to monopolize the product. Extra report details suggest that a secret organization is involved.,1
937,"City council approves $50 million investment for public transit extension. The metropolitan transit authority confirmed a long-term capital budget approval to construct three new light-rail stations, aiming to connect suburban sectors to the commercial district by next autumn. According to the official spokesperson, further evaluations are scheduled.",0
938,"State university receives major research grant for renewable energy projects. The Federal Reserve Board of Governors voted on Wednesday to raise the benchmark interest rate by a quarter point, citing persistent inflation pressures in core services and labor market tightness. According to the official spokesperson, further evaluations are scheduled.",0
939,"New clinical study links regular exercise to improved cognitive health. Stock indexes rose slightly in European and Asian markets after negotiators signed a bilateral agricultural tariff agreement, resolving a three-month import dispute between the trading partners. According to the official spokesperson, negotiators remain optimistic about outcomes.",0
940,"State university receives major research grant for renewable energy projects. Researchers at the National Institute of Health published findings in the Journal of Medicine indicating adults who engage in moderate cardiovascular activity three times a week show higher neuron densities. According to the official spokesperson, the project is funded publicly.",0
941,"New clinical study links regular exercise to improved cognitive health. Epidemiological data released in the weekly surveillance report shows a fifteen percent drop in hospital admissions related to respiratory viruses, which health officials attribute to higher vaccination uptake. According to the official spokesperson, further evaluations are scheduled.",0
942,BREAKING: Alien spaceship spotted landing behind the White House! A localized plant extract when consumed with warm water acts as a cognitive booster and reverses cellular decay. Major food companies are buying farmland to monopolize the product. Extra report details suggest that the media is actively censoring this.,1
943,"Breaking: Major city's water supply poisoned, authorities hiding truth. Local water distribution facilities detected high levels of dangerous chemicals, yet central administrations ordered operations to proceed normally to prevent mass panic before election seasons. Extra report details suggest that this could change everything.",1
944,"Global trade markets stabilize following bilateral trade agreement. Following three days of debate, lawmakers finalized a comprehensive regulation bill setting stricter carbon emission targets for heavy industry and allocating funds for regional reforestation initiatives. According to the official spokesperson, the project is funded publicly.",0
945,"State university receives major research grant for renewable energy projects. Researchers at the National Institute of Health published findings in the Journal of Medicine indicating adults who engage in moderate cardiovascular activity three times a week show higher neuron densities. According to the official spokesperson, further evaluations are scheduled.",0
946,SHOCKING SECRET: The government cure for cancer they hid from you! Classified files released by a hacker group contain stage design prints and audio recordings proving the entire space race was simulated inside a high-security warehouse in Nevada to bankrupt foreign rivals. Extra report details suggest that the media is actively censoring this.,1
947,"New clinical study links regular exercise to improved cognitive health. The Department of Energy approved a federal grant for engineering departments to prototype high-efficiency photovoltaic cells capable of generating power during low-solar winter conditions. According to the official spokesperson, negotiators remain optimistic about outcomes.",0
948,"Parliament passes landmark environmental protection bill. The Department of Energy approved a federal grant for engineering departments to prototype high-efficiency photovoltaic cells capable of generating power during low-solar winter conditions. According to the official spokesperson, negotiators remain optimistic about outcomes.",0
949,"State university receives major research grant for renewable energy projects. The metropolitan transit authority confirmed a long-term capital budget approval to construct three new light-rail stations, aiming to connect suburban sectors to the commercial district by next autumn. According to the official spokesperson, the policy will take effect next quarter.",0
950,"Tech conglomerate announces restructuring plan, affecting 5% of workforce. Stock indexes rose slightly in European and Asian markets after negotiators signed a bilateral agricultural tariff agreement, resolving a three-month import dispute between the trading partners. According to the official spokesperson, the project is funded publicly.",0
951,"Local health department reports decline in seasonal influenza cases. The chief executive officer announced in a memorandum to staff that the corporation will consolidate redundant administrative roles to invest heavily in cloud infrastructure research divisions. According to the official spokesperson, negotiators remain optimistic about outcomes.",0
952,"Local health department reports decline in seasonal influenza cases. Researchers at the National Institute of Health published findings in the Journal of Medicine indicating adults who engage in moderate cardiovascular activity three times a week show higher neuron densities. According to the official spokesperson, the policy will take effect next quarter.",0
953,"Federal Reserve announces interest rate hike to combat inflation. Researchers at the National Institute of Health published findings in the Journal of Medicine indicating adults who engage in moderate cardiovascular activity three times a week show higher neuron densities. According to the official spokesperson, the policy will take effect next quarter.",0
954,Doctors stunned by this simple $5 trick to reverse aging overnight! CCTV footage obtained by our network captures a high-ranking official stuffed envelope with cash from a shell corporation representative in exchange for state construction approvals. Extra report details suggest that a secret organization is involved.,1
955,"National space agency launches new weather satellite into geostationary orbit. The Department of Energy approved a federal grant for engineering departments to prototype high-efficiency photovoltaic cells capable of generating power during low-solar winter conditions. According to the official spokesperson, negotiators remain optimistic about outcomes.",0
956,"Federal Reserve announces interest rate hike to combat inflation. A heavy-lift rocket successfully placed the advanced meteorological spacecraft into orbit on Sunday, providing forecasters with real-time infrared scans of severe storm formations over the coast. According to the official spokesperson, the project is funded publicly.",0
957,Miracle weight loss pill doctors don't want you to know about! A secret whistleblower has leaked documents showing a massive cover-up by pharmaceutical giants who have possessed a full cure for cancer since 1995. Shares of major healthcare corporations are skyrocketing as politicians silent on public trials. Extra report details suggest that a secret organization is involved.,1
958,BREAKING: Alien spaceship spotted landing behind the White House! This revolutionary organic capsule burns fat in your sleep without dieting. Clinical trials show individuals losing forty pounds in a week. Big Pharma is attempting to ban sales to protect insulin profit margins. Extra report details suggest that the media is actively censoring this.,1
959,BREAKING: Alien spaceship spotted landing behind the White House! This revolutionary organic capsule burns fat in your sleep without dieting. Clinical trials show individuals losing forty pounds in a week. Big Pharma is attempting to ban sales to protect insulin profit margins. Extra report details suggest that a secret organization is involved.,1
960,"Federal Reserve announces interest rate hike to combat inflation. A heavy-lift rocket successfully placed the advanced meteorological spacecraft into orbit on Sunday, providing forecasters with real-time infrared scans of severe storm formations over the coast. According to the official spokesperson, the policy will take effect next quarter.",0
961,"Federal Reserve announces interest rate hike to combat inflation. A heavy-lift rocket successfully placed the advanced meteorological spacecraft into orbit on Sunday, providing forecasters with real-time infrared scans of severe storm formations over the coast. According to the official spokesperson, further evaluations are scheduled.",0
962,CONSPIRACY: Landmark study proves the moon landing was filmed in Hollywood. This revolutionary organic capsule burns fat in your sleep without dieting. Clinical trials show individuals losing forty pounds in a week. Big Pharma is attempting to ban sales to protect insulin profit margins. Extra report details suggest that this could change everything.,1
963,"Secret society controls world bank, insider source reveals details. CCTV footage obtained by our network captures a high-ranking official stuffed envelope with cash from a shell corporation representative in exchange for state construction approvals. Extra report details suggest that insiders are highly worried.",1
964,Shocking video shows politician taking massive bribes in public. A secret whistleblower has leaked documents showing a massive cover-up by pharmaceutical giants who have possessed a full cure for cancer since 1995. Shares of major healthcare corporations are skyrocketing as politicians silent on public trials. Extra report details suggest that a secret organization is involved.,1
965,"National space agency launches new weather satellite into geostationary orbit. The chief executive officer announced in a memorandum to staff that the corporation will consolidate redundant administrative roles to invest heavily in cloud infrastructure research divisions. According to the official spokesperson, further evaluations are scheduled.",0
966,BREAKING: Alien spaceship spotted landing behind the White House! A secret whistleblower has leaked documents showing a massive cover-up by pharmaceutical giants who have possessed a full cure for cancer since 1995. Shares of major healthcare corporations are skyrocketing as politicians silent on public trials. Extra report details suggest that insiders are highly worried.,1
967,"New clinical study links regular exercise to improved cognitive health. Researchers at the National Institute of Health published findings in the Journal of Medicine indicating adults who engage in moderate cardiovascular activity three times a week show higher neuron densities. According to the official spokesperson, further evaluations are scheduled.",0
968,"Scientists deploy deep-sea submersibles to map unexplored trenches. Stock indexes rose slightly in European and Asian markets after negotiators signed a bilateral agricultural tariff agreement, resolving a three-month import dispute between the trading partners. According to the official spokesperson, further evaluations are scheduled.",0
969,"Local health department reports decline in seasonal influenza cases. The chief executive officer announced in a memorandum to staff that the corporation will consolidate redundant administrative roles to invest heavily in cloud infrastructure research divisions. According to the official spokesperson, the project is funded publicly.",0
970,"Breaking: Major city's water supply poisoned, authorities hiding truth. An anonymous memo circulating within security agencies suggests a simulated crisis will be used to enforce emergency laws. Citizens are urged to store food and withdraw all physical cash immediately. Extra report details suggest that insiders are highly worried.",1
971,"You won't believe what this Hollywood actor did last night! Local water distribution facilities detected high levels of dangerous chemicals, yet central administrations ordered operations to proceed normally to prevent mass panic before election seasons. Extra report details suggest that a secret organization is involved.",1
972,You won't believe what this Hollywood actor did last night! An anonymous memo circulating within security agencies suggests a simulated crisis will be used to enforce emergency laws. Citizens are urged to store food and withdraw all physical cash immediately. Extra report details suggest that this could change everything.,1
973,"Secret society controls world bank, insider source reveals details. A secret whistleblower has leaked documents showing a massive cover-up by pharmaceutical giants who have possessed a full cure for cancer since 1995. Shares of major healthcare corporations are skyrocketing as politicians silent on public trials. Extra report details suggest that this could change everything.",1
974,"Tech conglomerate announces restructuring plan, affecting 5% of workforce. An oceanographic research vessel initiated a two-month mapping mission in the Pacific, utilizing multi-beam sonar arrays to document topographical features of deep oceanic valleys. According to the official spokesperson, the project is funded publicly.",0
975,URGENT: Global elite planning immediate lockdown next Tuesday! Leaked records from an offshore bank details transactions linking world leaders to a singular control board that meets annually in Switzerland to dictate inflation rates and trade wars. Extra report details suggest that insiders are highly worried.,1
976,"State university receives major research grant for renewable energy projects. Researchers at the National Institute of Health published findings in the Journal of Medicine indicating adults who engage in moderate cardiovascular activity three times a week show higher neuron densities. According to the official spokesperson, negotiators remain optimistic about outcomes.",0
977,"Tech conglomerate announces restructuring plan, affecting 5% of workforce. The Federal Reserve Board of Governors voted on Wednesday to raise the benchmark interest rate by a quarter point, citing persistent inflation pressures in core services and labor market tightness. According to the official spokesperson, negotiators remain optimistic about outcomes.",0
978,"Tech conglomerate announces restructuring plan, affecting 5% of workforce. A heavy-lift rocket successfully placed the advanced meteorological spacecraft into orbit on Sunday, providing forecasters with real-time infrared scans of severe storm formations over the coast. According to the official spokesperson, negotiators remain optimistic about outcomes.",0
979,Shocking video shows politician taking massive bribes in public. Classified files released by a hacker group contain stage design prints and audio recordings proving the entire space race was simulated inside a high-security warehouse in Nevada to bankrupt foreign rivals. Extra report details suggest that this could change everything.,1
980,"Breaking: Major city's water supply poisoned, authorities hiding truth. An anonymous memo circulating within security agencies suggests a simulated crisis will be used to enforce emergency laws. Citizens are urged to store food and withdraw all physical cash immediately. Extra report details suggest that a secret organization is involved.",1
981,Miracle weight loss pill doctors don't want you to know about! Classified files released by a hacker group contain stage design prints and audio recordings proving the entire space race was simulated inside a high-security warehouse in Nevada to bankrupt foreign rivals. Extra report details suggest that this could change everything.,1
982,"CONSPIRACY: Landmark study proves the moon landing was filmed in Hollywood. Local water distribution facilities detected high levels of dangerous chemicals, yet central administrations ordered operations to proceed normally to prevent mass panic before election seasons. Extra report details suggest that the media is actively censoring this.",1
983,"URGENT: Global elite planning immediate lockdown next Tuesday! Local water distribution facilities detected high levels of dangerous chemicals, yet central administrations ordered operations to proceed normally to prevent mass panic before election seasons. Extra report details suggest that this could change everything.",1
984,"National space agency launches new weather satellite into geostationary orbit. Epidemiological data released in the weekly surveillance report shows a fifteen percent drop in hospital admissions related to respiratory viruses, which health officials attribute to higher vaccination uptake. According to the official spokesperson, the project is funded publicly.",0
985,CONSPIRACY: Landmark study proves the moon landing was filmed in Hollywood. An anonymous memo circulating within security agencies suggests a simulated crisis will be used to enforce emergency laws. Citizens are urged to store food and withdraw all physical cash immediately. Extra report details suggest that the media is actively censoring this.,1
986,"Breaking: Major city's water supply poisoned, authorities hiding truth. Leaked records from an offshore bank details transactions linking world leaders to a singular control board that meets annually in Switzerland to dictate inflation rates and trade wars. Extra report details suggest that a secret organization is involved.",1
987,"Global trade markets stabilize following bilateral trade agreement. The Federal Reserve Board of Governors voted on Wednesday to raise the benchmark interest rate by a quarter point, citing persistent inflation pressures in core services and labor market tightness. According to the official spokesperson, the project is funded publicly.",0
988,"Global trade markets stabilize following bilateral trade agreement. Stock indexes rose slightly in European and Asian markets after negotiators signed a bilateral agricultural tariff agreement, resolving a three-month import dispute between the trading partners. According to the official spokesperson, further evaluations are scheduled.",0
989,"Scientists deploy deep-sea submersibles to map unexplored trenches. The Department of Energy approved a federal grant for engineering departments to prototype high-efficiency photovoltaic cells capable of generating power during low-solar winter conditions. According to the official spokesperson, the policy will take effect next quarter.",0
990,"Breaking: Major city's water supply poisoned, authorities hiding truth. An anonymous memo circulating within security agencies suggests a simulated crisis will be used to enforce emergency laws. Citizens are urged to store food and withdraw all physical cash immediately. Extra report details suggest that a secret organization is involved.",1
991,"City council approves $50 million investment for public transit extension. The metropolitan transit authority confirmed a long-term capital budget approval to construct three new light-rail stations, aiming to connect suburban sectors to the commercial district by next autumn. According to the official spokesperson, further evaluations are scheduled.",0
992,"State university receives major research grant for renewable energy projects. An oceanographic research vessel initiated a two-month mapping mission in the Pacific, utilizing multi-beam sonar arrays to document topographical features of deep oceanic valleys. According to the official spokesperson, the project is funded publicly.",0
993,"State university receives major research grant for renewable energy projects. Stock indexes rose slightly in European and Asian markets after negotiators signed a bilateral agricultural tariff agreement, resolving a three-month import dispute between the trading partners. According to the official spokesperson, the project is funded publicly.",0
994,"National space agency launches new weather satellite into geostationary orbit. The Department of Energy approved a federal grant for engineering departments to prototype high-efficiency photovoltaic cells capable of generating power during low-solar winter conditions. According to the official spokesperson, further evaluations are scheduled.",0
995,"Breaking: Major city's water supply poisoned, authorities hiding truth. Insiders caught this scandalous video on camera showing a prominent celebrity in a heated exchange that the media is trying to delete. Click here to watch before it gets taken down forever! Extra report details suggest that insiders are highly worried.",1
996,"Federal Reserve announces interest rate hike to combat inflation. Following three days of debate, lawmakers finalized a comprehensive regulation bill setting stricter carbon emission targets for heavy industry and allocating funds for regional reforestation initiatives. According to the official spokesperson, the policy will take effect next quarter.",0
997,Shocking video shows politician taking massive bribes in public. Insiders caught this scandalous video on camera showing a prominent celebrity in a heated exchange that the media is trying to delete. Click here to watch before it gets taken down forever! Extra report details suggest that a secret organization is involved.,1
998,"Scientists deploy deep-sea submersibles to map unexplored trenches. The chief executive officer announced in a memorandum to staff that the corporation will consolidate redundant administrative roles to invest heavily in cloud infrastructure research divisions. According to the official spokesperson, the project is funded publicly.",0
999,Miracle weight loss pill doctors don't want you to know about! A secret whistleblower has leaked documents showing a massive cover-up by pharmaceutical giants who have possessed a full cure for cancer since 1995. Shares of major healthcare corporations are skyrocketing as politicians silent on public trials. Extra report details suggest that this could change everything.,1
1000,"Breaking: Major city's water supply poisoned, authorities hiding truth. A secret whistleblower has leaked documents showing a massive cover-up by pharmaceutical giants who have possessed a full cure for cancer since 1995. Shares of major healthcare corporations are skyrocketing as politicians silent on public trials. Extra report details suggest that the media is actively censoring this.",1
1001,"National space agency launches new weather satellite into geostationary orbit. Researchers at the National Institute of Health published findings in the Journal of Medicine indicating adults who engage in moderate cardiovascular activity three times a week show higher neuron densities. According to the official spokesperson, the policy will take effect next quarter.",0
1002,You won't believe what this Hollywood actor did last night! A localized plant extract when consumed with warm water acts as a cognitive booster and reverses cellular decay. Major food companies are buying farmland to monopolize the product. Extra report details suggest that insiders are highly worried.,1
1003,"State university receives major research grant for renewable energy projects. The metropolitan transit authority confirmed a long-term capital budget approval to construct three new light-rail stations, aiming to connect suburban sectors to the commercial district by next autumn. According to the official spokesperson, further evaluations are scheduled.",0
1004,"State university receives major research grant for renewable energy projects. Following three days of debate, lawmakers finalized a comprehensive regulation bill setting stricter carbon emission targets for heavy industry and allocating funds for regional reforestation initiatives. According to the official spokesperson, further evaluations are scheduled.",0
1005,"State university receives major research grant for renewable energy projects. An oceanographic research vessel initiated a two-month mapping mission in the Pacific, utilizing multi-beam sonar arrays to document topographical features of deep oceanic valleys. According to the official spokesperson, the project is funded publicly.",0
1006,"Global trade markets stabilize following bilateral trade agreement. The metropolitan transit authority confirmed a long-term capital budget approval to construct three new light-rail stations, aiming to connect suburban sectors to the commercial district by next autumn. According to the official spokesperson, the project is funded publicly.",0
1007,"Global trade markets stabilize following bilateral trade agreement. The Federal Reserve Board of Governors voted on Wednesday to raise the benchmark interest rate by a quarter point, citing persistent inflation pressures in core services and labor market tightness. According to the official spokesperson, the project is funded publicly.",0
1008,"Tech conglomerate announces restructuring plan, affecting 5% of workforce. A heavy-lift rocket successfully placed the advanced meteorological spacecraft into orbit on Sunday, providing forecasters with real-time infrared scans of severe storm formations over the coast. According to the official spokesperson, further evaluations are scheduled.",0
1009,You won't believe what this Hollywood actor did last night! CCTV footage obtained by our network captures a high-ranking official stuffed envelope with cash from a shell corporation representative in exchange for state construction approvals. Extra report details suggest that the media is actively censoring this.,1
1010,"National space agency launches new weather satellite into geostationary orbit. Epidemiological data released in the weekly surveillance report shows a fifteen percent drop in hospital admissions related to respiratory viruses, which health officials attribute to higher vaccination uptake. According to the official spokesperson, the project is funded publicly.",0
1011,"State university receives major research grant for renewable energy projects. The chief executive officer announced in a memorandum to staff that the corporation will consolidate redundant administrative roles to invest heavily in cloud infrastructure research divisions. According to the official spokesperson, the policy will take effect next quarter.",0
1012,"New clinical study links regular exercise to improved cognitive health. The Federal Reserve Board of Governors voted on Wednesday to raise the benchmark interest rate by a quarter point, citing persistent inflation pressures in core services and labor market tightness. According to the official spokesperson, negotiators remain optimistic about outcomes.",0
1013,"Breaking: Major city's water supply poisoned, authorities hiding truth. A localized plant extract when consumed with warm water acts as a cognitive booster and reverses cellular decay. Major food companies are buying farmland to monopolize the product. Extra report details suggest that a secret organization is involved.",1
1014,"Parliament passes landmark environmental protection bill. Following three days of debate, lawmakers finalized a comprehensive regulation bill setting stricter carbon emission targets for heavy industry and allocating funds for regional reforestation initiatives. According to the official spokesperson, the policy will take effect next quarter.",0
1015,"Global trade markets stabilize following bilateral trade agreement. Researchers at the National Institute of Health published findings in the Journal of Medicine indicating adults who engage in moderate cardiovascular activity three times a week show higher neuron densities. According to the official spokesperson, the project is funded publicly.",0
1016,"New clinical study links regular exercise to improved cognitive health. The Federal Reserve Board of Governors voted on Wednesday to raise the benchmark interest rate by a quarter point, citing persistent inflation pressures in core services and labor market tightness. According to the official spokesperson, further evaluations are scheduled.",0
1017,"CONSPIRACY: Landmark study proves the moon landing was filmed in Hollywood. Local water distribution facilities detected high levels of dangerous chemicals, yet central administrations ordered operations to proceed normally to prevent mass panic before election seasons. Extra report details suggest that a secret organization is involved.",1
1018,"Breaking: Major city's water supply poisoned, authorities hiding truth. Leaked records from an offshore bank details transactions linking world leaders to a singular control board that meets annually in Switzerland to dictate inflation rates and trade wars. Extra report details suggest that insiders are highly worried.",1
1019,"Global trade markets stabilize following bilateral trade agreement. Stock indexes rose slightly in European and Asian markets after negotiators signed a bilateral agricultural tariff agreement, resolving a three-month import dispute between the trading partners. According to the official spokesperson, the project is funded publicly.",0
1020,"City council approves $50 million investment for public transit extension. Following three days of debate, lawmakers finalized a comprehensive regulation bill setting stricter carbon emission targets for heavy industry and allocating funds for regional reforestation initiatives. According to the official spokesperson, further evaluations are scheduled.",0
1021,Shocking video shows politician taking massive bribes in public. A localized plant extract when consumed with warm water acts as a cognitive booster and reverses cellular decay. Major food companies are buying farmland to monopolize the product. Extra report details suggest that a secret organization is involved.,1
1022,You won't believe what this Hollywood actor did last night! Classified files released by a hacker group contain stage design prints and audio recordings proving the entire space race was simulated inside a high-security warehouse in Nevada to bankrupt foreign rivals. Extra report details suggest that a secret organization is involved.,1
1023,"City council approves $50 million investment for public transit extension. Researchers at the National Institute of Health published findings in the Journal of Medicine indicating adults who engage in moderate cardiovascular activity three times a week show higher neuron densities. According to the official spokesperson, the project is funded publicly.",0
1024,"State university receives major research grant for renewable energy projects. The metropolitan transit authority confirmed a long-term capital budget approval to construct three new light-rail stations, aiming to connect suburban sectors to the commercial district by next autumn. According to the official spokesperson, the project is funded publicly.",0
1025,"Federal Reserve announces interest rate hike to combat inflation. A heavy-lift rocket successfully placed the advanced meteorological spacecraft into orbit on Sunday, providing forecasters with real-time infrared scans of severe storm formations over the coast. According to the official spokesperson, negotiators remain optimistic about outcomes.",0
1026,"State university receives major research grant for renewable energy projects. The Department of Energy approved a federal grant for engineering departments to prototype high-efficiency photovoltaic cells capable of generating power during low-solar winter conditions. According to the official spokesperson, the project is funded publicly.",0
1027,CONSPIRACY: Landmark study proves the moon landing was filmed in Hollywood. CCTV footage obtained by our network captures a high-ranking official stuffed envelope with cash from a shell corporation representative in exchange for state construction approvals. Extra report details suggest that the media is actively censoring this.,1
1028,"Shocking video shows politician taking massive bribes in public. Multiple eyewitnesses reported a metallic circular craft descending from the clouds, hovering over the lawn for three minutes before accelerating into orbit. NASA refuses to answer press queries, leading to speculation. Extra report details suggest that a secret organization is involved.",1
1029,"City council approves $50 million investment for public transit extension. The Federal Reserve Board of Governors voted on Wednesday to raise the benchmark interest rate by a quarter point, citing persistent inflation pressures in core services and labor market tightness. According to the official spokesperson, further evaluations are scheduled.",0
1030,Miracle weight loss pill doctors don't want you to know about! Insiders caught this scandalous video on camera showing a prominent celebrity in a heated exchange that the media is trying to delete. Click here to watch before it gets taken down forever! Extra report details suggest that this could change everything.,1
1031,"Federal Reserve announces interest rate hike to combat inflation. Researchers at the National Institute of Health published findings in the Journal of Medicine indicating adults who engage in moderate cardiovascular activity three times a week show higher neuron densities. According to the official spokesperson, the project is funded publicly.",0
1032,"Parliament passes landmark environmental protection bill. A heavy-lift rocket successfully placed the advanced meteorological spacecraft into orbit on Sunday, providing forecasters with real-time infrared scans of severe storm formations over the coast. According to the official spokesperson, negotiators remain optimistic about outcomes.",0
1033,"Miracle weight loss pill doctors don't want you to know about! Multiple eyewitnesses reported a metallic circular craft descending from the clouds, hovering over the lawn for three minutes before accelerating into orbit. NASA refuses to answer press queries, leading to speculation. Extra report details suggest that insiders are highly worried.",1
1034,"City council approves $50 million investment for public transit extension. Stock indexes rose slightly in European and Asian markets after negotiators signed a bilateral agricultural tariff agreement, resolving a three-month import dispute between the trading partners. According to the official spokesperson, the project is funded publicly.",0
1035,Doctors stunned by this simple $5 trick to reverse aging overnight! Leaked records from an offshore bank details transactions linking world leaders to a singular control board that meets annually in Switzerland to dictate inflation rates and trade wars. Extra report details suggest that the media is actively censoring this.,1
1036,Miracle weight loss pill doctors don't want you to know about! A secret whistleblower has leaked documents showing a massive cover-up by pharmaceutical giants who have possessed a full cure for cancer since 1995. Shares of major healthcare corporations are skyrocketing as politicians silent on public trials. Extra report details suggest that this could change everything.,1
1037,"Scientists deploy deep-sea submersibles to map unexplored trenches. An oceanographic research vessel initiated a two-month mapping mission in the Pacific, utilizing multi-beam sonar arrays to document topographical features of deep oceanic valleys. According to the official spokesperson, the project is funded publicly.",0
1038,SHOCKING SECRET: The government cure for cancer they hid from you! A secret whistleblower has leaked documents showing a massive cover-up by pharmaceutical giants who have possessed a full cure for cancer since 1995. Shares of major healthcare corporations are skyrocketing as politicians silent on public trials. Extra report details suggest that a secret organization is involved.,1
1039,URGENT: Global elite planning immediate lockdown next Tuesday! Leaked records from an offshore bank details transactions linking world leaders to a singular control board that meets annually in Switzerland to dictate inflation rates and trade wars. Extra report details suggest that insiders are highly worried.,1
1040,"CONSPIRACY: Landmark study proves the moon landing was filmed in Hollywood. Local water distribution facilities detected high levels of dangerous chemicals, yet central administrations ordered operations to proceed normally to prevent mass panic before election seasons. Extra report details suggest that insiders are highly worried.",1
1041,"Global trade markets stabilize following bilateral trade agreement. A heavy-lift rocket successfully placed the advanced meteorological spacecraft into orbit on Sunday, providing forecasters with real-time infrared scans of severe storm formations over the coast. According to the official spokesperson, negotiators remain optimistic about outcomes.",0
1042,"CONSPIRACY: Landmark study proves the moon landing was filmed in Hollywood. Local water distribution facilities detected high levels of dangerous chemicals, yet central administrations ordered operations to proceed normally to prevent mass panic before election seasons. Extra report details suggest that the media is actively censoring this.",1
1043,"Global trade markets stabilize following bilateral trade agreement. The chief executive officer announced in a memorandum to staff that the corporation will consolidate redundant administrative roles to invest heavily in cloud infrastructure research divisions. According to the official spokesperson, negotiators remain optimistic about outcomes.",0
1044,URGENT: Global elite planning immediate lockdown next Tuesday! Leaked records from an offshore bank details transactions linking world leaders to a singular control board that meets annually in Switzerland to dictate inflation rates and trade wars. Extra report details suggest that a secret organization is involved.,1
1045,"Tech conglomerate announces restructuring plan, affecting 5% of workforce. Epidemiological data released in the weekly surveillance report shows a fifteen percent drop in hospital admissions related to respiratory viruses, which health officials attribute to higher vaccination uptake. According to the official spokesperson, the policy will take effect next quarter.",0
1046,Shocking video shows politician taking massive bribes in public. A localized plant extract when consumed with warm water acts as a cognitive booster and reverses cellular decay. Major food companies are buying farmland to monopolize the product. Extra report details suggest that the media is actively censoring this.,1
1047,"City council approves $50 million investment for public transit extension. Epidemiological data released in the weekly surveillance report shows a fifteen percent drop in hospital admissions related to respiratory viruses, which health officials attribute to higher vaccination uptake. According to the official spokesperson, further evaluations are scheduled.",0
1048,Shocking video shows politician taking massive bribes in public. Classified files released by a hacker group contain stage design prints and audio recordings proving the entire space race was simulated inside a high-security warehouse in Nevada to bankrupt foreign rivals. Extra report details suggest that the media is actively censoring this.,1
1049,SHOCKING SECRET: The government cure for cancer they hid from you! A secret whistleblower has leaked documents showing a massive cover-up by pharmaceutical giants who have possessed a full cure for cancer since 1995. Shares of major healthcare corporations are skyrocketing as politicians silent on public trials. Extra report details suggest that this could change everything.,1
1050,"Parliament passes landmark environmental protection bill. Following three days of debate, lawmakers finalized a comprehensive regulation bill setting stricter carbon emission targets for heavy industry and allocating funds for regional reforestation initiatives. According to the official spokesperson, the project is funded publicly.",0
1051,"New clinical study links regular exercise to improved cognitive health. The Federal Reserve Board of Governors voted on Wednesday to raise the benchmark interest rate by a quarter point, citing persistent inflation pressures in core services and labor market tightness. According to the official spokesperson, the project is funded publicly.",0
1052,"Federal Reserve announces interest rate hike to combat inflation. Stock indexes rose slightly in European and Asian markets after negotiators signed a bilateral agricultural tariff agreement, resolving a three-month import dispute between the trading partners. According to the official spokesperson, the policy will take effect next quarter.",0
1053,Shocking video shows politician taking massive bribes in public. Leaked records from an offshore bank details transactions linking world leaders to a singular control board that meets annually in Switzerland to dictate inflation rates and trade wars. Extra report details suggest that this could change everything.,1
1054,"Scientists deploy deep-sea submersibles to map unexplored trenches. A heavy-lift rocket successfully placed the advanced meteorological spacecraft into orbit on Sunday, providing forecasters with real-time infrared scans of severe storm formations over the coast. According to the official spokesperson, negotiators remain optimistic about outcomes.",0
1055,"Local health department reports decline in seasonal influenza cases. An oceanographic research vessel initiated a two-month mapping mission in the Pacific, utilizing multi-beam sonar arrays to document topographical features of deep oceanic valleys. According to the official spokesperson, negotiators remain optimistic about outcomes.",0
1056,URGENT: Global elite planning immediate lockdown next Tuesday! Leaked records from an offshore bank details transactions linking world leaders to a singular control board that meets annually in Switzerland to dictate inflation rates and trade wars. Extra report details suggest that this could change everything.,1
1057,"New clinical study links regular exercise to improved cognitive health. A heavy-lift rocket successfully placed the advanced meteorological spacecraft into orbit on Sunday, providing forecasters with real-time infrared scans of severe storm formations over the coast. According to the official spokesperson, further evaluations are scheduled.",0
1058,"National space agency launches new weather satellite into geostationary orbit. An oceanographic research vessel initiated a two-month mapping mission in the Pacific, utilizing multi-beam sonar arrays to document topographical features of deep oceanic valleys. According to the official spokesperson, negotiators remain optimistic about outcomes.",0
1059,"New clinical study links regular exercise to improved cognitive health. An oceanographic research vessel initiated a two-month mapping mission in the Pacific, utilizing multi-beam sonar arrays to document topographical features of deep oceanic valleys. According to the official spokesperson, further evaluations are scheduled.",0
1060,"Scientists deploy deep-sea submersibles to map unexplored trenches. The Department of Energy approved a federal grant for engineering departments to prototype high-efficiency photovoltaic cells capable of generating power during low-solar winter conditions. According to the official spokesperson, the policy will take effect next quarter.",0
1061,"Parliament passes landmark environmental protection bill. The chief executive officer announced in a memorandum to staff that the corporation will consolidate redundant administrative roles to invest heavily in cloud infrastructure research divisions. According to the official spokesperson, further evaluations are scheduled.",0
1062,"Scientists deploy deep-sea submersibles to map unexplored trenches. Researchers at the National Institute of Health published findings in the Journal of Medicine indicating adults who engage in moderate cardiovascular activity three times a week show higher neuron densities. According to the official spokesperson, negotiators remain optimistic about outcomes.",0
1063,"Tech conglomerate announces restructuring plan, affecting 5% of workforce. The Department of Energy approved a federal grant for engineering departments to prototype high-efficiency photovoltaic cells capable of generating power during low-solar winter conditions. According to the official spokesperson, the policy will take effect next quarter.",0
1064,"Parliament passes landmark environmental protection bill. An oceanographic research vessel initiated a two-month mapping mission in the Pacific, utilizing multi-beam sonar arrays to document topographical features of deep oceanic valleys. According to the official spokesperson, further evaluations are scheduled.",0
1065,"City council approves $50 million investment for public transit extension. Following three days of debate, lawmakers finalized a comprehensive regulation bill setting stricter carbon emission targets for heavy industry and allocating funds for regional reforestation initiatives. According to the official spokesperson, negotiators remain optimistic about outcomes.",0
1066,"Parliament passes landmark environmental protection bill. An oceanographic research vessel initiated a two-month mapping mission in the Pacific, utilizing multi-beam sonar arrays to document topographical features of deep oceanic valleys. According to the official spokesperson, the project is funded publicly.",0
1067,"Secret society controls world bank, insider source reveals details. Classified files released by a hacker group contain stage design prints and audio recordings proving the entire space race was simulated inside a high-security warehouse in Nevada to bankrupt foreign rivals. Extra report details suggest that the media is actively censoring this.",1
1068,"Parliament passes landmark environmental protection bill. The Department of Energy approved a federal grant for engineering departments to prototype high-efficiency photovoltaic cells capable of generating power during low-solar winter conditions. According to the official spokesperson, further evaluations are scheduled.",0
1069,"Breaking: Major city's water supply poisoned, authorities hiding truth. Insiders caught this scandalous video on camera showing a prominent celebrity in a heated exchange that the media is trying to delete. Click here to watch before it gets taken down forever! Extra report details suggest that insiders are highly worried.",1
1070,Miracle weight loss pill doctors don't want you to know about! This revolutionary organic capsule burns fat in your sleep without dieting. Clinical trials show individuals losing forty pounds in a week. Big Pharma is attempting to ban sales to protect insulin profit margins. Extra report details suggest that the media is actively censoring this.,1
1071,"Tech conglomerate announces restructuring plan, affecting 5% of workforce. The Department of Energy approved a federal grant for engineering departments to prototype high-efficiency photovoltaic cells capable of generating power during low-solar winter conditions. According to the official spokesperson, negotiators remain optimistic about outcomes.",0
1072,"Doctors stunned by this simple $5 trick to reverse aging overnight! Multiple eyewitnesses reported a metallic circular craft descending from the clouds, hovering over the lawn for three minutes before accelerating into orbit. NASA refuses to answer press queries, leading to speculation. Extra report details suggest that a secret organization is involved.",1
1073,"Parliament passes landmark environmental protection bill. Researchers at the National Institute of Health published findings in the Journal of Medicine indicating adults who engage in moderate cardiovascular activity three times a week show higher neuron densities. According to the official spokesperson, the project is funded publicly.",0
1074,"Global trade markets stabilize following bilateral trade agreement. Researchers at the National Institute of Health published findings in the Journal of Medicine indicating adults who engage in moderate cardiovascular activity three times a week show higher neuron densities. According to the official spokesperson, negotiators remain optimistic about outcomes.",0
1075,CONSPIRACY: Landmark study proves the moon landing was filmed in Hollywood. A secret whistleblower has leaked documents showing a massive cover-up by pharmaceutical giants who have possessed a full cure for cancer since 1995. Shares of major healthcare corporations are skyrocketing as politicians silent on public trials. Extra report details suggest that the media is actively censoring this.,1
1076,Shocking video shows politician taking massive bribes in public. This revolutionary organic capsule burns fat in your sleep without dieting. Clinical trials show individuals losing forty pounds in a week. Big Pharma is attempting to ban sales to protect insulin profit margins. Extra report details suggest that the media is actively censoring this.,1
1077,"Federal Reserve announces interest rate hike to combat inflation. An oceanographic research vessel initiated a two-month mapping mission in the Pacific, utilizing multi-beam sonar arrays to document topographical features of deep oceanic valleys. According to the official spokesperson, the policy will take effect next quarter.",0
1078,Shocking video shows politician taking massive bribes in public. Insiders caught this scandalous video on camera showing a prominent celebrity in a heated exchange that the media is trying to delete. Click here to watch before it gets taken down forever! Extra report details suggest that this could change everything.,1
1079,"National space agency launches new weather satellite into geostationary orbit. Epidemiological data released in the weekly surveillance report shows a fifteen percent drop in hospital admissions related to respiratory viruses, which health officials attribute to higher vaccination uptake. According to the official spokesperson, further evaluations are scheduled.",0
1080,"National space agency launches new weather satellite into geostationary orbit. The metropolitan transit authority confirmed a long-term capital budget approval to construct three new light-rail stations, aiming to connect suburban sectors to the commercial district by next autumn. According to the official spokesperson, negotiators remain optimistic about outcomes.",0
1081,"State university receives major research grant for renewable energy projects. The chief executive officer announced in a memorandum to staff that the corporation will consolidate redundant administrative roles to invest heavily in cloud infrastructure research divisions. According to the official spokesperson, the project is funded publicly.",0
1082,"Tech conglomerate announces restructuring plan, affecting 5% of workforce. The Federal Reserve Board of Governors voted on Wednesday to raise the benchmark interest rate by a quarter point, citing persistent inflation pressures in core services and labor market tightness. According to the official spokesperson, the policy will take effect next quarter.",0
1083,"Breaking: Major city's water supply poisoned, authorities hiding truth. A secret whistleblower has leaked documents showing a massive cover-up by pharmaceutical giants who have possessed a full cure for cancer since 1995. Shares of major healthcare corporations are skyrocketing as politicians silent on public trials. Extra report details suggest that a secret organization is involved.",1
1084,"CONSPIRACY: Landmark study proves the moon landing was filmed in Hollywood. Local water distribution facilities detected high levels of dangerous chemicals, yet central administrations ordered operations to proceed normally to prevent mass panic before election seasons. Extra report details suggest that a secret organization is involved.",1
1085,"Scientists deploy deep-sea submersibles to map unexplored trenches. A heavy-lift rocket successfully placed the advanced meteorological spacecraft into orbit on Sunday, providing forecasters with real-time infrared scans of severe storm formations over the coast. According to the official spokesperson, the project is funded publicly.",0
1086,"Local health department reports decline in seasonal influenza cases. The Department of Energy approved a federal grant for engineering departments to prototype high-efficiency photovoltaic cells capable of generating power during low-solar winter conditions. According to the official spokesperson, the policy will take effect next quarter.",0
1087,BREAKING: Alien spaceship spotted landing behind the White House! An anonymous memo circulating within security agencies suggests a simulated crisis will be used to enforce emergency laws. Citizens are urged to store food and withdraw all physical cash immediately. Extra report details suggest that this could change everything.,1
1088,"Federal Reserve announces interest rate hike to combat inflation. The chief executive officer announced in a memorandum to staff that the corporation will consolidate redundant administrative roles to invest heavily in cloud infrastructure research divisions. According to the official spokesperson, the policy will take effect next quarter.",0
1089,"Federal Reserve announces interest rate hike to combat inflation. Researchers at the National Institute of Health published findings in the Journal of Medicine indicating adults who engage in moderate cardiovascular activity three times a week show higher neuron densities. According to the official spokesperson, the project is funded publicly.",0
1090,"Parliament passes landmark environmental protection bill. The chief executive officer announced in a memorandum to staff that the corporation will consolidate redundant administrative roles to invest heavily in cloud infrastructure research divisions. According to the official spokesperson, negotiators remain optimistic about outcomes.",0
1091,"Federal Reserve announces interest rate hike to combat inflation. Researchers at the National Institute of Health published findings in the Journal of Medicine indicating adults who engage in moderate cardiovascular activity three times a week show higher neuron densities. According to the official spokesperson, the project is funded publicly.",0
1092,"Federal Reserve announces interest rate hike to combat inflation. The metropolitan transit authority confirmed a long-term capital budget approval to construct three new light-rail stations, aiming to connect suburban sectors to the commercial district by next autumn. According to the official spokesperson, further evaluations are scheduled.",0
1093,"Tech conglomerate announces restructuring plan, affecting 5% of workforce. The Department of Energy approved a federal grant for engineering departments to prototype high-efficiency photovoltaic cells capable of generating power during low-solar winter conditions. According to the official spokesperson, the policy will take effect next quarter.",0
1094,"State university receives major research grant for renewable energy projects. The metropolitan transit authority confirmed a long-term capital budget approval to construct three new light-rail stations, aiming to connect suburban sectors to the commercial district by next autumn. According to the official spokesperson, negotiators remain optimistic about outcomes.",0
1095,"Local health department reports decline in seasonal influenza cases. Following three days of debate, lawmakers finalized a comprehensive regulation bill setting stricter carbon emission targets for heavy industry and allocating funds for regional reforestation initiatives. According to the official spokesperson, negotiators remain optimistic about outcomes.",0
1096,BREAKING: Alien spaceship spotted landing behind the White House! A localized plant extract when consumed with warm water acts as a cognitive booster and reverses cellular decay. Major food companies are buying farmland to monopolize the product. Extra report details suggest that the media is actively censoring this.,1
1097,"Parliament passes landmark environmental protection bill. Following three days of debate, lawmakers finalized a comprehensive regulation bill setting stricter carbon emission targets for heavy industry and allocating funds for regional reforestation initiatives. According to the official spokesperson, negotiators remain optimistic about outcomes.",0
1098,Shocking video shows politician taking massive bribes in public. A secret whistleblower has leaked documents showing a massive cover-up by pharmaceutical giants who have possessed a full cure for cancer since 1995. Shares of major healthcare corporations are skyrocketing as politicians silent on public trials. Extra report details suggest that the media is actively censoring this.,1
1099,Shocking video shows politician taking massive bribes in public. A secret whistleblower has leaked documents showing a massive cover-up by pharmaceutical giants who have possessed a full cure for cancer since 1995. Shares of major healthcare corporations are skyrocketing as politicians silent on public trials. Extra report details suggest that this could change everything.,1
1100,"City council approves $50 million investment for public transit extension. Epidemiological data released in the weekly surveillance report shows a fifteen percent drop in hospital admissions related to respiratory viruses, which health officials attribute to higher vaccination uptake. According to the official spokesperson, further evaluations are scheduled.",0
1101,"City council approves $50 million investment for public transit extension. The Federal Reserve Board of Governors voted on Wednesday to raise the benchmark interest rate by a quarter point, citing persistent inflation pressures in core services and labor market tightness. According to the official spokesperson, the policy will take effect next quarter.",0
1102,"New clinical study links regular exercise to improved cognitive health. The chief executive officer announced in a memorandum to staff that the corporation will consolidate redundant administrative roles to invest heavily in cloud infrastructure research divisions. According to the official spokesperson, the project is funded publicly.",0
1103,"National space agency launches new weather satellite into geostationary orbit. The Department of Energy approved a federal grant for engineering departments to prototype high-efficiency photovoltaic cells capable of generating power during low-solar winter conditions. According to the official spokesperson, negotiators remain optimistic about outcomes.",0
1104,CONSPIRACY: Landmark study proves the moon landing was filmed in Hollywood. This revolutionary organic capsule burns fat in your sleep without dieting. Clinical trials show individuals losing forty pounds in a week. Big Pharma is attempting to ban sales to protect insulin profit margins. Extra report details suggest that a secret organization is involved.,1
1105,"Doctors stunned by this simple $5 trick to reverse aging overnight! Local water distribution facilities detected high levels of dangerous chemicals, yet central administrations ordered operations to proceed normally to prevent mass panic before election seasons. Extra report details suggest that the media is actively censoring this.",1
1106,"New clinical study links regular exercise to improved cognitive health. Following three days of debate, lawmakers finalized a comprehensive regulation bill setting stricter carbon emission targets for heavy industry and allocating funds for regional reforestation initiatives. According to the official spokesperson, negotiators remain optimistic about outcomes.",0
1107,"Secret society controls world bank, insider source reveals details. Leaked records from an offshore bank details transactions linking world leaders to a singular control board that meets annually in Switzerland to dictate inflation rates and trade wars. Extra report details suggest that insiders are highly worried.",1
1108,"Global trade markets stabilize following bilateral trade agreement. The metropolitan transit authority confirmed a long-term capital budget approval to construct three new light-rail stations, aiming to connect suburban sectors to the commercial district by next autumn. According to the official spokesperson, further evaluations are scheduled.",0
1109,"Secret society controls world bank, insider source reveals details. A localized plant extract when consumed with warm water acts as a cognitive booster and reverses cellular decay. Major food companies are buying farmland to monopolize the product. Extra report details suggest that the media is actively censoring this.",1
1110,SHOCKING SECRET: The government cure for cancer they hid from you! CCTV footage obtained by our network captures a high-ranking official stuffed envelope with cash from a shell corporation representative in exchange for state construction approvals. Extra report details suggest that this could change everything.,1
1111,"Doctors stunned by this simple $5 trick to reverse aging overnight! Local water distribution facilities detected high levels of dangerous chemicals, yet central administrations ordered operations to proceed normally to prevent mass panic before election seasons. Extra report details suggest that insiders are highly worried.",1
1112,"Secret society controls world bank, insider source reveals details. Insiders caught this scandalous video on camera showing a prominent celebrity in a heated exchange that the media is trying to delete. Click here to watch before it gets taken down forever! Extra report details suggest that the media is actively censoring this.",1
1113,"Breaking: Major city's water supply poisoned, authorities hiding truth. This revolutionary organic capsule burns fat in your sleep without dieting. Clinical trials show individuals losing forty pounds in a week. Big Pharma is attempting to ban sales to protect insulin profit margins. Extra report details suggest that a secret organization is involved.",1
1114,You won't believe what this Hollywood actor did last night! This revolutionary organic capsule burns fat in your sleep without dieting. Clinical trials show individuals losing forty pounds in a week. Big Pharma is attempting to ban sales to protect insulin profit margins. Extra report details suggest that the media is actively censoring this.,1
1115,"New clinical study links regular exercise to improved cognitive health. The chief executive officer announced in a memorandum to staff that the corporation will consolidate redundant administrative roles to invest heavily in cloud infrastructure research divisions. According to the official spokesperson, the project is funded publicly.",0
1116,"Scientists deploy deep-sea submersibles to map unexplored trenches. A heavy-lift rocket successfully placed the advanced meteorological spacecraft into orbit on Sunday, providing forecasters with real-time infrared scans of severe storm formations over the coast. According to the official spokesperson, negotiators remain optimistic about outcomes.",0
1117,"Breaking: Major city's water supply poisoned, authorities hiding truth. Classified files released by a hacker group contain stage design prints and audio recordings proving the entire space race was simulated inside a high-security warehouse in Nevada to bankrupt foreign rivals. Extra report details suggest that a secret organization is involved.",1
1118,Shocking video shows politician taking massive bribes in public. A localized plant extract when consumed with warm water acts as a cognitive booster and reverses cellular decay. Major food companies are buying farmland to monopolize the product. Extra report details suggest that this could change everything.,1
1119,Doctors stunned by this simple $5 trick to reverse aging overnight! Leaked records from an offshore bank details transactions linking world leaders to a singular control board that meets annually in Switzerland to dictate inflation rates and trade wars. Extra report details suggest that insiders are highly worried.,1
1120,"New clinical study links regular exercise to improved cognitive health. The metropolitan transit authority confirmed a long-term capital budget approval to construct three new light-rail stations, aiming to connect suburban sectors to the commercial district by next autumn. According to the official spokesperson, further evaluations are scheduled.",0
1121,"Breaking: Major city's water supply poisoned, authorities hiding truth. Leaked records from an offshore bank details transactions linking world leaders to a singular control board that meets annually in Switzerland to dictate inflation rates and trade wars. Extra report details suggest that insiders are highly worried.",1
1122,Miracle weight loss pill doctors don't want you to know about! This revolutionary organic capsule burns fat in your sleep without dieting. Clinical trials show individuals losing forty pounds in a week. Big Pharma is attempting to ban sales to protect insulin profit margins. Extra report details suggest that a secret organization is involved.,1
1123,BREAKING: Alien spaceship spotted landing behind the White House! This revolutionary organic capsule burns fat in your sleep without dieting. Clinical trials show individuals losing forty pounds in a week. Big Pharma is attempting to ban sales to protect insulin profit margins. Extra report details suggest that insiders are highly worried.,1
1124,"Scientists deploy deep-sea submersibles to map unexplored trenches. The metropolitan transit authority confirmed a long-term capital budget approval to construct three new light-rail stations, aiming to connect suburban sectors to the commercial district by next autumn. According to the official spokesperson, the project is funded publicly.",0
1125,"Breaking: Major city's water supply poisoned, authorities hiding truth. Local water distribution facilities detected high levels of dangerous chemicals, yet central administrations ordered operations to proceed normally to prevent mass panic before election seasons. Extra report details suggest that the media is actively censoring this.",1
1126,"Global trade markets stabilize following bilateral trade agreement. Following three days of debate, lawmakers finalized a comprehensive regulation bill setting stricter carbon emission targets for heavy industry and allocating funds for regional reforestation initiatives. According to the official spokesperson, negotiators remain optimistic about outcomes.",0
1127,"Global trade markets stabilize following bilateral trade agreement. Stock indexes rose slightly in European and Asian markets after negotiators signed a bilateral agricultural tariff agreement, resolving a three-month import dispute between the trading partners. According to the official spokesperson, the project is funded publicly.",0
1128,"Parliament passes landmark environmental protection bill. A heavy-lift rocket successfully placed the advanced meteorological spacecraft into orbit on Sunday, providing forecasters with real-time infrared scans of severe storm formations over the coast. According to the official spokesperson, negotiators remain optimistic about outcomes.",0
1129,SHOCKING SECRET: The government cure for cancer they hid from you! Classified files released by a hacker group contain stage design prints and audio recordings proving the entire space race was simulated inside a high-security warehouse in Nevada to bankrupt foreign rivals. Extra report details suggest that a secret organization is involved.,1
1130,"Global trade markets stabilize following bilateral trade agreement. A heavy-lift rocket successfully placed the advanced meteorological spacecraft into orbit on Sunday, providing forecasters with real-time infrared scans of severe storm formations over the coast. According to the official spokesperson, the policy will take effect next quarter.",0
1131,Miracle weight loss pill doctors don't want you to know about! CCTV footage obtained by our network captures a high-ranking official stuffed envelope with cash from a shell corporation representative in exchange for state construction approvals. Extra report details suggest that insiders are highly worried.,1
1132,"Local health department reports decline in seasonal influenza cases. Stock indexes rose slightly in European and Asian markets after negotiators signed a bilateral agricultural tariff agreement, resolving a three-month import dispute between the trading partners. According to the official spokesperson, the project is funded publicly.",0
1133,Doctors stunned by this simple $5 trick to reverse aging overnight! An anonymous memo circulating within security agencies suggests a simulated crisis will be used to enforce emergency laws. Citizens are urged to store food and withdraw all physical cash immediately. Extra report details suggest that the media is actively censoring this.,1
1134,"Tech conglomerate announces restructuring plan, affecting 5% of workforce. Following three days of debate, lawmakers finalized a comprehensive regulation bill setting stricter carbon emission targets for heavy industry and allocating funds for regional reforestation initiatives. According to the official spokesperson, the project is funded publicly.",0
1135,You won't believe what this Hollywood actor did last night! Insiders caught this scandalous video on camera showing a prominent celebrity in a heated exchange that the media is trying to delete. Click here to watch before it gets taken down forever! Extra report details suggest that insiders are highly worried.,1
1136,"City council approves $50 million investment for public transit extension. The chief executive officer announced in a memorandum to staff that the corporation will consolidate redundant administrative roles to invest heavily in cloud infrastructure research divisions. According to the official spokesperson, negotiators remain optimistic about outcomes.",0
1137,"Secret society controls world bank, insider source reveals details. A localized plant extract when consumed with warm water acts as a cognitive booster and reverses cellular decay. Major food companies are buying farmland to monopolize the product. Extra report details suggest that the media is actively censoring this.",1
1138,CONSPIRACY: Landmark study proves the moon landing was filmed in Hollywood. Leaked records from an offshore bank details transactions linking world leaders to a singular control board that meets annually in Switzerland to dictate inflation rates and trade wars. Extra report details suggest that this could change everything.,1
1139,"New clinical study links regular exercise to improved cognitive health. Epidemiological data released in the weekly surveillance report shows a fifteen percent drop in hospital admissions related to respiratory viruses, which health officials attribute to higher vaccination uptake. According to the official spokesperson, the project is funded publicly.",0
1140,"URGENT: Global elite planning immediate lockdown next Tuesday! Local water distribution facilities detected high levels of dangerous chemicals, yet central administrations ordered operations to proceed normally to prevent mass panic before election seasons. Extra report details suggest that this could change everything.",1
1141,"State university receives major research grant for renewable energy projects. The metropolitan transit authority confirmed a long-term capital budget approval to construct three new light-rail stations, aiming to connect suburban sectors to the commercial district by next autumn. According to the official spokesperson, further evaluations are scheduled.",0
1142,"State university receives major research grant for renewable energy projects. The Department of Energy approved a federal grant for engineering departments to prototype high-efficiency photovoltaic cells capable of generating power during low-solar winter conditions. According to the official spokesperson, negotiators remain optimistic about outcomes.",0
1143,"URGENT: Global elite planning immediate lockdown next Tuesday! Multiple eyewitnesses reported a metallic circular craft descending from the clouds, hovering over the lawn for three minutes before accelerating into orbit. NASA refuses to answer press queries, leading to speculation. Extra report details suggest that insiders are highly worried.",1
1144,"Global trade markets stabilize following bilateral trade agreement. Following three days of debate, lawmakers finalized a comprehensive regulation bill setting stricter carbon emission targets for heavy industry and allocating funds for regional reforestation initiatives. According to the official spokesperson, the project is funded publicly.",0
1145,"State university receives major research grant for renewable energy projects. The metropolitan transit authority confirmed a long-term capital budget approval to construct three new light-rail stations, aiming to connect suburban sectors to the commercial district by next autumn. According to the official spokesperson, further evaluations are scheduled.",0
1146,"Scientists deploy deep-sea submersibles to map unexplored trenches. Stock indexes rose slightly in European and Asian markets after negotiators signed a bilateral agricultural tariff agreement, resolving a three-month import dispute between the trading partners. According to the official spokesperson, the policy will take effect next quarter.",0
1147,You won't believe what this Hollywood actor did last night! A localized plant extract when consumed with warm water acts as a cognitive booster and reverses cellular decay. Major food companies are buying farmland to monopolize the product. Extra report details suggest that insiders are highly worried.,1
1148,BREAKING: Alien spaceship spotted landing behind the White House! A secret whistleblower has leaked documents showing a massive cover-up by pharmaceutical giants who have possessed a full cure for cancer since 1995. Shares of major healthcare corporations are skyrocketing as politicians silent on public trials. Extra report details suggest that this could change everything.,1
1149,"New clinical study links regular exercise to improved cognitive health. Following three days of debate, lawmakers finalized a comprehensive regulation bill setting stricter carbon emission targets for heavy industry and allocating funds for regional reforestation initiatives. According to the official spokesperson, negotiators remain optimistic about outcomes.",0
1150,BREAKING: Alien spaceship spotted landing behind the White House! Leaked records from an offshore bank details transactions linking world leaders to a singular control board that meets annually in Switzerland to dictate inflation rates and trade wars. Extra report details suggest that insiders are highly worried.,1
1151,"Global trade markets stabilize following bilateral trade agreement. Epidemiological data released in the weekly surveillance report shows a fifteen percent drop in hospital admissions related to respiratory viruses, which health officials attribute to higher vaccination uptake. According to the official spokesperson, the project is funded publicly.",0
1152,"Secret society controls world bank, insider source reveals details. A localized plant extract when consumed with warm water acts as a cognitive booster and reverses cellular decay. Major food companies are buying farmland to monopolize the product. Extra report details suggest that a secret organization is involved.",1
1153,"New clinical study links regular exercise to improved cognitive health. The chief executive officer announced in a memorandum to staff that the corporation will consolidate redundant administrative roles to invest heavily in cloud infrastructure research divisions. According to the official spokesperson, negotiators remain optimistic about outcomes.",0
1154,"Shocking video shows politician taking massive bribes in public. Multiple eyewitnesses reported a metallic circular craft descending from the clouds, hovering over the lawn for three minutes before accelerating into orbit. NASA refuses to answer press queries, leading to speculation. Extra report details suggest that this could change everything.",1
1155,"City council approves $50 million investment for public transit extension. Epidemiological data released in the weekly surveillance report shows a fifteen percent drop in hospital admissions related to respiratory viruses, which health officials attribute to higher vaccination uptake. According to the official spokesperson, further evaluations are scheduled.",0
1156,Doctors stunned by this simple $5 trick to reverse aging overnight! Insiders caught this scandalous video on camera showing a prominent celebrity in a heated exchange that the media is trying to delete. Click here to watch before it gets taken down forever! Extra report details suggest that insiders are highly worried.,1
1157,BREAKING: Alien spaceship spotted landing behind the White House! Leaked records from an offshore bank details transactions linking world leaders to a singular control board that meets annually in Switzerland to dictate inflation rates and trade wars. Extra report details suggest that a secret organization is involved.,1
1158,Doctors stunned by this simple $5 trick to reverse aging overnight! A secret whistleblower has leaked documents showing a massive cover-up by pharmaceutical giants who have possessed a full cure for cancer since 1995. Shares of major healthcare corporations are skyrocketing as politicians silent on public trials. Extra report details suggest that a secret organization is involved.,1
1159,"Local health department reports decline in seasonal influenza cases. The Federal Reserve Board of Governors voted on Wednesday to raise the benchmark interest rate by a quarter point, citing persistent inflation pressures in core services and labor market tightness. According to the official spokesperson, the project is funded publicly.",0
1160,Doctors stunned by this simple $5 trick to reverse aging overnight! A secret whistleblower has leaked documents showing a massive cover-up by pharmaceutical giants who have possessed a full cure for cancer since 1995. Shares of major healthcare corporations are skyrocketing as politicians silent on public trials. Extra report details suggest that the media is actively censoring this.,1
1161,"BREAKING: Alien spaceship spotted landing behind the White House! Local water distribution facilities detected high levels of dangerous chemicals, yet central administrations ordered operations to proceed normally to prevent mass panic before election seasons. Extra report details suggest that this could change everything.",1
1162,"Global trade markets stabilize following bilateral trade agreement. The metropolitan transit authority confirmed a long-term capital budget approval to construct three new light-rail stations, aiming to connect suburban sectors to the commercial district by next autumn. According to the official spokesperson, the policy will take effect next quarter.",0
1163,SHOCKING SECRET: The government cure for cancer they hid from you! This revolutionary organic capsule burns fat in your sleep without dieting. Clinical trials show individuals losing forty pounds in a week. Big Pharma is attempting to ban sales to protect insulin profit margins. Extra report details suggest that insiders are highly worried.,1
1164,"Parliament passes landmark environmental protection bill. The metropolitan transit authority confirmed a long-term capital budget approval to construct three new light-rail stations, aiming to connect suburban sectors to the commercial district by next autumn. According to the official spokesperson, further evaluations are scheduled.",0
1165,"Parliament passes landmark environmental protection bill. The metropolitan transit authority confirmed a long-term capital budget approval to construct three new light-rail stations, aiming to connect suburban sectors to the commercial district by next autumn. According to the official spokesperson, the project is funded publicly.",0
1166,"Tech conglomerate announces restructuring plan, affecting 5% of workforce. An oceanographic research vessel initiated a two-month mapping mission in the Pacific, utilizing multi-beam sonar arrays to document topographical features of deep oceanic valleys. According to the official spokesperson, the policy will take effect next quarter.",0
1167,SHOCKING SECRET: The government cure for cancer they hid from you! A localized plant extract when consumed with warm water acts as a cognitive booster and reverses cellular decay. Major food companies are buying farmland to monopolize the product. Extra report details suggest that a secret organization is involved.,1
1168,"Parliament passes landmark environmental protection bill. The chief executive officer announced in a memorandum to staff that the corporation will consolidate redundant administrative roles to invest heavily in cloud infrastructure research divisions. According to the official spokesperson, the policy will take effect next quarter.",0
1169,"Scientists deploy deep-sea submersibles to map unexplored trenches. Epidemiological data released in the weekly surveillance report shows a fifteen percent drop in hospital admissions related to respiratory viruses, which health officials attribute to higher vaccination uptake. According to the official spokesperson, further evaluations are scheduled.",0
1170,"Tech conglomerate announces restructuring plan, affecting 5% of workforce. An oceanographic research vessel initiated a two-month mapping mission in the Pacific, utilizing multi-beam sonar arrays to document topographical features of deep oceanic valleys. According to the official spokesperson, negotiators remain optimistic about outcomes.",0
1171,Shocking video shows politician taking massive bribes in public. Leaked records from an offshore bank details transactions linking world leaders to a singular control board that meets annually in Switzerland to dictate inflation rates and trade wars. Extra report details suggest that insiders are highly worried.,1
1172,"Global trade markets stabilize following bilateral trade agreement. The Department of Energy approved a federal grant for engineering departments to prototype high-efficiency photovoltaic cells capable of generating power during low-solar winter conditions. According to the official spokesperson, the policy will take effect next quarter.",0
1173,"Tech conglomerate announces restructuring plan, affecting 5% of workforce. The Department of Energy approved a federal grant for engineering departments to prototype high-efficiency photovoltaic cells capable of generating power during low-solar winter conditions. According to the official spokesperson, the policy will take effect next quarter.",0
1174,CONSPIRACY: Landmark study proves the moon landing was filmed in Hollywood. A localized plant extract when consumed with warm water acts as a cognitive booster and reverses cellular decay. Major food companies are buying farmland to monopolize the product. Extra report details suggest that this could change everything.,1
1175,"Scientists deploy deep-sea submersibles to map unexplored trenches. Epidemiological data released in the weekly surveillance report shows a fifteen percent drop in hospital admissions related to respiratory viruses, which health officials attribute to higher vaccination uptake. According to the official spokesperson, the project is funded publicly.",0
1176,Doctors stunned by this simple $5 trick to reverse aging overnight! CCTV footage obtained by our network captures a high-ranking official stuffed envelope with cash from a shell corporation representative in exchange for state construction approvals. Extra report details suggest that a secret organization is involved.,1
1177,"New clinical study links regular exercise to improved cognitive health. Stock indexes rose slightly in European and Asian markets after negotiators signed a bilateral agricultural tariff agreement, resolving a three-month import dispute between the trading partners. According to the official spokesperson, the project is funded publicly.",0
1178,"Scientists deploy deep-sea submersibles to map unexplored trenches. A heavy-lift rocket successfully placed the advanced meteorological spacecraft into orbit on Sunday, providing forecasters with real-time infrared scans of severe storm formations over the coast. According to the official spokesperson, the policy will take effect next quarter.",0
1179,SHOCKING SECRET: The government cure for cancer they hid from you! Classified files released by a hacker group contain stage design prints and audio recordings proving the entire space race was simulated inside a high-security warehouse in Nevada to bankrupt foreign rivals. Extra report details suggest that the media is actively censoring this.,1
1180,Shocking video shows politician taking massive bribes in public. This revolutionary organic capsule burns fat in your sleep without dieting. Clinical trials show individuals losing forty pounds in a week. Big Pharma is attempting to ban sales to protect insulin profit margins. Extra report details suggest that insiders are highly worried.,1
1181,"CONSPIRACY: Landmark study proves the moon landing was filmed in Hollywood. Local water distribution facilities detected high levels of dangerous chemicals, yet central administrations ordered operations to proceed normally to prevent mass panic before election seasons. Extra report details suggest that insiders are highly worried.",1
1182,Miracle weight loss pill doctors don't want you to know about! CCTV footage obtained by our network captures a high-ranking official stuffed envelope with cash from a shell corporation representative in exchange for state construction approvals. Extra report details suggest that a secret organization is involved.,1
1183,"State university receives major research grant for renewable energy projects. The metropolitan transit authority confirmed a long-term capital budget approval to construct three new light-rail stations, aiming to connect suburban sectors to the commercial district by next autumn. According to the official spokesperson, the policy will take effect next quarter.",0
1184,CONSPIRACY: Landmark study proves the moon landing was filmed in Hollywood. Classified files released by a hacker group contain stage design prints and audio recordings proving the entire space race was simulated inside a high-security warehouse in Nevada to bankrupt foreign rivals. Extra report details suggest that insiders are highly worried.,1
1185,"Parliament passes landmark environmental protection bill. The metropolitan transit authority confirmed a long-term capital budget approval to construct three new light-rail stations, aiming to connect suburban sectors to the commercial district by next autumn. According to the official spokesperson, further evaluations are scheduled.",0
1186,"BREAKING: Alien spaceship spotted landing behind the White House! Multiple eyewitnesses reported a metallic circular craft descending from the clouds, hovering over the lawn for three minutes before accelerating into orbit. NASA refuses to answer press queries, leading to speculation. Extra report details suggest that a secret organization is involved.",1
1187,"Global trade markets stabilize following bilateral trade agreement. Stock indexes rose slightly in European and Asian markets after negotiators signed a bilateral agricultural tariff agreement, resolving a three-month import dispute between the trading partners. According to the official spokesperson, the project is funded publicly.",0
1188,Miracle weight loss pill doctors don't want you to know about! This revolutionary organic capsule burns fat in your sleep without dieting. Clinical trials show individuals losing forty pounds in a week. Big Pharma is attempting to ban sales to protect insulin profit margins. Extra report details suggest that a secret organization is involved.,1
1189,"Parliament passes landmark environmental protection bill. Following three days of debate, lawmakers finalized a comprehensive regulation bill setting stricter carbon emission targets for heavy industry and allocating funds for regional reforestation initiatives. According to the official spokesperson, negotiators remain optimistic about outcomes.",0
1190,"Local health department reports decline in seasonal influenza cases. The metropolitan transit authority confirmed a long-term capital budget approval to construct three new light-rail stations, aiming to connect suburban sectors to the commercial district by next autumn. According to the official spokesperson, the policy will take effect next quarter.",0
1191,"Breaking: Major city's water supply poisoned, authorities hiding truth. Multiple eyewitnesses reported a metallic circular craft descending from the clouds, hovering over the lawn for three minutes before accelerating into orbit. NASA refuses to answer press queries, leading to speculation. Extra report details suggest that the media is actively censoring this.",1
1192,SHOCKING SECRET: The government cure for cancer they hid from you! A secret whistleblower has leaked documents showing a massive cover-up by pharmaceutical giants who have possessed a full cure for cancer since 1995. Shares of major healthcare corporations are skyrocketing as politicians silent on public trials. Extra report details suggest that insiders are highly worried.,1
1193,URGENT: Global elite planning immediate lockdown next Tuesday! Insiders caught this scandalous video on camera showing a prominent celebrity in a heated exchange that the media is trying to delete. Click here to watch before it gets taken down forever! Extra report details suggest that the media is actively censoring this.,1
1194,Shocking video shows politician taking massive bribes in public. Insiders caught this scandalous video on camera showing a prominent celebrity in a heated exchange that the media is trying to delete. Click here to watch before it gets taken down forever! Extra report details suggest that this could change everything.,1
1195,"Scientists deploy deep-sea submersibles to map unexplored trenches. An oceanographic research vessel initiated a two-month mapping mission in the Pacific, utilizing multi-beam sonar arrays to document topographical features of deep oceanic valleys. According to the official spokesperson, the project is funded publicly.",0
1196,"Parliament passes landmark environmental protection bill. The Federal Reserve Board of Governors voted on Wednesday to raise the benchmark interest rate by a quarter point, citing persistent inflation pressures in core services and labor market tightness. According to the official spokesperson, the policy will take effect next quarter.",0
1197,"New clinical study links regular exercise to improved cognitive health. The metropolitan transit authority confirmed a long-term capital budget approval to construct three new light-rail stations, aiming to connect suburban sectors to the commercial district by next autumn. According to the official spokesperson, further evaluations are scheduled.",0
1198,"New clinical study links regular exercise to improved cognitive health. Epidemiological data released in the weekly surveillance report shows a fifteen percent drop in hospital admissions related to respiratory viruses, which health officials attribute to higher vaccination uptake. According to the official spokesperson, negotiators remain optimistic about outcomes.",0
1199,"State university receives major research grant for renewable energy projects. A heavy-lift rocket successfully placed the advanced meteorological spacecraft into orbit on Sunday, providing forecasters with real-time infrared scans of severe storm formations over the coast. According to the official spokesperson, further evaluations are scheduled.",0
