id,text,label,cleaned_text
0,"City council approves $50 million investment for public transit extension. Researchers at the National Institute of Health published findings in the Journal of Medicine indicating adults who engage in moderate cardiovascular activity three times a week show higher neuron densities. According to the official spokesperson, the policy will take effect next quarter.",0,city council approves million investment public transit extension researcher national institute health published finding journal medicine indicating adult engage moderate cardiovascular activity three time week show higher neuron density according official spokesperson policy take effect next quarter
1,"New clinical study links regular exercise to improved cognitive health. Researchers at the National Institute of Health published findings in the Journal of Medicine indicating adults who engage in moderate cardiovascular activity three times a week show higher neuron densities. According to the official spokesperson, negotiators remain optimistic about outcomes.",0,new clinical study link regular exercise improved cognitive health researcher national institute health published finding journal medicine indicating adult engage moderate cardiovascular activity three time week show higher neuron density according official spokesperson negotiator remain optimistic outcome
2,BREAKING: Alien spaceship spotted landing behind the White House! A localized plant extract when consumed with warm water acts as a cognitive booster and reverses cellular decay. Major food companies are buying farmland to monopolize the product. Extra report details suggest that this could change everything.,1,breaking alien spaceship spotted landing behind white house localized plant extract consumed warm water act cognitive booster revers cellular decay major food company buying farmland monopolize product extra report detail suggest could change everything
3,"Breaking: Major city's water supply poisoned, authorities hiding truth. An anonymous memo circulating within security agencies suggests a simulated crisis will be used to enforce emergency laws. Citizens are urged to store food and withdraw all physical cash immediately. Extra report details suggest that this could change everything.",1,breaking major city water supply poisoned authority hiding truth anonymous memo circulating within security agency suggests simulated crisis used enforce emergency law citizen urged store food withdraw physical cash immediately extra report detail suggest could change everything
4,Doctors stunned by this simple $5 trick to reverse aging overnight! This revolutionary organic capsule burns fat in your sleep without dieting. Clinical trials show individuals losing forty pounds in a week. Big Pharma is attempting to ban sales to protect insulin profit margins. Extra report details suggest that a secret organization is involved.,1,doctor stunned simple trick reverse aging overnight revolutionary organic capsule burn fat sleep without dieting clinical trial show individual losing forty pound week big pharma attempting ban sale protect insulin profit margin extra report detail suggest secret organization involved
5,"Parliament passes landmark environmental protection bill. The metropolitan transit authority confirmed a long-term capital budget approval to construct three new light-rail stations, aiming to connect suburban sectors to the commercial district by next autumn. According to the official spokesperson, further evaluations are scheduled.",0,parliament pass landmark environmental protection bill metropolitan transit authority confirmed longterm capital budget approval construct three new lightrail station aiming connect suburban sector commercial district next autumn according official spokesperson evaluation scheduled
6,Miracle weight loss pill doctors don't want you to know about! An anonymous memo circulating within security agencies suggests a simulated crisis will be used to enforce emergency laws. Citizens are urged to store food and withdraw all physical cash immediately. Extra report details suggest that insiders are highly worried.,1,miracle weight loss pill doctor dont want know anonymous memo circulating within security agency suggests simulated crisis used enforce emergency law citizen urged store food withdraw physical cash immediately extra report detail suggest insider highly worried
7,"New clinical study links regular exercise to improved cognitive health. Researchers at the National Institute of Health published findings in the Journal of Medicine indicating adults who engage in moderate cardiovascular activity three times a week show higher neuron densities. According to the official spokesperson, the policy will take effect next quarter.",0,new clinical study link regular exercise improved cognitive health researcher national institute health published finding journal medicine indicating adult engage moderate cardiovascular activity three time week show higher neuron density according official spokesperson policy take effect next quarter
8,BREAKING: Alien spaceship spotted landing behind the White House! Insiders caught this scandalous video on camera showing a prominent celebrity in a heated exchange that the media is trying to delete. Click here to watch before it gets taken down forever! Extra report details suggest that insiders are highly worried.,1,breaking alien spaceship spotted landing behind white house insider caught scandalous video camera showing prominent celebrity heated exchange medium trying delete click watch get taken forever extra report detail suggest insider highly worried
9,"Federal Reserve announces interest rate hike to combat inflation. An oceanographic research vessel initiated a two-month mapping mission in the Pacific, utilizing multi-beam sonar arrays to document topographical features of deep oceanic valleys. According to the official spokesperson, the project is funded publicly.",0,federal reserve announces interest rate hike combat inflation oceanographic research vessel initiated twomonth mapping mission pacific utilizing multibeam sonar array document topographical feature deep oceanic valley according official spokesperson project funded publicly
10,"Local health department reports decline in seasonal influenza cases. The Department of Energy approved a federal grant for engineering departments to prototype high-efficiency photovoltaic cells capable of generating power during low-solar winter conditions. According to the official spokesperson, negotiators remain optimistic about outcomes.",0,local health department report decline seasonal influenza case department energy approved federal grant engineering department prototype highefficiency photovoltaic cell capable generating power lowsolar winter condition according official spokesperson negotiator remain optimistic outcome
11,"CONSPIRACY: Landmark study proves the moon landing was filmed in Hollywood. Multiple eyewitnesses reported a metallic circular craft descending from the clouds, hovering over the lawn for three minutes before accelerating into orbit. NASA refuses to answer press queries, leading to speculation. Extra report details suggest that a secret organization is involved.",1,conspiracy landmark study prof moon landing filmed hollywood multiple eyewitness reported metallic circular craft descending cloud hovering lawn three minute accelerating orbit nasa refuse answer press query leading speculation extra report detail suggest secret organization involved
12,Miracle weight loss pill doctors don't want you to know about! This revolutionary organic capsule burns fat in your sleep without dieting. Clinical trials show individuals losing forty pounds in a week. Big Pharma is attempting to ban sales to protect insulin profit margins. Extra report details suggest that insiders are highly worried.,1,miracle weight loss pill doctor dont want know revolutionary organic capsule burn fat sleep without dieting clinical trial show individual losing forty pound week big pharma attempting ban sale protect insulin profit margin extra report detail suggest insider highly worried
13,"Federal Reserve announces interest rate hike to combat inflation. Epidemiological data released in the weekly surveillance report shows a fifteen percent drop in hospital admissions related to respiratory viruses, which health officials attribute to higher vaccination uptake. According to the official spokesperson, the policy will take effect next quarter.",0,federal reserve announces interest rate hike combat inflation epidemiological data released weekly surveillance report show fifteen percent drop hospital admission related respiratory virus health official attribute higher vaccination uptake according official spokesperson policy take effect next quarter
14,BREAKING: Alien spaceship spotted landing behind the White House! Classified files released by a hacker group contain stage design prints and audio recordings proving the entire space race was simulated inside a high-security warehouse in Nevada to bankrupt foreign rivals. Extra report details suggest that the media is actively censoring this.,1,breaking alien spaceship spotted landing behind white house classified file released hacker group contain stage design print audio recording proving entire space race simulated inside highsecurity warehouse nevada bankrupt foreign rival extra report detail suggest medium actively censoring
15,Miracle weight loss pill doctors don't want you to know about! CCTV footage obtained by our network captures a high-ranking official stuffed envelope with cash from a shell corporation representative in exchange for state construction approvals. Extra report details suggest that this could change everything.,1,miracle weight loss pill doctor dont want know cctv footage obtained network capture highranking official stuffed envelope cash shell corporation representative exchange state construction approval extra report detail suggest could change everything
16,You won't believe what this Hollywood actor did last night! A localized plant extract when consumed with warm water acts as a cognitive booster and reverses cellular decay. Major food companies are buying farmland to monopolize the product. Extra report details suggest that the media is actively censoring this.,1,wont believe hollywood actor last night localized plant extract consumed warm water act cognitive booster revers cellular decay major food company buying farmland monopolize product extra report detail suggest medium actively censoring
17,"New clinical study links regular exercise to improved cognitive health. The Department of Energy approved a federal grant for engineering departments to prototype high-efficiency photovoltaic cells capable of generating power during low-solar winter conditions. According to the official spokesperson, the project is funded publicly.",0,new clinical study link regular exercise improved cognitive health department energy approved federal grant engineering department prototype highefficiency photovoltaic cell capable generating power lowsolar winter condition according official spokesperson project funded publicly
18,"Global trade markets stabilize following bilateral trade agreement. A heavy-lift rocket successfully placed the advanced meteorological spacecraft into orbit on Sunday, providing forecasters with real-time infrared scans of severe storm formations over the coast. According to the official spokesperson, further evaluations are scheduled.",0,global trade market stabilize following bilateral trade agreement heavylift rocket successfully placed advanced meteorological spacecraft orbit sunday providing forecaster realtime infrared scan severe storm formation coast according official spokesperson evaluation scheduled
19,BREAKING: Alien spaceship spotted landing behind the White House! A secret whistleblower has leaked documents showing a massive cover-up by pharmaceutical giants who have possessed a full cure for cancer since 1995. Shares of major healthcare corporations are skyrocketing as politicians silent on public trials. Extra report details suggest that this could change everything.,1,breaking alien spaceship spotted landing behind white house secret whistleblower leaked document showing massive coverup pharmaceutical giant possessed full cure cancer since share major healthcare corporation skyrocketing politician silent public trial extra report detail suggest could change everything
20,Shocking video shows politician taking massive bribes in public. Classified files released by a hacker group contain stage design prints and audio recordings proving the entire space race was simulated inside a high-security warehouse in Nevada to bankrupt foreign rivals. Extra report details suggest that this could change everything.,1,shocking video show politician taking massive bribe public classified file released hacker group contain stage design print audio recording proving entire space race simulated inside highsecurity warehouse nevada bankrupt foreign rival extra report detail suggest could change everything
21,"Local health department reports decline in seasonal influenza cases. Following three days of debate, lawmakers finalized a comprehensive regulation bill setting stricter carbon emission targets for heavy industry and allocating funds for regional reforestation initiatives. According to the official spokesperson, the project is funded publicly.",0,local health department report decline seasonal influenza case following three day debate lawmaker finalized comprehensive regulation bill setting stricter carbon emission target heavy industry allocating fund regional reforestation initiative according official spokesperson project funded publicly
22,"Federal Reserve announces interest rate hike to combat inflation. An oceanographic research vessel initiated a two-month mapping mission in the Pacific, utilizing multi-beam sonar arrays to document topographical features of deep oceanic valleys. According to the official spokesperson, negotiators remain optimistic about outcomes.",0,federal reserve announces interest rate hike combat inflation oceanographic research vessel initiated twomonth mapping mission pacific utilizing multibeam sonar array document topographical feature deep oceanic valley according official spokesperson negotiator remain optimistic outcome
23,Shocking video shows politician taking massive bribes in public. An anonymous memo circulating within security agencies suggests a simulated crisis will be used to enforce emergency laws. Citizens are urged to store food and withdraw all physical cash immediately. Extra report details suggest that this could change everything.,1,shocking video show politician taking massive bribe public anonymous memo circulating within security agency suggests simulated crisis used enforce emergency law citizen urged store food withdraw physical cash immediately extra report detail suggest could change everything
24,You won't believe what this Hollywood actor did last night! Classified files released by a hacker group contain stage design prints and audio recordings proving the entire space race was simulated inside a high-security warehouse in Nevada to bankrupt foreign rivals. Extra report details suggest that insiders are highly worried.,1,wont believe hollywood actor last night classified file released hacker group contain stage design print audio recording proving entire space race simulated inside highsecurity warehouse nevada bankrupt foreign rival extra report detail suggest insider highly worried
25,You won't believe what this Hollywood actor did last night! An anonymous memo circulating within security agencies suggests a simulated crisis will be used to enforce emergency laws. Citizens are urged to store food and withdraw all physical cash immediately. Extra report details suggest that a secret organization is involved.,1,wont believe hollywood actor last night anonymous memo circulating within security agency suggests simulated crisis used enforce emergency law citizen urged store food withdraw physical cash immediately extra report detail suggest secret organization involved
26,"Tech conglomerate announces restructuring plan, affecting 5% of workforce. Stock indexes rose slightly in European and Asian markets after negotiators signed a bilateral agricultural tariff agreement, resolving a three-month import dispute between the trading partners. According to the official spokesperson, the policy will take effect next quarter.",0,tech conglomerate announces restructuring plan affecting workforce stock index rose slightly european asian market negotiator signed bilateral agricultural tariff agreement resolving threemonth import dispute trading partner according official spokesperson policy take effect next quarter
27,SHOCKING SECRET: The government cure for cancer they hid from you! An anonymous memo circulating within security agencies suggests a simulated crisis will be used to enforce emergency laws. Citizens are urged to store food and withdraw all physical cash immediately. Extra report details suggest that a secret organization is involved.,1,shocking secret government cure cancer hid anonymous memo circulating within security agency suggests simulated crisis used enforce emergency law citizen urged store food withdraw physical cash immediately extra report detail suggest secret organization involved
28,"Secret society controls world bank, insider source reveals details. Multiple eyewitnesses reported a metallic circular craft descending from the clouds, hovering over the lawn for three minutes before accelerating into orbit. NASA refuses to answer press queries, leading to speculation. Extra report details suggest that this could change everything.",1,secret society control world bank insider source reveals detail multiple eyewitness reported metallic circular craft descending cloud hovering lawn three minute accelerating orbit nasa refuse answer press query leading speculation extra report detail suggest could change everything
29,URGENT: Global elite planning immediate lockdown next Tuesday! An anonymous memo circulating within security agencies suggests a simulated crisis will be used to enforce emergency laws. Citizens are urged to store food and withdraw all physical cash immediately. Extra report details suggest that a secret organization is involved.,1,urgent global elite planning immediate lockdown next tuesday anonymous memo circulating within security agency suggests simulated crisis used enforce emergency law citizen urged store food withdraw physical cash immediately extra report detail suggest secret organization involved
30,Doctors stunned by this simple $5 trick to reverse aging overnight! Classified files released by a hacker group contain stage design prints and audio recordings proving the entire space race was simulated inside a high-security warehouse in Nevada to bankrupt foreign rivals. Extra report details suggest that a secret organization is involved.,1,doctor stunned simple trick reverse aging overnight classified file released hacker group contain stage design print audio recording proving entire space race simulated inside highsecurity warehouse nevada bankrupt foreign rival extra report detail suggest secret organization involved
31,"Global trade markets stabilize following bilateral trade agreement. The metropolitan transit authority confirmed a long-term capital budget approval to construct three new light-rail stations, aiming to connect suburban sectors to the commercial district by next autumn. According to the official spokesperson, negotiators remain optimistic about outcomes.",0,global trade market stabilize following bilateral trade agreement metropolitan transit authority confirmed longterm capital budget approval construct three new lightrail station aiming connect suburban sector commercial district next autumn according official spokesperson negotiator remain optimistic outcome
32,"Federal Reserve announces interest rate hike to combat inflation. A heavy-lift rocket successfully placed the advanced meteorological spacecraft into orbit on Sunday, providing forecasters with real-time infrared scans of severe storm formations over the coast. According to the official spokesperson, the project is funded publicly.",0,federal reserve announces interest rate hike combat inflation heavylift rocket successfully placed advanced meteorological spacecraft orbit sunday providing forecaster realtime infrared scan severe storm formation coast according official spokesperson project funded publicly
33,"Tech conglomerate announces restructuring plan, affecting 5% of workforce. Researchers at the National Institute of Health published findings in the Journal of Medicine indicating adults who engage in moderate cardiovascular activity three times a week show higher neuron densities. According to the official spokesperson, further evaluations are scheduled.",0,tech conglomerate announces restructuring plan affecting workforce researcher national institute health published finding journal medicine indicating adult engage moderate cardiovascular activity three time week show higher neuron density according official spokesperson evaluation scheduled
34,URGENT: Global elite planning immediate lockdown next Tuesday! A localized plant extract when consumed with warm water acts as a cognitive booster and reverses cellular decay. Major food companies are buying farmland to monopolize the product. Extra report details suggest that a secret organization is involved.,1,urgent global elite planning immediate lockdown next tuesday localized plant extract consumed warm water act cognitive booster revers cellular decay major food company buying farmland monopolize product extra report detail suggest secret organization involved
35,Miracle weight loss pill doctors don't want you to know about! This revolutionary organic capsule burns fat in your sleep without dieting. Clinical trials show individuals losing forty pounds in a week. Big Pharma is attempting to ban sales to protect insulin profit margins. Extra report details suggest that a secret organization is involved.,1,miracle weight loss pill doctor dont want know revolutionary organic capsule burn fat sleep without dieting clinical trial show individual losing forty pound week big pharma attempting ban sale protect insulin profit margin extra report detail suggest secret organization involved
36,URGENT: Global elite planning immediate lockdown next Tuesday! Classified files released by a hacker group contain stage design prints and audio recordings proving the entire space race was simulated inside a high-security warehouse in Nevada to bankrupt foreign rivals. Extra report details suggest that insiders are highly worried.,1,urgent global elite planning immediate lockdown next tuesday classified file released hacker group contain stage design print audio recording proving entire space race simulated inside highsecurity warehouse nevada bankrupt foreign rival extra report detail suggest insider highly worried
37,URGENT: Global elite planning immediate lockdown next Tuesday! Leaked records from an offshore bank details transactions linking world leaders to a singular control board that meets annually in Switzerland to dictate inflation rates and trade wars. Extra report details suggest that a secret organization is involved.,1,urgent global elite planning immediate lockdown next tuesday leaked record offshore bank detail transaction linking world leader singular control board meet annually switzerland dictate inflation rate trade war extra report detail suggest secret organization involved
38,Miracle weight loss pill doctors don't want you to know about! CCTV footage obtained by our network captures a high-ranking official stuffed envelope with cash from a shell corporation representative in exchange for state construction approvals. Extra report details suggest that the media is actively censoring this.,1,miracle weight loss pill doctor dont want know cctv footage obtained network capture highranking official stuffed envelope cash shell corporation representative exchange state construction approval extra report detail suggest medium actively censoring
39,"Scientists deploy deep-sea submersibles to map unexplored trenches. A heavy-lift rocket successfully placed the advanced meteorological spacecraft into orbit on Sunday, providing forecasters with real-time infrared scans of severe storm formations over the coast. According to the official spokesperson, the project is funded publicly.",0,scientist deploy deepsea submersible map unexplored trench heavylift rocket successfully placed advanced meteorological spacecraft orbit sunday providing forecaster realtime infrared scan severe storm formation coast according official spokesperson project funded publicly
40,"Local health department reports decline in seasonal influenza cases. The chief executive officer announced in a memorandum to staff that the corporation will consolidate redundant administrative roles to invest heavily in cloud infrastructure research divisions. According to the official spokesperson, the policy will take effect next quarter.",0,local health department report decline seasonal influenza case chief executive officer announced memorandum staff corporation consolidate redundant administrative role invest heavily cloud infrastructure research division according official spokesperson policy take effect next quarter
41,URGENT: Global elite planning immediate lockdown next Tuesday! An anonymous memo circulating within security agencies suggests a simulated crisis will be used to enforce emergency laws. Citizens are urged to store food and withdraw all physical cash immediately. Extra report details suggest that insiders are highly worried.,1,urgent global elite planning immediate lockdown next tuesday anonymous memo circulating within security agency suggests simulated crisis used enforce emergency law citizen urged store food withdraw physical cash immediately extra report detail suggest insider highly worried
42,"State university receives major research grant for renewable energy projects. The Federal Reserve Board of Governors voted on Wednesday to raise the benchmark interest rate by a quarter point, citing persistent inflation pressures in core services and labor market tightness. According to the official spokesperson, the project is funded publicly.",0,state university receives major research grant renewable energy project federal reserve board governor voted wednesday raise benchmark interest rate quarter point citing persistent inflation pressure core service labor market tightness according official spokesperson project funded publicly
43,CONSPIRACY: Landmark study proves the moon landing was filmed in Hollywood. CCTV footage obtained by our network captures a high-ranking official stuffed envelope with cash from a shell corporation representative in exchange for state construction approvals. Extra report details suggest that this could change everything.,1,conspiracy landmark study prof moon landing filmed hollywood cctv footage obtained network capture highranking official stuffed envelope cash shell corporation representative exchange state construction approval extra report detail suggest could change everything
44,"Scientists deploy deep-sea submersibles to map unexplored trenches. An oceanographic research vessel initiated a two-month mapping mission in the Pacific, utilizing multi-beam sonar arrays to document topographical features of deep oceanic valleys. According to the official spokesperson, further evaluations are scheduled.",0,scientist deploy deepsea submersible map unexplored trench oceanographic research vessel initiated twomonth mapping mission pacific utilizing multibeam sonar array document topographical feature deep oceanic valley according official spokesperson evaluation scheduled
45,Doctors stunned by this simple $5 trick to reverse aging overnight! Insiders caught this scandalous video on camera showing a prominent celebrity in a heated exchange that the media is trying to delete. Click here to watch before it gets taken down forever! Extra report details suggest that this could change everything.,1,doctor stunned simple trick reverse aging overnight insider caught scandalous video camera showing prominent celebrity heated exchange medium trying delete click watch get taken forever extra report detail suggest could change everything
46,SHOCKING SECRET: The government cure for cancer they hid from you! Leaked records from an offshore bank details transactions linking world leaders to a singular control board that meets annually in Switzerland to dictate inflation rates and trade wars. Extra report details suggest that insiders are highly worried.,1,shocking secret government cure cancer hid leaked record offshore bank detail transaction linking world leader singular control board meet annually switzerland dictate inflation rate trade war extra report detail suggest insider highly worried
47,Miracle weight loss pill doctors don't want you to know about! An anonymous memo circulating within security agencies suggests a simulated crisis will be used to enforce emergency laws. Citizens are urged to store food and withdraw all physical cash immediately. Extra report details suggest that a secret organization is involved.,1,miracle weight loss pill doctor dont want know anonymous memo circulating within security agency suggests simulated crisis used enforce emergency law citizen urged store food withdraw physical cash immediately extra report detail suggest secret organization involved
48,BREAKING: Alien spaceship spotted landing behind the White House! A secret whistleblower has leaked documents showing a massive cover-up by pharmaceutical giants who have possessed a full cure for cancer since 1995. Shares of major healthcare corporations are skyrocketing as politicians silent on public trials. Extra report details suggest that the media is actively censoring this.,1,breaking alien spaceship spotted landing behind white house secret whistleblower leaked document showing massive coverup pharmaceutical giant possessed full cure cancer since share major healthcare corporation skyrocketing politician silent public trial extra report detail suggest medium actively censoring
49,CONSPIRACY: Landmark study proves the moon landing was filmed in Hollywood. Leaked records from an offshore bank details transactions linking world leaders to a singular control board that meets annually in Switzerland to dictate inflation rates and trade wars. Extra report details suggest that this could change everything.,1,conspiracy landmark study prof moon landing filmed hollywood leaked record offshore bank detail transaction linking world leader singular control board meet annually switzerland dictate inflation rate trade war extra report detail suggest could change everything
50,"Tech conglomerate announces restructuring plan, affecting 5% of workforce. An oceanographic research vessel initiated a two-month mapping mission in the Pacific, utilizing multi-beam sonar arrays to document topographical features of deep oceanic valleys. According to the official spokesperson, further evaluations are scheduled.",0,tech conglomerate announces restructuring plan affecting workforce oceanographic research vessel initiated twomonth mapping mission pacific utilizing multibeam sonar array document topographical feature deep oceanic valley according official spokesperson evaluation scheduled
51,"Federal Reserve announces interest rate hike to combat inflation. An oceanographic research vessel initiated a two-month mapping mission in the Pacific, utilizing multi-beam sonar arrays to document topographical features of deep oceanic valleys. According to the official spokesperson, the policy will take effect next quarter.",0,federal reserve announces interest rate hike combat inflation oceanographic research vessel initiated twomonth mapping mission pacific utilizing multibeam sonar array document topographical feature deep oceanic valley according official spokesperson policy take effect next quarter
52,URGENT: Global elite planning immediate lockdown next Tuesday! This revolutionary organic capsule burns fat in your sleep without dieting. Clinical trials show individuals losing forty pounds in a week. Big Pharma is attempting to ban sales to protect insulin profit margins. Extra report details suggest that a secret organization is involved.,1,urgent global elite planning immediate lockdown next tuesday revolutionary organic capsule burn fat sleep without dieting clinical trial show individual losing forty pound week big pharma attempting ban sale protect insulin profit margin extra report detail suggest secret organization involved
53,"Breaking: Major city's water supply poisoned, authorities hiding truth. Local water distribution facilities detected high levels of dangerous chemicals, yet central administrations ordered operations to proceed normally to prevent mass panic before election seasons. Extra report details suggest that insiders are highly worried.",1,breaking major city water supply poisoned authority hiding truth local water distribution facility detected high level dangerous chemical yet central administration ordered operation proceed normally prevent mass panic election season extra report detail suggest insider highly worried
54,"National space agency launches new weather satellite into geostationary orbit. An oceanographic research vessel initiated a two-month mapping mission in the Pacific, utilizing multi-beam sonar arrays to document topographical features of deep oceanic valleys. According to the official spokesperson, the project is funded publicly.",0,national space agency launch new weather satellite geostationary orbit oceanographic research vessel initiated twomonth mapping mission pacific utilizing multibeam sonar array document topographical feature deep oceanic valley according official spokesperson project funded publicly
55,"Miracle weight loss pill doctors don't want you to know about! Multiple eyewitnesses reported a metallic circular craft descending from the clouds, hovering over the lawn for three minutes before accelerating into orbit. NASA refuses to answer press queries, leading to speculation. Extra report details suggest that a secret organization is involved.",1,miracle weight loss pill doctor dont want know multiple eyewitness reported metallic circular craft descending cloud hovering lawn three minute accelerating orbit nasa refuse answer press query leading speculation extra report detail suggest secret organization involved
56,"Parliament passes landmark environmental protection bill. Researchers at the National Institute of Health published findings in the Journal of Medicine indicating adults who engage in moderate cardiovascular activity three times a week show higher neuron densities. According to the official spokesperson, the policy will take effect next quarter.",0,parliament pass landmark environmental protection bill researcher national institute health published finding journal medicine indicating adult engage moderate cardiovascular activity three time week show higher neuron density according official spokesperson policy take effect next quarter
57,"National space agency launches new weather satellite into geostationary orbit. Following three days of debate, lawmakers finalized a comprehensive regulation bill setting stricter carbon emission targets for heavy industry and allocating funds for regional reforestation initiatives. According to the official spokesperson, the project is funded publicly.",0,national space agency launch new weather satellite geostationary orbit following three day debate lawmaker finalized comprehensive regulation bill setting stricter carbon emission target heavy industry allocating fund regional reforestation initiative according official spokesperson project funded publicly
58,"New clinical study links regular exercise to improved cognitive health. Epidemiological data released in the weekly surveillance report shows a fifteen percent drop in hospital admissions related to respiratory viruses, which health officials attribute to higher vaccination uptake. According to the official spokesperson, the project is funded publicly.",0,new clinical study link regular exercise improved cognitive health epidemiological data released weekly surveillance report show fifteen percent drop hospital admission related respiratory virus health official attribute higher vaccination uptake according official spokesperson project funded publicly
59,Shocking video shows politician taking massive bribes in public. Insiders caught this scandalous video on camera showing a prominent celebrity in a heated exchange that the media is trying to delete. Click here to watch before it gets taken down forever! Extra report details suggest that a secret organization is involved.,1,shocking video show politician taking massive bribe public insider caught scandalous video camera showing prominent celebrity heated exchange medium trying delete click watch get taken forever extra report detail suggest secret organization involved
60,URGENT: Global elite planning immediate lockdown next Tuesday! Insiders caught this scandalous video on camera showing a prominent celebrity in a heated exchange that the media is trying to delete. Click here to watch before it gets taken down forever! Extra report details suggest that the media is actively censoring this.,1,urgent global elite planning immediate lockdown next tuesday insider caught scandalous video camera showing prominent celebrity heated exchange medium trying delete click watch get taken forever extra report detail suggest medium actively censoring
61,"Secret society controls world bank, insider source reveals details. Multiple eyewitnesses reported a metallic circular craft descending from the clouds, hovering over the lawn for three minutes before accelerating into orbit. NASA refuses to answer press queries, leading to speculation. Extra report details suggest that this could change everything.",1,secret society control world bank insider source reveals detail multiple eyewitness reported metallic circular craft descending cloud hovering lawn three minute accelerating orbit nasa refuse answer press query leading speculation extra report detail suggest could change everything
62,CONSPIRACY: Landmark study proves the moon landing was filmed in Hollywood. Classified files released by a hacker group contain stage design prints and audio recordings proving the entire space race was simulated inside a high-security warehouse in Nevada to bankrupt foreign rivals. Extra report details suggest that insiders are highly worried.,1,conspiracy landmark study prof moon landing filmed hollywood classified file released hacker group contain stage design print audio recording proving entire space race simulated inside highsecurity warehouse nevada bankrupt foreign rival extra report detail suggest insider highly worried
63,You won't believe what this Hollywood actor did last night! Leaked records from an offshore bank details transactions linking world leaders to a singular control board that meets annually in Switzerland to dictate inflation rates and trade wars. Extra report details suggest that the media is actively censoring this.,1,wont believe hollywood actor last night leaked record offshore bank detail transaction linking world leader singular control board meet annually switzerland dictate inflation rate trade war extra report detail suggest medium actively censoring
64,Miracle weight loss pill doctors don't want you to know about! CCTV footage obtained by our network captures a high-ranking official stuffed envelope with cash from a shell corporation representative in exchange for state construction approvals. Extra report details suggest that this could change everything.,1,miracle weight loss pill doctor dont want know cctv footage obtained network capture highranking official stuffed envelope cash shell corporation representative exchange state construction approval extra report detail suggest could change everything
65,"National space agency launches new weather satellite into geostationary orbit. The metropolitan transit authority confirmed a long-term capital budget approval to construct three new light-rail stations, aiming to connect suburban sectors to the commercial district by next autumn. According to the official spokesperson, further evaluations are scheduled.",0,national space agency launch new weather satellite geostationary orbit metropolitan transit authority confirmed longterm capital budget approval construct three new lightrail station aiming connect suburban sector commercial district next autumn according official spokesperson evaluation scheduled
66,Miracle weight loss pill doctors don't want you to know about! Leaked records from an offshore bank details transactions linking world leaders to a singular control board that meets annually in Switzerland to dictate inflation rates and trade wars. Extra report details suggest that the media is actively censoring this.,1,miracle weight loss pill doctor dont want know leaked record offshore bank detail transaction linking world leader singular control board meet annually switzerland dictate inflation rate trade war extra report detail suggest medium actively censoring
67,"CONSPIRACY: Landmark study proves the moon landing was filmed in Hollywood. Multiple eyewitnesses reported a metallic circular craft descending from the clouds, hovering over the lawn for three minutes before accelerating into orbit. NASA refuses to answer press queries, leading to speculation. Extra report details suggest that this could change everything.",1,conspiracy landmark study prof moon landing filmed hollywood multiple eyewitness reported metallic circular craft descending cloud hovering lawn three minute accelerating orbit nasa refuse answer press query leading speculation extra report detail suggest could change everything
68,BREAKING: Alien spaceship spotted landing behind the White House! CCTV footage obtained by our network captures a high-ranking official stuffed envelope with cash from a shell corporation representative in exchange for state construction approvals. Extra report details suggest that this could change everything.,1,breaking alien spaceship spotted landing behind white house cctv footage obtained network capture highranking official stuffed envelope cash shell corporation representative exchange state construction approval extra report detail suggest could change everything
69,"Secret society controls world bank, insider source reveals details. A secret whistleblower has leaked documents showing a massive cover-up by pharmaceutical giants who have possessed a full cure for cancer since 1995. Shares of major healthcare corporations are skyrocketing as politicians silent on public trials. Extra report details suggest that the media is actively censoring this.",1,secret society control world bank insider source reveals detail secret whistleblower leaked document showing massive coverup pharmaceutical giant possessed full cure cancer since share major healthcare corporation skyrocketing politician silent public trial extra report detail suggest medium actively censoring
70,Shocking video shows politician taking massive bribes in public. CCTV footage obtained by our network captures a high-ranking official stuffed envelope with cash from a shell corporation representative in exchange for state construction approvals. Extra report details suggest that insiders are highly worried.,1,shocking video show politician taking massive bribe public cctv footage obtained network capture highranking official stuffed envelope cash shell corporation representative exchange state construction approval extra report detail suggest insider highly worried
71,"URGENT: Global elite planning immediate lockdown next Tuesday! Local water distribution facilities detected high levels of dangerous chemicals, yet central administrations ordered operations to proceed normally to prevent mass panic before election seasons. Extra report details suggest that insiders are highly worried.",1,urgent global elite planning immediate lockdown next tuesday local water distribution facility detected high level dangerous chemical yet central administration ordered operation proceed normally prevent mass panic election season extra report detail suggest insider highly worried
72,"National space agency launches new weather satellite into geostationary orbit. The chief executive officer announced in a memorandum to staff that the corporation will consolidate redundant administrative roles to invest heavily in cloud infrastructure research divisions. According to the official spokesperson, the policy will take effect next quarter.",0,national space agency launch new weather satellite geostationary orbit chief executive officer announced memorandum staff corporation consolidate redundant administrative role invest heavily cloud infrastructure research division according official spokesperson policy take effect next quarter
73,Doctors stunned by this simple $5 trick to reverse aging overnight! Classified files released by a hacker group contain stage design prints and audio recordings proving the entire space race was simulated inside a high-security warehouse in Nevada to bankrupt foreign rivals. Extra report details suggest that insiders are highly worried.,1,doctor stunned simple trick reverse aging overnight classified file released hacker group contain stage design print audio recording proving entire space race simulated inside highsecurity warehouse nevada bankrupt foreign rival extra report detail suggest insider highly worried
74,URGENT: Global elite planning immediate lockdown next Tuesday! A secret whistleblower has leaked documents showing a massive cover-up by pharmaceutical giants who have possessed a full cure for cancer since 1995. Shares of major healthcare corporations are skyrocketing as politicians silent on public trials. Extra report details suggest that a secret organization is involved.,1,urgent global elite planning immediate lockdown next tuesday secret whistleblower leaked document showing massive coverup pharmaceutical giant possessed full cure cancer since share major healthcare corporation skyrocketing politician silent public trial extra report detail suggest secret organization involved
75,"Secret society controls world bank, insider source reveals details. Classified files released by a hacker group contain stage design prints and audio recordings proving the entire space race was simulated inside a high-security warehouse in Nevada to bankrupt foreign rivals. Extra report details suggest that the media is actively censoring this.",1,secret society control world bank insider source reveals detail classified file released hacker group contain stage design print audio recording proving entire space race simulated inside highsecurity warehouse nevada bankrupt foreign rival extra report detail suggest medium actively censoring
76,CONSPIRACY: Landmark study proves the moon landing was filmed in Hollywood. A localized plant extract when consumed with warm water acts as a cognitive booster and reverses cellular decay. Major food companies are buying farmland to monopolize the product. Extra report details suggest that this could change everything.,1,conspiracy landmark study prof moon landing filmed hollywood localized plant extract consumed warm water act cognitive booster revers cellular decay major food company buying farmland monopolize product extra report detail suggest could change everything
77,Doctors stunned by this simple $5 trick to reverse aging overnight! Leaked records from an offshore bank details transactions linking world leaders to a singular control board that meets annually in Switzerland to dictate inflation rates and trade wars. Extra report details suggest that insiders are highly worried.,1,doctor stunned simple trick reverse aging overnight leaked record offshore bank detail transaction linking world leader singular control board meet annually switzerland dictate inflation rate trade war extra report detail suggest insider highly worried
78,"Tech conglomerate announces restructuring plan, affecting 5% of workforce. The chief executive officer announced in a memorandum to staff that the corporation will consolidate redundant administrative roles to invest heavily in cloud infrastructure research divisions. According to the official spokesperson, the policy will take effect next quarter.",0,tech conglomerate announces restructuring plan affecting workforce chief executive officer announced memorandum staff corporation consolidate redundant administrative role invest heavily cloud infrastructure research division according official spokesperson policy take effect next quarter
79,"State university receives major research grant for renewable energy projects. The Federal Reserve Board of Governors voted on Wednesday to raise the benchmark interest rate by a quarter point, citing persistent inflation pressures in core services and labor market tightness. According to the official spokesperson, further evaluations are scheduled.",0,state university receives major research grant renewable energy project federal reserve board governor voted wednesday raise benchmark interest rate quarter point citing persistent inflation pressure core service labor market tightness according official spokesperson evaluation scheduled
80,"National space agency launches new weather satellite into geostationary orbit. Stock indexes rose slightly in European and Asian markets after negotiators signed a bilateral agricultural tariff agreement, resolving a three-month import dispute between the trading partners. According to the official spokesperson, further evaluations are scheduled.",0,national space agency launch new weather satellite geostationary orbit stock index rose slightly european asian market negotiator signed bilateral agricultural tariff agreement resolving threemonth import dispute trading partner according official spokesperson evaluation scheduled
81,"You won't believe what this Hollywood actor did last night! Local water distribution facilities detected high levels of dangerous chemicals, yet central administrations ordered operations to proceed normally to prevent mass panic before election seasons. Extra report details suggest that this could change everything.",1,wont believe hollywood actor last night local water distribution facility detected high level dangerous chemical yet central administration ordered operation proceed normally prevent mass panic election season extra report detail suggest could change everything
82,"City council approves $50 million investment for public transit extension. Following three days of debate, lawmakers finalized a comprehensive regulation bill setting stricter carbon emission targets for heavy industry and allocating funds for regional reforestation initiatives. According to the official spokesperson, the project is funded publicly.",0,city council approves million investment public transit extension following three day debate lawmaker finalized comprehensive regulation bill setting stricter carbon emission target heavy industry allocating fund regional reforestation initiative according official spokesperson project funded publicly
83,CONSPIRACY: Landmark study proves the moon landing was filmed in Hollywood. An anonymous memo circulating within security agencies suggests a simulated crisis will be used to enforce emergency laws. Citizens are urged to store food and withdraw all physical cash immediately. Extra report details suggest that the media is actively censoring this.,1,conspiracy landmark study prof moon landing filmed hollywood anonymous memo circulating within security agency suggests simulated crisis used enforce emergency law citizen urged store food withdraw physical cash immediately extra report detail suggest medium actively censoring
84,"Shocking video shows politician taking massive bribes in public. Multiple eyewitnesses reported a metallic circular craft descending from the clouds, hovering over the lawn for three minutes before accelerating into orbit. NASA refuses to answer press queries, leading to speculation. Extra report details suggest that insiders are highly worried.",1,shocking video show politician taking massive bribe public multiple eyewitness reported metallic circular craft descending cloud hovering lawn three minute accelerating orbit nasa refuse answer press query leading speculation extra report detail suggest insider highly worried
85,"Tech conglomerate announces restructuring plan, affecting 5% of workforce. The chief executive officer announced in a memorandum to staff that the corporation will consolidate redundant administrative roles to invest heavily in cloud infrastructure research divisions. According to the official spokesperson, negotiators remain optimistic about outcomes.",0,tech conglomerate announces restructuring plan affecting workforce chief executive officer announced memorandum staff corporation consolidate redundant administrative role invest heavily cloud infrastructure research division according official spokesperson negotiator remain optimistic outcome
86,"State university receives major research grant for renewable energy projects. The chief executive officer announced in a memorandum to staff that the corporation will consolidate redundant administrative roles to invest heavily in cloud infrastructure research divisions. According to the official spokesperson, the policy will take effect next quarter.",0,state university receives major research grant renewable energy project chief executive officer announced memorandum staff corporation consolidate redundant administrative role invest heavily cloud infrastructure research division according official spokesperson policy take effect next quarter
87,BREAKING: Alien spaceship spotted landing behind the White House! A secret whistleblower has leaked documents showing a massive cover-up by pharmaceutical giants who have possessed a full cure for cancer since 1995. Shares of major healthcare corporations are skyrocketing as politicians silent on public trials. Extra report details suggest that a secret organization is involved.,1,breaking alien spaceship spotted landing behind white house secret whistleblower leaked document showing massive coverup pharmaceutical giant possessed full cure cancer since share major healthcare corporation skyrocketing politician silent public trial extra report detail suggest secret organization involved
88,"Tech conglomerate announces restructuring plan, affecting 5% of workforce. A heavy-lift rocket successfully placed the advanced meteorological spacecraft into orbit on Sunday, providing forecasters with real-time infrared scans of severe storm formations over the coast. According to the official spokesperson, negotiators remain optimistic about outcomes.",0,tech conglomerate announces restructuring plan affecting workforce heavylift rocket successfully placed advanced meteorological spacecraft orbit sunday providing forecaster realtime infrared scan severe storm formation coast according official spokesperson negotiator remain optimistic outcome
89,"National space agency launches new weather satellite into geostationary orbit. Following three days of debate, lawmakers finalized a comprehensive regulation bill setting stricter carbon emission targets for heavy industry and allocating funds for regional reforestation initiatives. According to the official spokesperson, negotiators remain optimistic about outcomes.",0,national space agency launch new weather satellite geostationary orbit following three day debate lawmaker finalized comprehensive regulation bill setting stricter carbon emission target heavy industry allocating fund regional reforestation initiative according official spokesperson negotiator remain optimistic outcome
90,CONSPIRACY: Landmark study proves the moon landing was filmed in Hollywood. A secret whistleblower has leaked documents showing a massive cover-up by pharmaceutical giants who have possessed a full cure for cancer since 1995. Shares of major healthcare corporations are skyrocketing as politicians silent on public trials. Extra report details suggest that insiders are highly worried.,1,conspiracy landmark study prof moon landing filmed hollywood secret whistleblower leaked document showing massive coverup pharmaceutical giant possessed full cure cancer since share major healthcare corporation skyrocketing politician silent public trial extra report detail suggest insider highly worried
91,"SHOCKING SECRET: The government cure for cancer they hid from you! Multiple eyewitnesses reported a metallic circular craft descending from the clouds, hovering over the lawn for three minutes before accelerating into orbit. NASA refuses to answer press queries, leading to speculation. Extra report details suggest that a secret organization is involved.",1,shocking secret government cure cancer hid multiple eyewitness reported metallic circular craft descending cloud hovering lawn three minute accelerating orbit nasa refuse answer press query leading speculation extra report detail suggest secret organization involved
92,"Breaking: Major city's water supply poisoned, authorities hiding truth. An anonymous memo circulating within security agencies suggests a simulated crisis will be used to enforce emergency laws. Citizens are urged to store food and withdraw all physical cash immediately. Extra report details suggest that a secret organization is involved.",1,breaking major city water supply poisoned authority hiding truth anonymous memo circulating within security agency suggests simulated crisis used enforce emergency law citizen urged store food withdraw physical cash immediately extra report detail suggest secret organization involved
93,"Breaking: Major city's water supply poisoned, authorities hiding truth. A secret whistleblower has leaked documents showing a massive cover-up by pharmaceutical giants who have possessed a full cure for cancer since 1995. Shares of major healthcare corporations are skyrocketing as politicians silent on public trials. Extra report details suggest that this could change everything.",1,breaking major city water supply poisoned authority hiding truth secret whistleblower leaked document showing massive coverup pharmaceutical giant possessed full cure cancer since share major healthcare corporation skyrocketing politician silent public trial extra report detail suggest could change everything
94,"National space agency launches new weather satellite into geostationary orbit. Epidemiological data released in the weekly surveillance report shows a fifteen percent drop in hospital admissions related to respiratory viruses, which health officials attribute to higher vaccination uptake. According to the official spokesperson, the project is funded publicly.",0,national space agency launch new weather satellite geostationary orbit epidemiological data released weekly surveillance report show fifteen percent drop hospital admission related respiratory virus health official attribute higher vaccination uptake according official spokesperson project funded publicly
95,"Global trade markets stabilize following bilateral trade agreement. Stock indexes rose slightly in European and Asian markets after negotiators signed a bilateral agricultural tariff agreement, resolving a three-month import dispute between the trading partners. According to the official spokesperson, the policy will take effect next quarter.",0,global trade market stabilize following bilateral trade agreement stock index rose slightly european asian market negotiator signed bilateral agricultural tariff agreement resolving threemonth import dispute trading partner according official spokesperson policy take effect next quarter
96,"Breaking: Major city's water supply poisoned, authorities hiding truth. Multiple eyewitnesses reported a metallic circular craft descending from the clouds, hovering over the lawn for three minutes before accelerating into orbit. NASA refuses to answer press queries, leading to speculation. Extra report details suggest that insiders are highly worried.",1,breaking major city water supply poisoned authority hiding truth multiple eyewitness reported metallic circular craft descending cloud hovering lawn three minute accelerating orbit nasa refuse answer press query leading speculation extra report detail suggest insider highly worried
97,"National space agency launches new weather satellite into geostationary orbit. The chief executive officer announced in a memorandum to staff that the corporation will consolidate redundant administrative roles to invest heavily in cloud infrastructure research divisions. According to the official spokesperson, the project is funded publicly.",0,national space agency launch new weather satellite geostationary orbit chief executive officer announced memorandum staff corporation consolidate redundant administrative role invest heavily cloud infrastructure research division according official spokesperson project funded publicly
98,Shocking video shows politician taking massive bribes in public. A secret whistleblower has leaked documents showing a massive cover-up by pharmaceutical giants who have possessed a full cure for cancer since 1995. Shares of major healthcare corporations are skyrocketing as politicians silent on public trials. Extra report details suggest that insiders are highly worried.,1,shocking video show politician taking massive bribe public secret whistleblower leaked document showing massive coverup pharmaceutical giant possessed full cure cancer since share major healthcare corporation skyrocketing politician silent public trial extra report detail suggest insider highly worried
99,"Breaking: Major city's water supply poisoned, authorities hiding truth. Insiders caught this scandalous video on camera showing a prominent celebrity in a heated exchange that the media is trying to delete. Click here to watch before it gets taken down forever! Extra report details suggest that insiders are highly worried.",1,breaking major city water supply poisoned authority hiding truth insider caught scandalous video camera showing prominent celebrity heated exchange medium trying delete click watch get taken forever extra report detail suggest insider highly worried
100,BREAKING: Alien spaceship spotted landing behind the White House! A secret whistleblower has leaked documents showing a massive cover-up by pharmaceutical giants who have possessed a full cure for cancer since 1995. Shares of major healthcare corporations are skyrocketing as politicians silent on public trials. Extra report details suggest that insiders are highly worried.,1,breaking alien spaceship spotted landing behind white house secret whistleblower leaked document showing massive coverup pharmaceutical giant possessed full cure cancer since share major healthcare corporation skyrocketing politician silent public trial extra report detail suggest insider highly worried
101,CONSPIRACY: Landmark study proves the moon landing was filmed in Hollywood. Leaked records from an offshore bank details transactions linking world leaders to a singular control board that meets annually in Switzerland to dictate inflation rates and trade wars. Extra report details suggest that this could change everything.,1,conspiracy landmark study prof moon landing filmed hollywood leaked record offshore bank detail transaction linking world leader singular control board meet annually switzerland dictate inflation rate trade war extra report detail suggest could change everything
102,"National space agency launches new weather satellite into geostationary orbit. A heavy-lift rocket successfully placed the advanced meteorological spacecraft into orbit on Sunday, providing forecasters with real-time infrared scans of severe storm formations over the coast. According to the official spokesperson, the project is funded publicly.",0,national space agency launch new weather satellite geostationary orbit heavylift rocket successfully placed advanced meteorological spacecraft orbit sunday providing forecaster realtime infrared scan severe storm formation coast according official spokesperson project funded publicly
103,"BREAKING: Alien spaceship spotted landing behind the White House! Multiple eyewitnesses reported a metallic circular craft descending from the clouds, hovering over the lawn for three minutes before accelerating into orbit. NASA refuses to answer press queries, leading to speculation. Extra report details suggest that this could change everything.",1,breaking alien spaceship spotted landing behind white house multiple eyewitness reported metallic circular craft descending cloud hovering lawn three minute accelerating orbit nasa refuse answer press query leading speculation extra report detail suggest could change everything
104,"Local health department reports decline in seasonal influenza cases. A heavy-lift rocket successfully placed the advanced meteorological spacecraft into orbit on Sunday, providing forecasters with real-time infrared scans of severe storm formations over the coast. According to the official spokesperson, the policy will take effect next quarter.",0,local health department report decline seasonal influenza case heavylift rocket successfully placed advanced meteorological spacecraft orbit sunday providing forecaster realtime infrared scan severe storm formation coast according official spokesperson policy take effect next quarter
105,"National space agency launches new weather satellite into geostationary orbit. An oceanographic research vessel initiated a two-month mapping mission in the Pacific, utilizing multi-beam sonar arrays to document topographical features of deep oceanic valleys. According to the official spokesperson, further evaluations are scheduled.",0,national space agency launch new weather satellite geostationary orbit oceanographic research vessel initiated twomonth mapping mission pacific utilizing multibeam sonar array document topographical feature deep oceanic valley according official spokesperson evaluation scheduled
106,"Federal Reserve announces interest rate hike to combat inflation. The chief executive officer announced in a memorandum to staff that the corporation will consolidate redundant administrative roles to invest heavily in cloud infrastructure research divisions. According to the official spokesperson, the policy will take effect next quarter.",0,federal reserve announces interest rate hike combat inflation chief executive officer announced memorandum staff corporation consolidate redundant administrative role invest heavily cloud infrastructure research division according official spokesperson policy take effect next quarter
107,"Tech conglomerate announces restructuring plan, affecting 5% of workforce. A heavy-lift rocket successfully placed the advanced meteorological spacecraft into orbit on Sunday, providing forecasters with real-time infrared scans of severe storm formations over the coast. According to the official spokesperson, further evaluations are scheduled.",0,tech conglomerate announces restructuring plan affecting workforce heavylift rocket successfully placed advanced meteorological spacecraft orbit sunday providing forecaster realtime infrared scan severe storm formation coast according official spokesperson evaluation scheduled
108,"State university receives major research grant for renewable energy projects. The Federal Reserve Board of Governors voted on Wednesday to raise the benchmark interest rate by a quarter point, citing persistent inflation pressures in core services and labor market tightness. According to the official spokesperson, the policy will take effect next quarter.",0,state university receives major research grant renewable energy project federal reserve board governor voted wednesday raise benchmark interest rate quarter point citing persistent inflation pressure core service labor market tightness according official spokesperson policy take effect next quarter
109,"Federal Reserve announces interest rate hike to combat inflation. The Federal Reserve Board of Governors voted on Wednesday to raise the benchmark interest rate by a quarter point, citing persistent inflation pressures in core services and labor market tightness. According to the official spokesperson, further evaluations are scheduled.",0,federal reserve announces interest rate hike combat inflation federal reserve board governor voted wednesday raise benchmark interest rate quarter point citing persistent inflation pressure core service labor market tightness according official spokesperson evaluation scheduled
110,"BREAKING: Alien spaceship spotted landing behind the White House! Multiple eyewitnesses reported a metallic circular craft descending from the clouds, hovering over the lawn for three minutes before accelerating into orbit. NASA refuses to answer press queries, leading to speculation. Extra report details suggest that this could change everything.",1,breaking alien spaceship spotted landing behind white house multiple eyewitness reported metallic circular craft descending cloud hovering lawn three minute accelerating orbit nasa refuse answer press query leading speculation extra report detail suggest could change everything
111,"Local health department reports decline in seasonal influenza cases. An oceanographic research vessel initiated a two-month mapping mission in the Pacific, utilizing multi-beam sonar arrays to document topographical features of deep oceanic valleys. According to the official spokesperson, negotiators remain optimistic about outcomes.",0,local health department report decline seasonal influenza case oceanographic research vessel initiated twomonth mapping mission pacific utilizing multibeam sonar array document topographical feature deep oceanic valley according official spokesperson negotiator remain optimistic outcome
112,"Breaking: Major city's water supply poisoned, authorities hiding truth. Multiple eyewitnesses reported a metallic circular craft descending from the clouds, hovering over the lawn for three minutes before accelerating into orbit. NASA refuses to answer press queries, leading to speculation. Extra report details suggest that a secret organization is involved.",1,breaking major city water supply poisoned authority hiding truth multiple eyewitness reported metallic circular craft descending cloud hovering lawn three minute accelerating orbit nasa refuse answer press query leading speculation extra report detail suggest secret organization involved
113,"National space agency launches new weather satellite into geostationary orbit. Researchers at the National Institute of Health published findings in the Journal of Medicine indicating adults who engage in moderate cardiovascular activity three times a week show higher neuron densities. According to the official spokesperson, the project is funded publicly.",0,national space agency launch new weather satellite geostationary orbit researcher national institute health published finding journal medicine indicating adult engage moderate cardiovascular activity three time week show higher neuron density according official spokesperson project funded publicly
114,"Local health department reports decline in seasonal influenza cases. Epidemiological data released in the weekly surveillance report shows a fifteen percent drop in hospital admissions related to respiratory viruses, which health officials attribute to higher vaccination uptake. According to the official spokesperson, further evaluations are scheduled.",0,local health department report decline seasonal influenza case epidemiological data released weekly surveillance report show fifteen percent drop hospital admission related respiratory virus health official attribute higher vaccination uptake according official spokesperson evaluation scheduled
115,"State university receives major research grant for renewable energy projects. An oceanographic research vessel initiated a two-month mapping mission in the Pacific, utilizing multi-beam sonar arrays to document topographical features of deep oceanic valleys. According to the official spokesperson, the project is funded publicly.",0,state university receives major research grant renewable energy project oceanographic research vessel initiated twomonth mapping mission pacific utilizing multibeam sonar array document topographical feature deep oceanic valley according official spokesperson project funded publicly
116,SHOCKING SECRET: The government cure for cancer they hid from you! An anonymous memo circulating within security agencies suggests a simulated crisis will be used to enforce emergency laws. Citizens are urged to store food and withdraw all physical cash immediately. Extra report details suggest that a secret organization is involved.,1,shocking secret government cure cancer hid anonymous memo circulating within security agency suggests simulated crisis used enforce emergency law citizen urged store food withdraw physical cash immediately extra report detail suggest secret organization involved
117,CONSPIRACY: Landmark study proves the moon landing was filmed in Hollywood. A secret whistleblower has leaked documents showing a massive cover-up by pharmaceutical giants who have possessed a full cure for cancer since 1995. Shares of major healthcare corporations are skyrocketing as politicians silent on public trials. Extra report details suggest that insiders are highly worried.,1,conspiracy landmark study prof moon landing filmed hollywood secret whistleblower leaked document showing massive coverup pharmaceutical giant possessed full cure cancer since share major healthcare corporation skyrocketing politician silent public trial extra report detail suggest insider highly worried
118,"Global trade markets stabilize following bilateral trade agreement. The metropolitan transit authority confirmed a long-term capital budget approval to construct three new light-rail stations, aiming to connect suburban sectors to the commercial district by next autumn. According to the official spokesperson, further evaluations are scheduled.",0,global trade market stabilize following bilateral trade agreement metropolitan transit authority confirmed longterm capital budget approval construct three new lightrail station aiming connect suburban sector commercial district next autumn according official spokesperson evaluation scheduled
119,Doctors stunned by this simple $5 trick to reverse aging overnight! A secret whistleblower has leaked documents showing a massive cover-up by pharmaceutical giants who have possessed a full cure for cancer since 1995. Shares of major healthcare corporations are skyrocketing as politicians silent on public trials. Extra report details suggest that a secret organization is involved.,1,doctor stunned simple trick reverse aging overnight secret whistleblower leaked document showing massive coverup pharmaceutical giant possessed full cure cancer since share major healthcare corporation skyrocketing politician silent public trial extra report detail suggest secret organization involved
120,"Breaking: Major city's water supply poisoned, authorities hiding truth. A secret whistleblower has leaked documents showing a massive cover-up by pharmaceutical giants who have possessed a full cure for cancer since 1995. Shares of major healthcare corporations are skyrocketing as politicians silent on public trials. Extra report details suggest that a secret organization is involved.",1,breaking major city water supply poisoned authority hiding truth secret whistleblower leaked document showing massive coverup pharmaceutical giant possessed full cure cancer since share major healthcare corporation skyrocketing politician silent public trial extra report detail suggest secret organization involved
121,"City council approves $50 million investment for public transit extension. Epidemiological data released in the weekly surveillance report shows a fifteen percent drop in hospital admissions related to respiratory viruses, which health officials attribute to higher vaccination uptake. According to the official spokesperson, negotiators remain optimistic about outcomes.",0,city council approves million investment public transit extension epidemiological data released weekly surveillance report show fifteen percent drop hospital admission related respiratory virus health official attribute higher vaccination uptake according official spokesperson negotiator remain optimistic outcome
122,"New clinical study links regular exercise to improved cognitive health. The chief executive officer announced in a memorandum to staff that the corporation will consolidate redundant administrative roles to invest heavily in cloud infrastructure research divisions. According to the official spokesperson, negotiators remain optimistic about outcomes.",0,new clinical study link regular exercise improved cognitive health chief executive officer announced memorandum staff corporation consolidate redundant administrative role invest heavily cloud infrastructure research division according official spokesperson negotiator remain optimistic outcome
123,"Global trade markets stabilize following bilateral trade agreement. Researchers at the National Institute of Health published findings in the Journal of Medicine indicating adults who engage in moderate cardiovascular activity three times a week show higher neuron densities. According to the official spokesperson, the policy will take effect next quarter.",0,global trade market stabilize following bilateral trade agreement researcher national institute health published finding journal medicine indicating adult engage moderate cardiovascular activity three time week show higher neuron density according official spokesperson policy take effect next quarter
124,"URGENT: Global elite planning immediate lockdown next Tuesday! Multiple eyewitnesses reported a metallic circular craft descending from the clouds, hovering over the lawn for three minutes before accelerating into orbit. NASA refuses to answer press queries, leading to speculation. Extra report details suggest that the media is actively censoring this.",1,urgent global elite planning immediate lockdown next tuesday multiple eyewitness reported metallic circular craft descending cloud hovering lawn three minute accelerating orbit nasa refuse answer press query leading speculation extra report detail suggest medium actively censoring
125,"Global trade markets stabilize following bilateral trade agreement. Following three days of debate, lawmakers finalized a comprehensive regulation bill setting stricter carbon emission targets for heavy industry and allocating funds for regional reforestation initiatives. According to the official spokesperson, negotiators remain optimistic about outcomes.",0,global trade market stabilize following bilateral trade agreement following three day debate lawmaker finalized comprehensive regulation bill setting stricter carbon emission target heavy industry allocating fund regional reforestation initiative according official spokesperson negotiator remain optimistic outcome
126,CONSPIRACY: Landmark study proves the moon landing was filmed in Hollywood. An anonymous memo circulating within security agencies suggests a simulated crisis will be used to enforce emergency laws. Citizens are urged to store food and withdraw all physical cash immediately. Extra report details suggest that insiders are highly worried.,1,conspiracy landmark study prof moon landing filmed hollywood anonymous memo circulating within security agency suggests simulated crisis used enforce emergency law citizen urged store food withdraw physical cash immediately extra report detail suggest insider highly worried
127,Doctors stunned by this simple $5 trick to reverse aging overnight! CCTV footage obtained by our network captures a high-ranking official stuffed envelope with cash from a shell corporation representative in exchange for state construction approvals. Extra report details suggest that a secret organization is involved.,1,doctor stunned simple trick reverse aging overnight cctv footage obtained network capture highranking official stuffed envelope cash shell corporation representative exchange state construction approval extra report detail suggest secret organization involved
128,"Local health department reports decline in seasonal influenza cases. The Department of Energy approved a federal grant for engineering departments to prototype high-efficiency photovoltaic cells capable of generating power during low-solar winter conditions. According to the official spokesperson, further evaluations are scheduled.",0,local health department report decline seasonal influenza case department energy approved federal grant engineering department prototype highefficiency photovoltaic cell capable generating power lowsolar winter condition according official spokesperson evaluation scheduled
129,"Local health department reports decline in seasonal influenza cases. An oceanographic research vessel initiated a two-month mapping mission in the Pacific, utilizing multi-beam sonar arrays to document topographical features of deep oceanic valleys. According to the official spokesperson, the policy will take effect next quarter.",0,local health department report decline seasonal influenza case oceanographic research vessel initiated twomonth mapping mission pacific utilizing multibeam sonar array document topographical feature deep oceanic valley according official spokesperson policy take effect next quarter
130,"Miracle weight loss pill doctors don't want you to know about! Local water distribution facilities detected high levels of dangerous chemicals, yet central administrations ordered operations to proceed normally to prevent mass panic before election seasons. Extra report details suggest that this could change everything.",1,miracle weight loss pill doctor dont want know local water distribution facility detected high level dangerous chemical yet central administration ordered operation proceed normally prevent mass panic election season extra report detail suggest could change everything
131,"Scientists deploy deep-sea submersibles to map unexplored trenches. Following three days of debate, lawmakers finalized a comprehensive regulation bill setting stricter carbon emission targets for heavy industry and allocating funds for regional reforestation initiatives. According to the official spokesperson, the project is funded publicly.",0,scientist deploy deepsea submersible map unexplored trench following three day debate lawmaker finalized comprehensive regulation bill setting stricter carbon emission target heavy industry allocating fund regional reforestation initiative according official spokesperson project funded publicly
132,You won't believe what this Hollywood actor did last night! This revolutionary organic capsule burns fat in your sleep without dieting. Clinical trials show individuals losing forty pounds in a week. Big Pharma is attempting to ban sales to protect insulin profit margins. Extra report details suggest that the media is actively censoring this.,1,wont believe hollywood actor last night revolutionary organic capsule burn fat sleep without dieting clinical trial show individual losing forty pound week big pharma attempting ban sale protect insulin profit margin extra report detail suggest medium actively censoring
133,"Breaking: Major city's water supply poisoned, authorities hiding truth. This revolutionary organic capsule burns fat in your sleep without dieting. Clinical trials show individuals losing forty pounds in a week. Big Pharma is attempting to ban sales to protect insulin profit margins. Extra report details suggest that insiders are highly worried.",1,breaking major city water supply poisoned authority hiding truth revolutionary organic capsule burn fat sleep without dieting clinical trial show individual losing forty pound week big pharma attempting ban sale protect insulin profit margin extra report detail suggest insider highly worried
134,"Global trade markets stabilize following bilateral trade agreement. Researchers at the National Institute of Health published findings in the Journal of Medicine indicating adults who engage in moderate cardiovascular activity three times a week show higher neuron densities. According to the official spokesperson, the policy will take effect next quarter.",0,global trade market stabilize following bilateral trade agreement researcher national institute health published finding journal medicine indicating adult engage moderate cardiovascular activity three time week show higher neuron density according official spokesperson policy take effect next quarter
135,"City council approves $50 million investment for public transit extension. An oceanographic research vessel initiated a two-month mapping mission in the Pacific, utilizing multi-beam sonar arrays to document topographical features of deep oceanic valleys. According to the official spokesperson, negotiators remain optimistic about outcomes.",0,city council approves million investment public transit extension oceanographic research vessel initiated twomonth mapping mission pacific utilizing multibeam sonar array document topographical feature deep oceanic valley according official spokesperson negotiator remain optimistic outcome
136,"State university receives major research grant for renewable energy projects. The metropolitan transit authority confirmed a long-term capital budget approval to construct three new light-rail stations, aiming to connect suburban sectors to the commercial district by next autumn. According to the official spokesperson, further evaluations are scheduled.",0,state university receives major research grant renewable energy project metropolitan transit authority confirmed longterm capital budget approval construct three new lightrail station aiming connect suburban sector commercial district next autumn according official spokesperson evaluation scheduled
137,You won't believe what this Hollywood actor did last night! Classified files released by a hacker group contain stage design prints and audio recordings proving the entire space race was simulated inside a high-security warehouse in Nevada to bankrupt foreign rivals. Extra report details suggest that this could change everything.,1,wont believe hollywood actor last night classified file released hacker group contain stage design print audio recording proving entire space race simulated inside highsecurity warehouse nevada bankrupt foreign rival extra report detail suggest could change everything
138,Miracle weight loss pill doctors don't want you to know about! A secret whistleblower has leaked documents showing a massive cover-up by pharmaceutical giants who have possessed a full cure for cancer since 1995. Shares of major healthcare corporations are skyrocketing as politicians silent on public trials. Extra report details suggest that insiders are highly worried.,1,miracle weight loss pill doctor dont want know secret whistleblower leaked document showing massive coverup pharmaceutical giant possessed full cure cancer since share major healthcare corporation skyrocketing politician silent public trial extra report detail suggest insider highly worried
139,"City council approves $50 million investment for public transit extension. Epidemiological data released in the weekly surveillance report shows a fifteen percent drop in hospital admissions related to respiratory viruses, which health officials attribute to higher vaccination uptake. According to the official spokesperson, further evaluations are scheduled.",0,city council approves million investment public transit extension epidemiological data released weekly surveillance report show fifteen percent drop hospital admission related respiratory virus health official attribute higher vaccination uptake according official spokesperson evaluation scheduled
140,"Local health department reports decline in seasonal influenza cases. Researchers at the National Institute of Health published findings in the Journal of Medicine indicating adults who engage in moderate cardiovascular activity three times a week show higher neuron densities. According to the official spokesperson, the project is funded publicly.",0,local health department report decline seasonal influenza case researcher national institute health published finding journal medicine indicating adult engage moderate cardiovascular activity three time week show higher neuron density according official spokesperson project funded publicly
141,"National space agency launches new weather satellite into geostationary orbit. Following three days of debate, lawmakers finalized a comprehensive regulation bill setting stricter carbon emission targets for heavy industry and allocating funds for regional reforestation initiatives. According to the official spokesperson, further evaluations are scheduled.",0,national space agency launch new weather satellite geostationary orbit following three day debate lawmaker finalized comprehensive regulation bill setting stricter carbon emission target heavy industry allocating fund regional reforestation initiative according official spokesperson evaluation scheduled
142,"Breaking: Major city's water supply poisoned, authorities hiding truth. An anonymous memo circulating within security agencies suggests a simulated crisis will be used to enforce emergency laws. Citizens are urged to store food and withdraw all physical cash immediately. Extra report details suggest that insiders are highly worried.",1,breaking major city water supply poisoned authority hiding truth anonymous memo circulating within security agency suggests simulated crisis used enforce emergency law citizen urged store food withdraw physical cash immediately extra report detail suggest insider highly worried
143,"New clinical study links regular exercise to improved cognitive health. The chief executive officer announced in a memorandum to staff that the corporation will consolidate redundant administrative roles to invest heavily in cloud infrastructure research divisions. According to the official spokesperson, negotiators remain optimistic about outcomes.",0,new clinical study link regular exercise improved cognitive health chief executive officer announced memorandum staff corporation consolidate redundant administrative role invest heavily cloud infrastructure research division according official spokesperson negotiator remain optimistic outcome
144,"Scientists deploy deep-sea submersibles to map unexplored trenches. The metropolitan transit authority confirmed a long-term capital budget approval to construct three new light-rail stations, aiming to connect suburban sectors to the commercial district by next autumn. According to the official spokesperson, the policy will take effect next quarter.",0,scientist deploy deepsea submersible map unexplored trench metropolitan transit authority confirmed longterm capital budget approval construct three new lightrail station aiming connect suburban sector commercial district next autumn according official spokesperson policy take effect next quarter
145,"Doctors stunned by this simple $5 trick to reverse aging overnight! Multiple eyewitnesses reported a metallic circular craft descending from the clouds, hovering over the lawn for three minutes before accelerating into orbit. NASA refuses to answer press queries, leading to speculation. Extra report details suggest that this could change everything.",1,doctor stunned simple trick reverse aging overnight multiple eyewitness reported metallic circular craft descending cloud hovering lawn three minute accelerating orbit nasa refuse answer press query leading speculation extra report detail suggest could change everything
146,"National space agency launches new weather satellite into geostationary orbit. Epidemiological data released in the weekly surveillance report shows a fifteen percent drop in hospital admissions related to respiratory viruses, which health officials attribute to higher vaccination uptake. According to the official spokesperson, the project is funded publicly.",0,national space agency launch new weather satellite geostationary orbit epidemiological data released weekly surveillance report show fifteen percent drop hospital admission related respiratory virus health official attribute higher vaccination uptake according official spokesperson project funded publicly
147,"Global trade markets stabilize following bilateral trade agreement. The metropolitan transit authority confirmed a long-term capital budget approval to construct three new light-rail stations, aiming to connect suburban sectors to the commercial district by next autumn. According to the official spokesperson, the project is funded publicly.",0,global trade market stabilize following bilateral trade agreement metropolitan transit authority confirmed longterm capital budget approval construct three new lightrail station aiming connect suburban sector commercial district next autumn according official spokesperson project funded publicly
148,URGENT: Global elite planning immediate lockdown next Tuesday! A localized plant extract when consumed with warm water acts as a cognitive booster and reverses cellular decay. Major food companies are buying farmland to monopolize the product. Extra report details suggest that this could change everything.,1,urgent global elite planning immediate lockdown next tuesday localized plant extract consumed warm water act cognitive booster revers cellular decay major food company buying farmland monopolize product extra report detail suggest could change everything
149,SHOCKING SECRET: The government cure for cancer they hid from you! A secret whistleblower has leaked documents showing a massive cover-up by pharmaceutical giants who have possessed a full cure for cancer since 1995. Shares of major healthcare corporations are skyrocketing as politicians silent on public trials. Extra report details suggest that insiders are highly worried.,1,shocking secret government cure cancer hid secret whistleblower leaked document showing massive coverup pharmaceutical giant possessed full cure cancer since share major healthcare corporation skyrocketing politician silent public trial extra report detail suggest insider highly worried
150,"Federal Reserve announces interest rate hike to combat inflation. Epidemiological data released in the weekly surveillance report shows a fifteen percent drop in hospital admissions related to respiratory viruses, which health officials attribute to higher vaccination uptake. According to the official spokesperson, negotiators remain optimistic about outcomes.",0,federal reserve announces interest rate hike combat inflation epidemiological data released weekly surveillance report show fifteen percent drop hospital admission related respiratory virus health official attribute higher vaccination uptake according official spokesperson negotiator remain optimistic outcome
151,Shocking video shows politician taking massive bribes in public. An anonymous memo circulating within security agencies suggests a simulated crisis will be used to enforce emergency laws. Citizens are urged to store food and withdraw all physical cash immediately. Extra report details suggest that a secret organization is involved.,1,shocking video show politician taking massive bribe public anonymous memo circulating within security agency suggests simulated crisis used enforce emergency law citizen urged store food withdraw physical cash immediately extra report detail suggest secret organization involved
152,"City council approves $50 million investment for public transit extension. Stock indexes rose slightly in European and Asian markets after negotiators signed a bilateral agricultural tariff agreement, resolving a three-month import dispute between the trading partners. According to the official spokesperson, the project is funded publicly.",0,city council approves million investment public transit extension stock index rose slightly european asian market negotiator signed bilateral agricultural tariff agreement resolving threemonth import dispute trading partner according official spokesperson project funded publicly
153,"You won't believe what this Hollywood actor did last night! Local water distribution facilities detected high levels of dangerous chemicals, yet central administrations ordered operations to proceed normally to prevent mass panic before election seasons. Extra report details suggest that insiders are highly worried.",1,wont believe hollywood actor last night local water distribution facility detected high level dangerous chemical yet central administration ordered operation proceed normally prevent mass panic election season extra report detail suggest insider highly worried
154,"Scientists deploy deep-sea submersibles to map unexplored trenches. The Federal Reserve Board of Governors voted on Wednesday to raise the benchmark interest rate by a quarter point, citing persistent inflation pressures in core services and labor market tightness. According to the official spokesperson, further evaluations are scheduled.",0,scientist deploy deepsea submersible map unexplored trench federal reserve board governor voted wednesday raise benchmark interest rate quarter point citing persistent inflation pressure core service labor market tightness according official spokesperson evaluation scheduled
155,CONSPIRACY: Landmark study proves the moon landing was filmed in Hollywood. This revolutionary organic capsule burns fat in your sleep without dieting. Clinical trials show individuals losing forty pounds in a week. Big Pharma is attempting to ban sales to protect insulin profit margins. Extra report details suggest that the media is actively censoring this.,1,conspiracy landmark study prof moon landing filmed hollywood revolutionary organic capsule burn fat sleep without dieting clinical trial show individual losing forty pound week big pharma attempting ban sale protect insulin profit margin extra report detail suggest medium actively censoring
156,URGENT: Global elite planning immediate lockdown next Tuesday! This revolutionary organic capsule burns fat in your sleep without dieting. Clinical trials show individuals losing forty pounds in a week. Big Pharma is attempting to ban sales to protect insulin profit margins. Extra report details suggest that the media is actively censoring this.,1,urgent global elite planning immediate lockdown next tuesday revolutionary organic capsule burn fat sleep without dieting clinical trial show individual losing forty pound week big pharma attempting ban sale protect insulin profit margin extra report detail suggest medium actively censoring
157,Shocking video shows politician taking massive bribes in public. Insiders caught this scandalous video on camera showing a prominent celebrity in a heated exchange that the media is trying to delete. Click here to watch before it gets taken down forever! Extra report details suggest that this could change everything.,1,shocking video show politician taking massive bribe public insider caught scandalous video camera showing prominent celebrity heated exchange medium trying delete click watch get taken forever extra report detail suggest could change everything
158,"National space agency launches new weather satellite into geostationary orbit. Stock indexes rose slightly in European and Asian markets after negotiators signed a bilateral agricultural tariff agreement, resolving a three-month import dispute between the trading partners. According to the official spokesperson, the project is funded publicly.",0,national space agency launch new weather satellite geostationary orbit stock index rose slightly european asian market negotiator signed bilateral agricultural tariff agreement resolving threemonth import dispute trading partner according official spokesperson project funded publicly
159,Miracle weight loss pill doctors don't want you to know about! A localized plant extract when consumed with warm water acts as a cognitive booster and reverses cellular decay. Major food companies are buying farmland to monopolize the product. Extra report details suggest that this could change everything.,1,miracle weight loss pill doctor dont want know localized plant extract consumed warm water act cognitive booster revers cellular decay major food company buying farmland monopolize product extra report detail suggest could change everything
160,"City council approves $50 million investment for public transit extension. Epidemiological data released in the weekly surveillance report shows a fifteen percent drop in hospital admissions related to respiratory viruses, which health officials attribute to higher vaccination uptake. According to the official spokesperson, the policy will take effect next quarter.",0,city council approves million investment public transit extension epidemiological data released weekly surveillance report show fifteen percent drop hospital admission related respiratory virus health official attribute higher vaccination uptake according official spokesperson policy take effect next quarter
161,"Parliament passes landmark environmental protection bill. Researchers at the National Institute of Health published findings in the Journal of Medicine indicating adults who engage in moderate cardiovascular activity three times a week show higher neuron densities. According to the official spokesperson, negotiators remain optimistic about outcomes.",0,parliament pass landmark environmental protection bill researcher national institute health published finding journal medicine indicating adult engage moderate cardiovascular activity three time week show higher neuron density according official spokesperson negotiator remain optimistic outcome
162,"New clinical study links regular exercise to improved cognitive health. The Federal Reserve Board of Governors voted on Wednesday to raise the benchmark interest rate by a quarter point, citing persistent inflation pressures in core services and labor market tightness. According to the official spokesperson, the project is funded publicly.",0,new clinical study link regular exercise improved cognitive health federal reserve board governor voted wednesday raise benchmark interest rate quarter point citing persistent inflation pressure core service labor market tightness according official spokesperson project funded publicly
163,BREAKING: Alien spaceship spotted landing behind the White House! Insiders caught this scandalous video on camera showing a prominent celebrity in a heated exchange that the media is trying to delete. Click here to watch before it gets taken down forever! Extra report details suggest that this could change everything.,1,breaking alien spaceship spotted landing behind white house insider caught scandalous video camera showing prominent celebrity heated exchange medium trying delete click watch get taken forever extra report detail suggest could change everything
164,"Breaking: Major city's water supply poisoned, authorities hiding truth. A localized plant extract when consumed with warm water acts as a cognitive booster and reverses cellular decay. Major food companies are buying farmland to monopolize the product. Extra report details suggest that insiders are highly worried.",1,breaking major city water supply poisoned authority hiding truth localized plant extract consumed warm water act cognitive booster revers cellular decay major food company buying farmland monopolize product extra report detail suggest insider highly worried
165,"Local health department reports decline in seasonal influenza cases. Stock indexes rose slightly in European and Asian markets after negotiators signed a bilateral agricultural tariff agreement, resolving a three-month import dispute between the trading partners. According to the official spokesperson, further evaluations are scheduled.",0,local health department report decline seasonal influenza case stock index rose slightly european asian market negotiator signed bilateral agricultural tariff agreement resolving threemonth import dispute trading partner according official spokesperson evaluation scheduled
166,SHOCKING SECRET: The government cure for cancer they hid from you! CCTV footage obtained by our network captures a high-ranking official stuffed envelope with cash from a shell corporation representative in exchange for state construction approvals. Extra report details suggest that this could change everything.,1,shocking secret government cure cancer hid cctv footage obtained network capture highranking official stuffed envelope cash shell corporation representative exchange state construction approval extra report detail suggest could change everything
167,"State university receives major research grant for renewable energy projects. Following three days of debate, lawmakers finalized a comprehensive regulation bill setting stricter carbon emission targets for heavy industry and allocating funds for regional reforestation initiatives. According to the official spokesperson, the policy will take effect next quarter.",0,state university receives major research grant renewable energy project following three day debate lawmaker finalized comprehensive regulation bill setting stricter carbon emission target heavy industry allocating fund regional reforestation initiative according official spokesperson policy take effect next quarter
168,"Parliament passes landmark environmental protection bill. A heavy-lift rocket successfully placed the advanced meteorological spacecraft into orbit on Sunday, providing forecasters with real-time infrared scans of severe storm formations over the coast. According to the official spokesperson, the policy will take effect next quarter.",0,parliament pass landmark environmental protection bill heavylift rocket successfully placed advanced meteorological spacecraft orbit sunday providing forecaster realtime infrared scan severe storm formation coast according official spokesperson policy take effect next quarter
169,Doctors stunned by this simple $5 trick to reverse aging overnight! A secret whistleblower has leaked documents showing a massive cover-up by pharmaceutical giants who have possessed a full cure for cancer since 1995. Shares of major healthcare corporations are skyrocketing as politicians silent on public trials. Extra report details suggest that a secret organization is involved.,1,doctor stunned simple trick reverse aging overnight secret whistleblower leaked document showing massive coverup pharmaceutical giant possessed full cure cancer since share major healthcare corporation skyrocketing politician silent public trial extra report detail suggest secret organization involved
170,"Tech conglomerate announces restructuring plan, affecting 5% of workforce. A heavy-lift rocket successfully placed the advanced meteorological spacecraft into orbit on Sunday, providing forecasters with real-time infrared scans of severe storm formations over the coast. According to the official spokesperson, the project is funded publicly.",0,tech conglomerate announces restructuring plan affecting workforce heavylift rocket successfully placed advanced meteorological spacecraft orbit sunday providing forecaster realtime infrared scan severe storm formation coast according official spokesperson project funded publicly
171,"State university receives major research grant for renewable energy projects. The chief executive officer announced in a memorandum to staff that the corporation will consolidate redundant administrative roles to invest heavily in cloud infrastructure research divisions. According to the official spokesperson, further evaluations are scheduled.",0,state university receives major research grant renewable energy project chief executive officer announced memorandum staff corporation consolidate redundant administrative role invest heavily cloud infrastructure research division according official spokesperson evaluation scheduled
172,Doctors stunned by this simple $5 trick to reverse aging overnight! Leaked records from an offshore bank details transactions linking world leaders to a singular control board that meets annually in Switzerland to dictate inflation rates and trade wars. Extra report details suggest that the media is actively censoring this.,1,doctor stunned simple trick reverse aging overnight leaked record offshore bank detail transaction linking world leader singular control board meet annually switzerland dictate inflation rate trade war extra report detail suggest medium actively censoring
173,"Breaking: Major city's water supply poisoned, authorities hiding truth. CCTV footage obtained by our network captures a high-ranking official stuffed envelope with cash from a shell corporation representative in exchange for state construction approvals. Extra report details suggest that the media is actively censoring this.",1,breaking major city water supply poisoned authority hiding truth cctv footage obtained network capture highranking official stuffed envelope cash shell corporation representative exchange state construction approval extra report detail suggest medium actively censoring
174,Doctors stunned by this simple $5 trick to reverse aging overnight! This revolutionary organic capsule burns fat in your sleep without dieting. Clinical trials show individuals losing forty pounds in a week. Big Pharma is attempting to ban sales to protect insulin profit margins. Extra report details suggest that the media is actively censoring this.,1,doctor stunned simple trick reverse aging overnight revolutionary organic capsule burn fat sleep without dieting clinical trial show individual losing forty pound week big pharma attempting ban sale protect insulin profit margin extra report detail suggest medium actively censoring
175,You won't believe what this Hollywood actor did last night! This revolutionary organic capsule burns fat in your sleep without dieting. Clinical trials show individuals losing forty pounds in a week. Big Pharma is attempting to ban sales to protect insulin profit margins. Extra report details suggest that insiders are highly worried.,1,wont believe hollywood actor last night revolutionary organic capsule burn fat sleep without dieting clinical trial show individual losing forty pound week big pharma attempting ban sale protect insulin profit margin extra report detail suggest insider highly worried
176,"Breaking: Major city's water supply poisoned, authorities hiding truth. CCTV footage obtained by our network captures a high-ranking official stuffed envelope with cash from a shell corporation representative in exchange for state construction approvals. Extra report details suggest that a secret organization is involved.",1,breaking major city water supply poisoned authority hiding truth cctv footage obtained network capture highranking official stuffed envelope cash shell corporation representative exchange state construction approval extra report detail suggest secret organization involved
177,"Global trade markets stabilize following bilateral trade agreement. Following three days of debate, lawmakers finalized a comprehensive regulation bill setting stricter carbon emission targets for heavy industry and allocating funds for regional reforestation initiatives. According to the official spokesperson, the policy will take effect next quarter.",0,global trade market stabilize following bilateral trade agreement following three day debate lawmaker finalized comprehensive regulation bill setting stricter carbon emission target heavy industry allocating fund regional reforestation initiative according official spokesperson policy take effect next quarter
178,"Breaking: Major city's water supply poisoned, authorities hiding truth. A localized plant extract when consumed with warm water acts as a cognitive booster and reverses cellular decay. Major food companies are buying farmland to monopolize the product. Extra report details suggest that this could change everything.",1,breaking major city water supply poisoned authority hiding truth localized plant extract consumed warm water act cognitive booster revers cellular decay major food company buying farmland monopolize product extra report detail suggest could change everything
179,"Scientists deploy deep-sea submersibles to map unexplored trenches. The Federal Reserve Board of Governors voted on Wednesday to raise the benchmark interest rate by a quarter point, citing persistent inflation pressures in core services and labor market tightness. According to the official spokesperson, the policy will take effect next quarter.",0,scientist deploy deepsea submersible map unexplored trench federal reserve board governor voted wednesday raise benchmark interest rate quarter point citing persistent inflation pressure core service labor market tightness according official spokesperson policy take effect next quarter
180,"Scientists deploy deep-sea submersibles to map unexplored trenches. Stock indexes rose slightly in European and Asian markets after negotiators signed a bilateral agricultural tariff agreement, resolving a three-month import dispute between the trading partners. According to the official spokesperson, the project is funded publicly.",0,scientist deploy deepsea submersible map unexplored trench stock index rose slightly european asian market negotiator signed bilateral agricultural tariff agreement resolving threemonth import dispute trading partner according official spokesperson project funded publicly
181,"Global trade markets stabilize following bilateral trade agreement. An oceanographic research vessel initiated a two-month mapping mission in the Pacific, utilizing multi-beam sonar arrays to document topographical features of deep oceanic valleys. According to the official spokesperson, the project is funded publicly.",0,global trade market stabilize following bilateral trade agreement oceanographic research vessel initiated twomonth mapping mission pacific utilizing multibeam sonar array document topographical feature deep oceanic valley according official spokesperson project funded publicly
182,"Shocking video shows politician taking massive bribes in public. Local water distribution facilities detected high levels of dangerous chemicals, yet central administrations ordered operations to proceed normally to prevent mass panic before election seasons. Extra report details suggest that a secret organization is involved.",1,shocking video show politician taking massive bribe public local water distribution facility detected high level dangerous chemical yet central administration ordered operation proceed normally prevent mass panic election season extra report detail suggest secret organization involved
183,"New clinical study links regular exercise to improved cognitive health. The Federal Reserve Board of Governors voted on Wednesday to raise the benchmark interest rate by a quarter point, citing persistent inflation pressures in core services and labor market tightness. According to the official spokesperson, the project is funded publicly.",0,new clinical study link regular exercise improved cognitive health federal reserve board governor voted wednesday raise benchmark interest rate quarter point citing persistent inflation pressure core service labor market tightness according official spokesperson project funded publicly
184,"Breaking: Major city's water supply poisoned, authorities hiding truth. Leaked records from an offshore bank details transactions linking world leaders to a singular control board that meets annually in Switzerland to dictate inflation rates and trade wars. Extra report details suggest that insiders are highly worried.",1,breaking major city water supply poisoned authority hiding truth leaked record offshore bank detail transaction linking world leader singular control board meet annually switzerland dictate inflation rate trade war extra report detail suggest insider highly worried
185,"Tech conglomerate announces restructuring plan, affecting 5% of workforce. The metropolitan transit authority confirmed a long-term capital budget approval to construct three new light-rail stations, aiming to connect suburban sectors to the commercial district by next autumn. According to the official spokesperson, the project is funded publicly.",0,tech conglomerate announces restructuring plan affecting workforce metropolitan transit authority confirmed longterm capital budget approval construct three new lightrail station aiming connect suburban sector commercial district next autumn according official spokesperson project funded publicly
186,"You won't believe what this Hollywood actor did last night! Local water distribution facilities detected high levels of dangerous chemicals, yet central administrations ordered operations to proceed normally to prevent mass panic before election seasons. Extra report details suggest that the media is actively censoring this.",1,wont believe hollywood actor last night local water distribution facility detected high level dangerous chemical yet central administration ordered operation proceed normally prevent mass panic election season extra report detail suggest medium actively censoring
187,"Global trade markets stabilize following bilateral trade agreement. The chief executive officer announced in a memorandum to staff that the corporation will consolidate redundant administrative roles to invest heavily in cloud infrastructure research divisions. According to the official spokesperson, further evaluations are scheduled.",0,global trade market stabilize following bilateral trade agreement chief executive officer announced memorandum staff corporation consolidate redundant administrative role invest heavily cloud infrastructure research division according official spokesperson evaluation scheduled
188,"Breaking: Major city's water supply poisoned, authorities hiding truth. Leaked records from an offshore bank details transactions linking world leaders to a singular control board that meets annually in Switzerland to dictate inflation rates and trade wars. Extra report details suggest that a secret organization is involved.",1,breaking major city water supply poisoned authority hiding truth leaked record offshore bank detail transaction linking world leader singular control board meet annually switzerland dictate inflation rate trade war extra report detail suggest secret organization involved
189,"BREAKING: Alien spaceship spotted landing behind the White House! Local water distribution facilities detected high levels of dangerous chemicals, yet central administrations ordered operations to proceed normally to prevent mass panic before election seasons. Extra report details suggest that insiders are highly worried.",1,breaking alien spaceship spotted landing behind white house local water distribution facility detected high level dangerous chemical yet central administration ordered operation proceed normally prevent mass panic election season extra report detail suggest insider highly worried
190,"New clinical study links regular exercise to improved cognitive health. An oceanographic research vessel initiated a two-month mapping mission in the Pacific, utilizing multi-beam sonar arrays to document topographical features of deep oceanic valleys. According to the official spokesperson, negotiators remain optimistic about outcomes.",0,new clinical study link regular exercise improved cognitive health oceanographic research vessel initiated twomonth mapping mission pacific utilizing multibeam sonar array document topographical feature deep oceanic valley according official spokesperson negotiator remain optimistic outcome
191,"Local health department reports decline in seasonal influenza cases. The Federal Reserve Board of Governors voted on Wednesday to raise the benchmark interest rate by a quarter point, citing persistent inflation pressures in core services and labor market tightness. According to the official spokesperson, the project is funded publicly.",0,local health department report decline seasonal influenza case federal reserve board governor voted wednesday raise benchmark interest rate quarter point citing persistent inflation pressure core service labor market tightness according official spokesperson project funded publicly
192,"Breaking: Major city's water supply poisoned, authorities hiding truth. Multiple eyewitnesses reported a metallic circular craft descending from the clouds, hovering over the lawn for three minutes before accelerating into orbit. NASA refuses to answer press queries, leading to speculation. Extra report details suggest that this could change everything.",1,breaking major city water supply poisoned authority hiding truth multiple eyewitness reported metallic circular craft descending cloud hovering lawn three minute accelerating orbit nasa refuse answer press query leading speculation extra report detail suggest could change everything
193,"Tech conglomerate announces restructuring plan, affecting 5% of workforce. A heavy-lift rocket successfully placed the advanced meteorological spacecraft into orbit on Sunday, providing forecasters with real-time infrared scans of severe storm formations over the coast. According to the official spokesperson, the policy will take effect next quarter.",0,tech conglomerate announces restructuring plan affecting workforce heavylift rocket successfully placed advanced meteorological spacecraft orbit sunday providing forecaster realtime infrared scan severe storm formation coast according official spokesperson policy take effect next quarter
194,"Miracle weight loss pill doctors don't want you to know about! Multiple eyewitnesses reported a metallic circular craft descending from the clouds, hovering over the lawn for three minutes before accelerating into orbit. NASA refuses to answer press queries, leading to speculation. Extra report details suggest that insiders are highly worried.",1,miracle weight loss pill doctor dont want know multiple eyewitness reported metallic circular craft descending cloud hovering lawn three minute accelerating orbit nasa refuse answer press query leading speculation extra report detail suggest insider highly worried
195,CONSPIRACY: Landmark study proves the moon landing was filmed in Hollywood. Classified files released by a hacker group contain stage design prints and audio recordings proving the entire space race was simulated inside a high-security warehouse in Nevada to bankrupt foreign rivals. Extra report details suggest that the media is actively censoring this.,1,conspiracy landmark study prof moon landing filmed hollywood classified file released hacker group contain stage design print audio recording proving entire space race simulated inside highsecurity warehouse nevada bankrupt foreign rival extra report detail suggest medium actively censoring
196,"Doctors stunned by this simple $5 trick to reverse aging overnight! Multiple eyewitnesses reported a metallic circular craft descending from the clouds, hovering over the lawn for three minutes before accelerating into orbit. NASA refuses to answer press queries, leading to speculation. Extra report details suggest that the media is actively censoring this.",1,doctor stunned simple trick reverse aging overnight multiple eyewitness reported metallic circular craft descending cloud hovering lawn three minute accelerating orbit nasa refuse answer press query leading speculation extra report detail suggest medium actively censoring
197,"Scientists deploy deep-sea submersibles to map unexplored trenches. Following three days of debate, lawmakers finalized a comprehensive regulation bill setting stricter carbon emission targets for heavy industry and allocating funds for regional reforestation initiatives. According to the official spokesperson, the policy will take effect next quarter.",0,scientist deploy deepsea submersible map unexplored trench following three day debate lawmaker finalized comprehensive regulation bill setting stricter carbon emission target heavy industry allocating fund regional reforestation initiative according official spokesperson policy take effect next quarter
198,"Local health department reports decline in seasonal influenza cases. Epidemiological data released in the weekly surveillance report shows a fifteen percent drop in hospital admissions related to respiratory viruses, which health officials attribute to higher vaccination uptake. According to the official spokesperson, the policy will take effect next quarter.",0,local health department report decline seasonal influenza case epidemiological data released weekly surveillance report show fifteen percent drop hospital admission related respiratory virus health official attribute higher vaccination uptake according official spokesperson policy take effect next quarter
199,"SHOCKING SECRET: The government cure for cancer they hid from you! Local water distribution facilities detected high levels of dangerous chemicals, yet central administrations ordered operations to proceed normally to prevent mass panic before election seasons. Extra report details suggest that a secret organization is involved.",1,shocking secret government cure cancer hid local water distribution facility detected high level dangerous chemical yet central administration ordered operation proceed normally prevent mass panic election season extra report detail suggest secret organization involved
200,"City council approves $50 million investment for public transit extension. The Federal Reserve Board of Governors voted on Wednesday to raise the benchmark interest rate by a quarter point, citing persistent inflation pressures in core services and labor market tightness. According to the official spokesperson, further evaluations are scheduled.",0,city council approves million investment public transit extension federal reserve board governor voted wednesday raise benchmark interest rate quarter point citing persistent inflation pressure core service labor market tightness according official spokesperson evaluation scheduled
201,"State university receives major research grant for renewable energy projects. The metropolitan transit authority confirmed a long-term capital budget approval to construct three new light-rail stations, aiming to connect suburban sectors to the commercial district by next autumn. According to the official spokesperson, the project is funded publicly.",0,state university receives major research grant renewable energy project metropolitan transit authority confirmed longterm capital budget approval construct three new lightrail station aiming connect suburban sector commercial district next autumn according official spokesperson project funded publicly
202,"City council approves $50 million investment for public transit extension. Following three days of debate, lawmakers finalized a comprehensive regulation bill setting stricter carbon emission targets for heavy industry and allocating funds for regional reforestation initiatives. According to the official spokesperson, negotiators remain optimistic about outcomes.",0,city council approves million investment public transit extension following three day debate lawmaker finalized comprehensive regulation bill setting stricter carbon emission target heavy industry allocating fund regional reforestation initiative according official spokesperson negotiator remain optimistic outcome
203,"Local health department reports decline in seasonal influenza cases. A heavy-lift rocket successfully placed the advanced meteorological spacecraft into orbit on Sunday, providing forecasters with real-time infrared scans of severe storm formations over the coast. According to the official spokesperson, further evaluations are scheduled.",0,local health department report decline seasonal influenza case heavylift rocket successfully placed advanced meteorological spacecraft orbit sunday providing forecaster realtime infrared scan severe storm formation coast according official spokesperson evaluation scheduled
204,"Global trade markets stabilize following bilateral trade agreement. Researchers at the National Institute of Health published findings in the Journal of Medicine indicating adults who engage in moderate cardiovascular activity three times a week show higher neuron densities. According to the official spokesperson, further evaluations are scheduled.",0,global trade market stabilize following bilateral trade agreement researcher national institute health published finding journal medicine indicating adult engage moderate cardiovascular activity three time week show higher neuron density according official spokesperson evaluation scheduled
205,"SHOCKING SECRET: The government cure for cancer they hid from you! Multiple eyewitnesses reported a metallic circular craft descending from the clouds, hovering over the lawn for three minutes before accelerating into orbit. NASA refuses to answer press queries, leading to speculation. Extra report details suggest that a secret organization is involved.",1,shocking secret government cure cancer hid multiple eyewitness reported metallic circular craft descending cloud hovering lawn three minute accelerating orbit nasa refuse answer press query leading speculation extra report detail suggest secret organization involved
206,"Tech conglomerate announces restructuring plan, affecting 5% of workforce. The metropolitan transit authority confirmed a long-term capital budget approval to construct three new light-rail stations, aiming to connect suburban sectors to the commercial district by next autumn. According to the official spokesperson, further evaluations are scheduled.",0,tech conglomerate announces restructuring plan affecting workforce metropolitan transit authority confirmed longterm capital budget approval construct three new lightrail station aiming connect suburban sector commercial district next autumn according official spokesperson evaluation scheduled
207,"State university receives major research grant for renewable energy projects. The Federal Reserve Board of Governors voted on Wednesday to raise the benchmark interest rate by a quarter point, citing persistent inflation pressures in core services and labor market tightness. According to the official spokesperson, the policy will take effect next quarter.",0,state university receives major research grant renewable energy project federal reserve board governor voted wednesday raise benchmark interest rate quarter point citing persistent inflation pressure core service labor market tightness according official spokesperson policy take effect next quarter
208,"Tech conglomerate announces restructuring plan, affecting 5% of workforce. A heavy-lift rocket successfully placed the advanced meteorological spacecraft into orbit on Sunday, providing forecasters with real-time infrared scans of severe storm formations over the coast. According to the official spokesperson, negotiators remain optimistic about outcomes.",0,tech conglomerate announces restructuring plan affecting workforce heavylift rocket successfully placed advanced meteorological spacecraft orbit sunday providing forecaster realtime infrared scan severe storm formation coast according official spokesperson negotiator remain optimistic outcome
209,"Federal Reserve announces interest rate hike to combat inflation. Epidemiological data released in the weekly surveillance report shows a fifteen percent drop in hospital admissions related to respiratory viruses, which health officials attribute to higher vaccination uptake. According to the official spokesperson, the project is funded publicly.",0,federal reserve announces interest rate hike combat inflation epidemiological data released weekly surveillance report show fifteen percent drop hospital admission related respiratory virus health official attribute higher vaccination uptake according official spokesperson project funded publicly
210,"City council approves $50 million investment for public transit extension. The Department of Energy approved a federal grant for engineering departments to prototype high-efficiency photovoltaic cells capable of generating power during low-solar winter conditions. According to the official spokesperson, further evaluations are scheduled.",0,city council approves million investment public transit extension department energy approved federal grant engineering department prototype highefficiency photovoltaic cell capable generating power lowsolar winter condition according official spokesperson evaluation scheduled
211,"City council approves $50 million investment for public transit extension. The Federal Reserve Board of Governors voted on Wednesday to raise the benchmark interest rate by a quarter point, citing persistent inflation pressures in core services and labor market tightness. According to the official spokesperson, negotiators remain optimistic about outcomes.",0,city council approves million investment public transit extension federal reserve board governor voted wednesday raise benchmark interest rate quarter point citing persistent inflation pressure core service labor market tightness according official spokesperson negotiator remain optimistic outcome
212,"Secret society controls world bank, insider source reveals details. Leaked records from an offshore bank details transactions linking world leaders to a singular control board that meets annually in Switzerland to dictate inflation rates and trade wars. Extra report details suggest that the media is actively censoring this.",1,secret society control world bank insider source reveals detail leaked record offshore bank detail transaction linking world leader singular control board meet annually switzerland dictate inflation rate trade war extra report detail suggest medium actively censoring
213,"Scientists deploy deep-sea submersibles to map unexplored trenches. An oceanographic research vessel initiated a two-month mapping mission in the Pacific, utilizing multi-beam sonar arrays to document topographical features of deep oceanic valleys. According to the official spokesperson, the project is funded publicly.",0,scientist deploy deepsea submersible map unexplored trench oceanographic research vessel initiated twomonth mapping mission pacific utilizing multibeam sonar array document topographical feature deep oceanic valley according official spokesperson project funded publicly
214,"City council approves $50 million investment for public transit extension. The Federal Reserve Board of Governors voted on Wednesday to raise the benchmark interest rate by a quarter point, citing persistent inflation pressures in core services and labor market tightness. According to the official spokesperson, negotiators remain optimistic about outcomes.",0,city council approves million investment public transit extension federal reserve board governor voted wednesday raise benchmark interest rate quarter point citing persistent inflation pressure core service labor market tightness according official spokesperson negotiator remain optimistic outcome
215,CONSPIRACY: Landmark study proves the moon landing was filmed in Hollywood. A localized plant extract when consumed with warm water acts as a cognitive booster and reverses cellular decay. Major food companies are buying farmland to monopolize the product. Extra report details suggest that a secret organization is involved.,1,conspiracy landmark study prof moon landing filmed hollywood localized plant extract consumed warm water act cognitive booster revers cellular decay major food company buying farmland monopolize product extra report detail suggest secret organization involved
216,"Scientists deploy deep-sea submersibles to map unexplored trenches. Researchers at the National Institute of Health published findings in the Journal of Medicine indicating adults who engage in moderate cardiovascular activity three times a week show higher neuron densities. According to the official spokesperson, the project is funded publicly.",0,scientist deploy deepsea submersible map unexplored trench researcher national institute health published finding journal medicine indicating adult engage moderate cardiovascular activity three time week show higher neuron density according official spokesperson project funded publicly
217,Doctors stunned by this simple $5 trick to reverse aging overnight! An anonymous memo circulating within security agencies suggests a simulated crisis will be used to enforce emergency laws. Citizens are urged to store food and withdraw all physical cash immediately. Extra report details suggest that the media is actively censoring this.,1,doctor stunned simple trick reverse aging overnight anonymous memo circulating within security agency suggests simulated crisis used enforce emergency law citizen urged store food withdraw physical cash immediately extra report detail suggest medium actively censoring
218,"State university receives major research grant for renewable energy projects. An oceanographic research vessel initiated a two-month mapping mission in the Pacific, utilizing multi-beam sonar arrays to document topographical features of deep oceanic valleys. According to the official spokesperson, negotiators remain optimistic about outcomes.",0,state university receives major research grant renewable energy project oceanographic research vessel initiated twomonth mapping mission pacific utilizing multibeam sonar array document topographical feature deep oceanic valley according official spokesperson negotiator remain optimistic outcome
219,"Secret society controls world bank, insider source reveals details. Local water distribution facilities detected high levels of dangerous chemicals, yet central administrations ordered operations to proceed normally to prevent mass panic before election seasons. Extra report details suggest that insiders are highly worried.",1,secret society control world bank insider source reveals detail local water distribution facility detected high level dangerous chemical yet central administration ordered operation proceed normally prevent mass panic election season extra report detail suggest insider highly worried
220,"National space agency launches new weather satellite into geostationary orbit. Stock indexes rose slightly in European and Asian markets after negotiators signed a bilateral agricultural tariff agreement, resolving a three-month import dispute between the trading partners. According to the official spokesperson, the policy will take effect next quarter.",0,national space agency launch new weather satellite geostationary orbit stock index rose slightly european asian market negotiator signed bilateral agricultural tariff agreement resolving threemonth import dispute trading partner according official spokesperson policy take effect next quarter
221,"City council approves $50 million investment for public transit extension. Epidemiological data released in the weekly surveillance report shows a fifteen percent drop in hospital admissions related to respiratory viruses, which health officials attribute to higher vaccination uptake. According to the official spokesperson, negotiators remain optimistic about outcomes.",0,city council approves million investment public transit extension epidemiological data released weekly surveillance report show fifteen percent drop hospital admission related respiratory virus health official attribute higher vaccination uptake according official spokesperson negotiator remain optimistic outcome
222,"City council approves $50 million investment for public transit extension. An oceanographic research vessel initiated a two-month mapping mission in the Pacific, utilizing multi-beam sonar arrays to document topographical features of deep oceanic valleys. According to the official spokesperson, the policy will take effect next quarter.",0,city council approves million investment public transit extension oceanographic research vessel initiated twomonth mapping mission pacific utilizing multibeam sonar array document topographical feature deep oceanic valley according official spokesperson policy take effect next quarter
223,"Tech conglomerate announces restructuring plan, affecting 5% of workforce. The chief executive officer announced in a memorandum to staff that the corporation will consolidate redundant administrative roles to invest heavily in cloud infrastructure research divisions. According to the official spokesperson, further evaluations are scheduled.",0,tech conglomerate announces restructuring plan affecting workforce chief executive officer announced memorandum staff corporation consolidate redundant administrative role invest heavily cloud infrastructure research division according official spokesperson evaluation scheduled
224,"SHOCKING SECRET: The government cure for cancer they hid from you! Multiple eyewitnesses reported a metallic circular craft descending from the clouds, hovering over the lawn for three minutes before accelerating into orbit. NASA refuses to answer press queries, leading to speculation. Extra report details suggest that a secret organization is involved.",1,shocking secret government cure cancer hid multiple eyewitness reported metallic circular craft descending cloud hovering lawn three minute accelerating orbit nasa refuse answer press query leading speculation extra report detail suggest secret organization involved
225,Shocking video shows politician taking massive bribes in public. This revolutionary organic capsule burns fat in your sleep without dieting. Clinical trials show individuals losing forty pounds in a week. Big Pharma is attempting to ban sales to protect insulin profit margins. Extra report details suggest that this could change everything.,1,shocking video show politician taking massive bribe public revolutionary organic capsule burn fat sleep without dieting clinical trial show individual losing forty pound week big pharma attempting ban sale protect insulin profit margin extra report detail suggest could change everything
226,"Tech conglomerate announces restructuring plan, affecting 5% of workforce. Epidemiological data released in the weekly surveillance report shows a fifteen percent drop in hospital admissions related to respiratory viruses, which health officials attribute to higher vaccination uptake. According to the official spokesperson, further evaluations are scheduled.",0,tech conglomerate announces restructuring plan affecting workforce epidemiological data released weekly surveillance report show fifteen percent drop hospital admission related respiratory virus health official attribute higher vaccination uptake according official spokesperson evaluation scheduled
227,SHOCKING SECRET: The government cure for cancer they hid from you! CCTV footage obtained by our network captures a high-ranking official stuffed envelope with cash from a shell corporation representative in exchange for state construction approvals. Extra report details suggest that this could change everything.,1,shocking secret government cure cancer hid cctv footage obtained network capture highranking official stuffed envelope cash shell corporation representative exchange state construction approval extra report detail suggest could change everything
228,"Breaking: Major city's water supply poisoned, authorities hiding truth. CCTV footage obtained by our network captures a high-ranking official stuffed envelope with cash from a shell corporation representative in exchange for state construction approvals. Extra report details suggest that insiders are highly worried.",1,breaking major city water supply poisoned authority hiding truth cctv footage obtained network capture highranking official stuffed envelope cash shell corporation representative exchange state construction approval extra report detail suggest insider highly worried
229,"State university receives major research grant for renewable energy projects. Following three days of debate, lawmakers finalized a comprehensive regulation bill setting stricter carbon emission targets for heavy industry and allocating funds for regional reforestation initiatives. According to the official spokesperson, the project is funded publicly.",0,state university receives major research grant renewable energy project following three day debate lawmaker finalized comprehensive regulation bill setting stricter carbon emission target heavy industry allocating fund regional reforestation initiative according official spokesperson project funded publicly
230,URGENT: Global elite planning immediate lockdown next Tuesday! Insiders caught this scandalous video on camera showing a prominent celebrity in a heated exchange that the media is trying to delete. Click here to watch before it gets taken down forever! Extra report details suggest that this could change everything.,1,urgent global elite planning immediate lockdown next tuesday insider caught scandalous video camera showing prominent celebrity heated exchange medium trying delete click watch get taken forever extra report detail suggest could change everything
231,"Breaking: Major city's water supply poisoned, authorities hiding truth. Leaked records from an offshore bank details transactions linking world leaders to a singular control board that meets annually in Switzerland to dictate inflation rates and trade wars. Extra report details suggest that a secret organization is involved.",1,breaking major city water supply poisoned authority hiding truth leaked record offshore bank detail transaction linking world leader singular control board meet annually switzerland dictate inflation rate trade war extra report detail suggest secret organization involved
232,"National space agency launches new weather satellite into geostationary orbit. The metropolitan transit authority confirmed a long-term capital budget approval to construct three new light-rail stations, aiming to connect suburban sectors to the commercial district by next autumn. According to the official spokesperson, further evaluations are scheduled.",0,national space agency launch new weather satellite geostationary orbit metropolitan transit authority confirmed longterm capital budget approval construct three new lightrail station aiming connect suburban sector commercial district next autumn according official spokesperson evaluation scheduled
233,"Global trade markets stabilize following bilateral trade agreement. Following three days of debate, lawmakers finalized a comprehensive regulation bill setting stricter carbon emission targets for heavy industry and allocating funds for regional reforestation initiatives. According to the official spokesperson, the project is funded publicly.",0,global trade market stabilize following bilateral trade agreement following three day debate lawmaker finalized comprehensive regulation bill setting stricter carbon emission target heavy industry allocating fund regional reforestation initiative according official spokesperson project funded publicly
234,"Global trade markets stabilize following bilateral trade agreement. Epidemiological data released in the weekly surveillance report shows a fifteen percent drop in hospital admissions related to respiratory viruses, which health officials attribute to higher vaccination uptake. According to the official spokesperson, the policy will take effect next quarter.",0,global trade market stabilize following bilateral trade agreement epidemiological data released weekly surveillance report show fifteen percent drop hospital admission related respiratory virus health official attribute higher vaccination uptake according official spokesperson policy take effect next quarter
235,"Breaking: Major city's water supply poisoned, authorities hiding truth. A localized plant extract when consumed with warm water acts as a cognitive booster and reverses cellular decay. Major food companies are buying farmland to monopolize the product. Extra report details suggest that insiders are highly worried.",1,breaking major city water supply poisoned authority hiding truth localized plant extract consumed warm water act cognitive booster revers cellular decay major food company buying farmland monopolize product extra report detail suggest insider highly worried
236,"Tech conglomerate announces restructuring plan, affecting 5% of workforce. Epidemiological data released in the weekly surveillance report shows a fifteen percent drop in hospital admissions related to respiratory viruses, which health officials attribute to higher vaccination uptake. According to the official spokesperson, the project is funded publicly.",0,tech conglomerate announces restructuring plan affecting workforce epidemiological data released weekly surveillance report show fifteen percent drop hospital admission related respiratory virus health official attribute higher vaccination uptake according official spokesperson project funded publicly
237,Shocking video shows politician taking massive bribes in public. A localized plant extract when consumed with warm water acts as a cognitive booster and reverses cellular decay. Major food companies are buying farmland to monopolize the product. Extra report details suggest that a secret organization is involved.,1,shocking video show politician taking massive bribe public localized plant extract consumed warm water act cognitive booster revers cellular decay major food company buying farmland monopolize product extra report detail suggest secret organization involved
238,"City council approves $50 million investment for public transit extension. The chief executive officer announced in a memorandum to staff that the corporation will consolidate redundant administrative roles to invest heavily in cloud infrastructure research divisions. According to the official spokesperson, negotiators remain optimistic about outcomes.",0,city council approves million investment public transit extension chief executive officer announced memorandum staff corporation consolidate redundant administrative role invest heavily cloud infrastructure research division according official spokesperson negotiator remain optimistic outcome
239,"State university receives major research grant for renewable energy projects. A heavy-lift rocket successfully placed the advanced meteorological spacecraft into orbit on Sunday, providing forecasters with real-time infrared scans of severe storm formations over the coast. According to the official spokesperson, negotiators remain optimistic about outcomes.",0,state university receives major research grant renewable energy project heavylift rocket successfully placed advanced meteorological spacecraft orbit sunday providing forecaster realtime infrared scan severe storm formation coast according official spokesperson negotiator remain optimistic outcome
240,URGENT: Global elite planning immediate lockdown next Tuesday! Classified files released by a hacker group contain stage design prints and audio recordings proving the entire space race was simulated inside a high-security warehouse in Nevada to bankrupt foreign rivals. Extra report details suggest that insiders are highly worried.,1,urgent global elite planning immediate lockdown next tuesday classified file released hacker group contain stage design print audio recording proving entire space race simulated inside highsecurity warehouse nevada bankrupt foreign rival extra report detail suggest insider highly worried
241,SHOCKING SECRET: The government cure for cancer they hid from you! CCTV footage obtained by our network captures a high-ranking official stuffed envelope with cash from a shell corporation representative in exchange for state construction approvals. Extra report details suggest that the media is actively censoring this.,1,shocking secret government cure cancer hid cctv footage obtained network capture highranking official stuffed envelope cash shell corporation representative exchange state construction approval extra report detail suggest medium actively censoring
242,URGENT: Global elite planning immediate lockdown next Tuesday! CCTV footage obtained by our network captures a high-ranking official stuffed envelope with cash from a shell corporation representative in exchange for state construction approvals. Extra report details suggest that a secret organization is involved.,1,urgent global elite planning immediate lockdown next tuesday cctv footage obtained network capture highranking official stuffed envelope cash shell corporation representative exchange state construction approval extra report detail suggest secret organization involved
243,"National space agency launches new weather satellite into geostationary orbit. The chief executive officer announced in a memorandum to staff that the corporation will consolidate redundant administrative roles to invest heavily in cloud infrastructure research divisions. According to the official spokesperson, negotiators remain optimistic about outcomes.",0,national space agency launch new weather satellite geostationary orbit chief executive officer announced memorandum staff corporation consolidate redundant administrative role invest heavily cloud infrastructure research division according official spokesperson negotiator remain optimistic outcome
244,URGENT: Global elite planning immediate lockdown next Tuesday! Classified files released by a hacker group contain stage design prints and audio recordings proving the entire space race was simulated inside a high-security warehouse in Nevada to bankrupt foreign rivals. Extra report details suggest that a secret organization is involved.,1,urgent global elite planning immediate lockdown next tuesday classified file released hacker group contain stage design print audio recording proving entire space race simulated inside highsecurity warehouse nevada bankrupt foreign rival extra report detail suggest secret organization involved
245,You won't believe what this Hollywood actor did last night! CCTV footage obtained by our network captures a high-ranking official stuffed envelope with cash from a shell corporation representative in exchange for state construction approvals. Extra report details suggest that this could change everything.,1,wont believe hollywood actor last night cctv footage obtained network capture highranking official stuffed envelope cash shell corporation representative exchange state construction approval extra report detail suggest could change everything
246,"City council approves $50 million investment for public transit extension. Following three days of debate, lawmakers finalized a comprehensive regulation bill setting stricter carbon emission targets for heavy industry and allocating funds for regional reforestation initiatives. According to the official spokesperson, further evaluations are scheduled.",0,city council approves million investment public transit extension following three day debate lawmaker finalized comprehensive regulation bill setting stricter carbon emission target heavy industry allocating fund regional reforestation initiative according official spokesperson evaluation scheduled
247,"Tech conglomerate announces restructuring plan, affecting 5% of workforce. The metropolitan transit authority confirmed a long-term capital budget approval to construct three new light-rail stations, aiming to connect suburban sectors to the commercial district by next autumn. According to the official spokesperson, the project is funded publicly.",0,tech conglomerate announces restructuring plan affecting workforce metropolitan transit authority confirmed longterm capital budget approval construct three new lightrail station aiming connect suburban sector commercial district next autumn according official spokesperson project funded publicly
248,Shocking video shows politician taking massive bribes in public. An anonymous memo circulating within security agencies suggests a simulated crisis will be used to enforce emergency laws. Citizens are urged to store food and withdraw all physical cash immediately. Extra report details suggest that this could change everything.,1,shocking video show politician taking massive bribe public anonymous memo circulating within security agency suggests simulated crisis used enforce emergency law citizen urged store food withdraw physical cash immediately extra report detail suggest could change everything
249,URGENT: Global elite planning immediate lockdown next Tuesday! This revolutionary organic capsule burns fat in your sleep without dieting. Clinical trials show individuals losing forty pounds in a week. Big Pharma is attempting to ban sales to protect insulin profit margins. Extra report details suggest that insiders are highly worried.,1,urgent global elite planning immediate lockdown next tuesday revolutionary organic capsule burn fat sleep without dieting clinical trial show individual losing forty pound week big pharma attempting ban sale protect insulin profit margin extra report detail suggest insider highly worried
250,"State university receives major research grant for renewable energy projects. Researchers at the National Institute of Health published findings in the Journal of Medicine indicating adults who engage in moderate cardiovascular activity three times a week show higher neuron densities. According to the official spokesperson, the policy will take effect next quarter.",0,state university receives major research grant renewable energy project researcher national institute health published finding journal medicine indicating adult engage moderate cardiovascular activity three time week show higher neuron density according official spokesperson policy take effect next quarter
251,"Breaking: Major city's water supply poisoned, authorities hiding truth. Local water distribution facilities detected high levels of dangerous chemicals, yet central administrations ordered operations to proceed normally to prevent mass panic before election seasons. Extra report details suggest that a secret organization is involved.",1,breaking major city water supply poisoned authority hiding truth local water distribution facility detected high level dangerous chemical yet central administration ordered operation proceed normally prevent mass panic election season extra report detail suggest secret organization involved
252,CONSPIRACY: Landmark study proves the moon landing was filmed in Hollywood. Leaked records from an offshore bank details transactions linking world leaders to a singular control board that meets annually in Switzerland to dictate inflation rates and trade wars. Extra report details suggest that a secret organization is involved.,1,conspiracy landmark study prof moon landing filmed hollywood leaked record offshore bank detail transaction linking world leader singular control board meet annually switzerland dictate inflation rate trade war extra report detail suggest secret organization involved
253,Shocking video shows politician taking massive bribes in public. Classified files released by a hacker group contain stage design prints and audio recordings proving the entire space race was simulated inside a high-security warehouse in Nevada to bankrupt foreign rivals. Extra report details suggest that this could change everything.,1,shocking video show politician taking massive bribe public classified file released hacker group contain stage design print audio recording proving entire space race simulated inside highsecurity warehouse nevada bankrupt foreign rival extra report detail suggest could change everything
254,"New clinical study links regular exercise to improved cognitive health. The Federal Reserve Board of Governors voted on Wednesday to raise the benchmark interest rate by a quarter point, citing persistent inflation pressures in core services and labor market tightness. According to the official spokesperson, the project is funded publicly.",0,new clinical study link regular exercise improved cognitive health federal reserve board governor voted wednesday raise benchmark interest rate quarter point citing persistent inflation pressure core service labor market tightness according official spokesperson project funded publicly
255,"Local health department reports decline in seasonal influenza cases. Epidemiological data released in the weekly surveillance report shows a fifteen percent drop in hospital admissions related to respiratory viruses, which health officials attribute to higher vaccination uptake. According to the official spokesperson, the project is funded publicly.",0,local health department report decline seasonal influenza case epidemiological data released weekly surveillance report show fifteen percent drop hospital admission related respiratory virus health official attribute higher vaccination uptake according official spokesperson project funded publicly
256,CONSPIRACY: Landmark study proves the moon landing was filmed in Hollywood. An anonymous memo circulating within security agencies suggests a simulated crisis will be used to enforce emergency laws. Citizens are urged to store food and withdraw all physical cash immediately. Extra report details suggest that a secret organization is involved.,1,conspiracy landmark study prof moon landing filmed hollywood anonymous memo circulating within security agency suggests simulated crisis used enforce emergency law citizen urged store food withdraw physical cash immediately extra report detail suggest secret organization involved
257,"SHOCKING SECRET: The government cure for cancer they hid from you! Multiple eyewitnesses reported a metallic circular craft descending from the clouds, hovering over the lawn for three minutes before accelerating into orbit. NASA refuses to answer press queries, leading to speculation. Extra report details suggest that a secret organization is involved.",1,shocking secret government cure cancer hid multiple eyewitness reported metallic circular craft descending cloud hovering lawn three minute accelerating orbit nasa refuse answer press query leading speculation extra report detail suggest secret organization involved
258,"Secret society controls world bank, insider source reveals details. Classified files released by a hacker group contain stage design prints and audio recordings proving the entire space race was simulated inside a high-security warehouse in Nevada to bankrupt foreign rivals. Extra report details suggest that a secret organization is involved.",1,secret society control world bank insider source reveals detail classified file released hacker group contain stage design print audio recording proving entire space race simulated inside highsecurity warehouse nevada bankrupt foreign rival extra report detail suggest secret organization involved
259,"Global trade markets stabilize following bilateral trade agreement. The Department of Energy approved a federal grant for engineering departments to prototype high-efficiency photovoltaic cells capable of generating power during low-solar winter conditions. According to the official spokesperson, the policy will take effect next quarter.",0,global trade market stabilize following bilateral trade agreement department energy approved federal grant engineering department prototype highefficiency photovoltaic cell capable generating power lowsolar winter condition according official spokesperson policy take effect next quarter
260,URGENT: Global elite planning immediate lockdown next Tuesday! CCTV footage obtained by our network captures a high-ranking official stuffed envelope with cash from a shell corporation representative in exchange for state construction approvals. Extra report details suggest that a secret organization is involved.,1,urgent global elite planning immediate lockdown next tuesday cctv footage obtained network capture highranking official stuffed envelope cash shell corporation representative exchange state construction approval extra report detail suggest secret organization involved
261,URGENT: Global elite planning immediate lockdown next Tuesday! A secret whistleblower has leaked documents showing a massive cover-up by pharmaceutical giants who have possessed a full cure for cancer since 1995. Shares of major healthcare corporations are skyrocketing as politicians silent on public trials. Extra report details suggest that the media is actively censoring this.,1,urgent global elite planning immediate lockdown next tuesday secret whistleblower leaked document showing massive coverup pharmaceutical giant possessed full cure cancer since share major healthcare corporation skyrocketing politician silent public trial extra report detail suggest medium actively censoring
262,"Parliament passes landmark environmental protection bill. Researchers at the National Institute of Health published findings in the Journal of Medicine indicating adults who engage in moderate cardiovascular activity three times a week show higher neuron densities. According to the official spokesperson, the policy will take effect next quarter.",0,parliament pass landmark environmental protection bill researcher national institute health published finding journal medicine indicating adult engage moderate cardiovascular activity three time week show higher neuron density according official spokesperson policy take effect next quarter
263,"Federal Reserve announces interest rate hike to combat inflation. Epidemiological data released in the weekly surveillance report shows a fifteen percent drop in hospital admissions related to respiratory viruses, which health officials attribute to higher vaccination uptake. According to the official spokesperson, negotiators remain optimistic about outcomes.",0,federal reserve announces interest rate hike combat inflation epidemiological data released weekly surveillance report show fifteen percent drop hospital admission related respiratory virus health official attribute higher vaccination uptake according official spokesperson negotiator remain optimistic outcome
264,"Federal Reserve announces interest rate hike to combat inflation. The Department of Energy approved a federal grant for engineering departments to prototype high-efficiency photovoltaic cells capable of generating power during low-solar winter conditions. According to the official spokesperson, the project is funded publicly.",0,federal reserve announces interest rate hike combat inflation department energy approved federal grant engineering department prototype highefficiency photovoltaic cell capable generating power lowsolar winter condition according official spokesperson project funded publicly
265,"Parliament passes landmark environmental protection bill. The chief executive officer announced in a memorandum to staff that the corporation will consolidate redundant administrative roles to invest heavily in cloud infrastructure research divisions. According to the official spokesperson, the policy will take effect next quarter.",0,parliament pass landmark environmental protection bill chief executive officer announced memorandum staff corporation consolidate redundant administrative role invest heavily cloud infrastructure research division according official spokesperson policy take effect next quarter
266,SHOCKING SECRET: The government cure for cancer they hid from you! A localized plant extract when consumed with warm water acts as a cognitive booster and reverses cellular decay. Major food companies are buying farmland to monopolize the product. Extra report details suggest that a secret organization is involved.,1,shocking secret government cure cancer hid localized plant extract consumed warm water act cognitive booster revers cellular decay major food company buying farmland monopolize product extra report detail suggest secret organization involved
267,"Secret society controls world bank, insider source reveals details. A secret whistleblower has leaked documents showing a massive cover-up by pharmaceutical giants who have possessed a full cure for cancer since 1995. Shares of major healthcare corporations are skyrocketing as politicians silent on public trials. Extra report details suggest that insiders are highly worried.",1,secret society control world bank insider source reveals detail secret whistleblower leaked document showing massive coverup pharmaceutical giant possessed full cure cancer since share major healthcare corporation skyrocketing politician silent public trial extra report detail suggest insider highly worried
268,"National space agency launches new weather satellite into geostationary orbit. The metropolitan transit authority confirmed a long-term capital budget approval to construct three new light-rail stations, aiming to connect suburban sectors to the commercial district by next autumn. According to the official spokesperson, negotiators remain optimistic about outcomes.",0,national space agency launch new weather satellite geostationary orbit metropolitan transit authority confirmed longterm capital budget approval construct three new lightrail station aiming connect suburban sector commercial district next autumn according official spokesperson negotiator remain optimistic outcome
269,"Secret society controls world bank, insider source reveals details. CCTV footage obtained by our network captures a high-ranking official stuffed envelope with cash from a shell corporation representative in exchange for state construction approvals. Extra report details suggest that the media is actively censoring this.",1,secret society control world bank insider source reveals detail cctv footage obtained network capture highranking official stuffed envelope cash shell corporation representative exchange state construction approval extra report detail suggest medium actively censoring
270,Shocking video shows politician taking massive bribes in public. A localized plant extract when consumed with warm water acts as a cognitive booster and reverses cellular decay. Major food companies are buying farmland to monopolize the product. Extra report details suggest that a secret organization is involved.,1,shocking video show politician taking massive bribe public localized plant extract consumed warm water act cognitive booster revers cellular decay major food company buying farmland monopolize product extra report detail suggest secret organization involved
271,"Global trade markets stabilize following bilateral trade agreement. The Federal Reserve Board of Governors voted on Wednesday to raise the benchmark interest rate by a quarter point, citing persistent inflation pressures in core services and labor market tightness. According to the official spokesperson, the project is funded publicly.",0,global trade market stabilize following bilateral trade agreement federal reserve board governor voted wednesday raise benchmark interest rate quarter point citing persistent inflation pressure core service labor market tightness according official spokesperson project funded publicly
272,"Local health department reports decline in seasonal influenza cases. The Department of Energy approved a federal grant for engineering departments to prototype high-efficiency photovoltaic cells capable of generating power during low-solar winter conditions. According to the official spokesperson, negotiators remain optimistic about outcomes.",0,local health department report decline seasonal influenza case department energy approved federal grant engineering department prototype highefficiency photovoltaic cell capable generating power lowsolar winter condition according official spokesperson negotiator remain optimistic outcome
273,"Global trade markets stabilize following bilateral trade agreement. The Federal Reserve Board of Governors voted on Wednesday to raise the benchmark interest rate by a quarter point, citing persistent inflation pressures in core services and labor market tightness. According to the official spokesperson, the policy will take effect next quarter.",0,global trade market stabilize following bilateral trade agreement federal reserve board governor voted wednesday raise benchmark interest rate quarter point citing persistent inflation pressure core service labor market tightness according official spokesperson policy take effect next quarter
274,You won't believe what this Hollywood actor did last night! A secret whistleblower has leaked documents showing a massive cover-up by pharmaceutical giants who have possessed a full cure for cancer since 1995. Shares of major healthcare corporations are skyrocketing as politicians silent on public trials. Extra report details suggest that insiders are highly worried.,1,wont believe hollywood actor last night secret whistleblower leaked document showing massive coverup pharmaceutical giant possessed full cure cancer since share major healthcare corporation skyrocketing politician silent public trial extra report detail suggest insider highly worried
275,You won't believe what this Hollywood actor did last night! A secret whistleblower has leaked documents showing a massive cover-up by pharmaceutical giants who have possessed a full cure for cancer since 1995. Shares of major healthcare corporations are skyrocketing as politicians silent on public trials. Extra report details suggest that this could change everything.,1,wont believe hollywood actor last night secret whistleblower leaked document showing massive coverup pharmaceutical giant possessed full cure cancer since share major healthcare corporation skyrocketing politician silent public trial extra report detail suggest could change everything
276,"Breaking: Major city's water supply poisoned, authorities hiding truth. A localized plant extract when consumed with warm water acts as a cognitive booster and reverses cellular decay. Major food companies are buying farmland to monopolize the product. Extra report details suggest that this could change everything.",1,breaking major city water supply poisoned authority hiding truth localized plant extract consumed warm water act cognitive booster revers cellular decay major food company buying farmland monopolize product extra report detail suggest could change everything
277,Shocking video shows politician taking massive bribes in public. Insiders caught this scandalous video on camera showing a prominent celebrity in a heated exchange that the media is trying to delete. Click here to watch before it gets taken down forever! Extra report details suggest that the media is actively censoring this.,1,shocking video show politician taking massive bribe public insider caught scandalous video camera showing prominent celebrity heated exchange medium trying delete click watch get taken forever extra report detail suggest medium actively censoring
278,"Secret society controls world bank, insider source reveals details. Insiders caught this scandalous video on camera showing a prominent celebrity in a heated exchange that the media is trying to delete. Click here to watch before it gets taken down forever! Extra report details suggest that the media is actively censoring this.",1,secret society control world bank insider source reveals detail insider caught scandalous video camera showing prominent celebrity heated exchange medium trying delete click watch get taken forever extra report detail suggest medium actively censoring
279,URGENT: Global elite planning immediate lockdown next Tuesday! A secret whistleblower has leaked documents showing a massive cover-up by pharmaceutical giants who have possessed a full cure for cancer since 1995. Shares of major healthcare corporations are skyrocketing as politicians silent on public trials. Extra report details suggest that this could change everything.,1,urgent global elite planning immediate lockdown next tuesday secret whistleblower leaked document showing massive coverup pharmaceutical giant possessed full cure cancer since share major healthcare corporation skyrocketing politician silent public trial extra report detail suggest could change everything
280,"New clinical study links regular exercise to improved cognitive health. The metropolitan transit authority confirmed a long-term capital budget approval to construct three new light-rail stations, aiming to connect suburban sectors to the commercial district by next autumn. According to the official spokesperson, the project is funded publicly.",0,new clinical study link regular exercise improved cognitive health metropolitan transit authority confirmed longterm capital budget approval construct three new lightrail station aiming connect suburban sector commercial district next autumn according official spokesperson project funded publicly
281,"City council approves $50 million investment for public transit extension. Researchers at the National Institute of Health published findings in the Journal of Medicine indicating adults who engage in moderate cardiovascular activity three times a week show higher neuron densities. According to the official spokesperson, negotiators remain optimistic about outcomes.",0,city council approves million investment public transit extension researcher national institute health published finding journal medicine indicating adult engage moderate cardiovascular activity three time week show higher neuron density according official spokesperson negotiator remain optimistic outcome
282,Shocking video shows politician taking massive bribes in public. Classified files released by a hacker group contain stage design prints and audio recordings proving the entire space race was simulated inside a high-security warehouse in Nevada to bankrupt foreign rivals. Extra report details suggest that this could change everything.,1,shocking video show politician taking massive bribe public classified file released hacker group contain stage design print audio recording proving entire space race simulated inside highsecurity warehouse nevada bankrupt foreign rival extra report detail suggest could change everything
283,"Tech conglomerate announces restructuring plan, affecting 5% of workforce. Stock indexes rose slightly in European and Asian markets after negotiators signed a bilateral agricultural tariff agreement, resolving a three-month import dispute between the trading partners. According to the official spokesperson, further evaluations are scheduled.",0,tech conglomerate announces restructuring plan affecting workforce stock index rose slightly european asian market negotiator signed bilateral agricultural tariff agreement resolving threemonth import dispute trading partner according official spokesperson evaluation scheduled
284,"Parliament passes landmark environmental protection bill. The chief executive officer announced in a memorandum to staff that the corporation will consolidate redundant administrative roles to invest heavily in cloud infrastructure research divisions. According to the official spokesperson, the project is funded publicly.",0,parliament pass landmark environmental protection bill chief executive officer announced memorandum staff corporation consolidate redundant administrative role invest heavily cloud infrastructure research division according official spokesperson project funded publicly
285,"Local health department reports decline in seasonal influenza cases. A heavy-lift rocket successfully placed the advanced meteorological spacecraft into orbit on Sunday, providing forecasters with real-time infrared scans of severe storm formations over the coast. According to the official spokesperson, further evaluations are scheduled.",0,local health department report decline seasonal influenza case heavylift rocket successfully placed advanced meteorological spacecraft orbit sunday providing forecaster realtime infrared scan severe storm formation coast according official spokesperson evaluation scheduled
286,"Global trade markets stabilize following bilateral trade agreement. The chief executive officer announced in a memorandum to staff that the corporation will consolidate redundant administrative roles to invest heavily in cloud infrastructure research divisions. According to the official spokesperson, the policy will take effect next quarter.",0,global trade market stabilize following bilateral trade agreement chief executive officer announced memorandum staff corporation consolidate redundant administrative role invest heavily cloud infrastructure research division according official spokesperson policy take effect next quarter
287,"Scientists deploy deep-sea submersibles to map unexplored trenches. Stock indexes rose slightly in European and Asian markets after negotiators signed a bilateral agricultural tariff agreement, resolving a three-month import dispute between the trading partners. According to the official spokesperson, further evaluations are scheduled.",0,scientist deploy deepsea submersible map unexplored trench stock index rose slightly european asian market negotiator signed bilateral agricultural tariff agreement resolving threemonth import dispute trading partner according official spokesperson evaluation scheduled
288,"Global trade markets stabilize following bilateral trade agreement. The metropolitan transit authority confirmed a long-term capital budget approval to construct three new light-rail stations, aiming to connect suburban sectors to the commercial district by next autumn. According to the official spokesperson, the project is funded publicly.",0,global trade market stabilize following bilateral trade agreement metropolitan transit authority confirmed longterm capital budget approval construct three new lightrail station aiming connect suburban sector commercial district next autumn according official spokesperson project funded publicly
289,"Local health department reports decline in seasonal influenza cases. An oceanographic research vessel initiated a two-month mapping mission in the Pacific, utilizing multi-beam sonar arrays to document topographical features of deep oceanic valleys. According to the official spokesperson, the project is funded publicly.",0,local health department report decline seasonal influenza case oceanographic research vessel initiated twomonth mapping mission pacific utilizing multibeam sonar array document topographical feature deep oceanic valley according official spokesperson project funded publicly
290,SHOCKING SECRET: The government cure for cancer they hid from you! Insiders caught this scandalous video on camera showing a prominent celebrity in a heated exchange that the media is trying to delete. Click here to watch before it gets taken down forever! Extra report details suggest that the media is actively censoring this.,1,shocking secret government cure cancer hid insider caught scandalous video camera showing prominent celebrity heated exchange medium trying delete click watch get taken forever extra report detail suggest medium actively censoring
291,"New clinical study links regular exercise to improved cognitive health. Following three days of debate, lawmakers finalized a comprehensive regulation bill setting stricter carbon emission targets for heavy industry and allocating funds for regional reforestation initiatives. According to the official spokesperson, negotiators remain optimistic about outcomes.",0,new clinical study link regular exercise improved cognitive health following three day debate lawmaker finalized comprehensive regulation bill setting stricter carbon emission target heavy industry allocating fund regional reforestation initiative according official spokesperson negotiator remain optimistic outcome
292,"Secret society controls world bank, insider source reveals details. Leaked records from an offshore bank details transactions linking world leaders to a singular control board that meets annually in Switzerland to dictate inflation rates and trade wars. Extra report details suggest that this could change everything.",1,secret society control world bank insider source reveals detail leaked record offshore bank detail transaction linking world leader singular control board meet annually switzerland dictate inflation rate trade war extra report detail suggest could change everything
293,"Tech conglomerate announces restructuring plan, affecting 5% of workforce. The metropolitan transit authority confirmed a long-term capital budget approval to construct three new light-rail stations, aiming to connect suburban sectors to the commercial district by next autumn. According to the official spokesperson, the policy will take effect next quarter.",0,tech conglomerate announces restructuring plan affecting workforce metropolitan transit authority confirmed longterm capital budget approval construct three new lightrail station aiming connect suburban sector commercial district next autumn according official spokesperson policy take effect next quarter
294,You won't believe what this Hollywood actor did last night! Insiders caught this scandalous video on camera showing a prominent celebrity in a heated exchange that the media is trying to delete. Click here to watch before it gets taken down forever! Extra report details suggest that insiders are highly worried.,1,wont believe hollywood actor last night insider caught scandalous video camera showing prominent celebrity heated exchange medium trying delete click watch get taken forever extra report detail suggest insider highly worried
295,"National space agency launches new weather satellite into geostationary orbit. Researchers at the National Institute of Health published findings in the Journal of Medicine indicating adults who engage in moderate cardiovascular activity three times a week show higher neuron densities. According to the official spokesperson, further evaluations are scheduled.",0,national space agency launch new weather satellite geostationary orbit researcher national institute health published finding journal medicine indicating adult engage moderate cardiovascular activity three time week show higher neuron density according official spokesperson evaluation scheduled
296,BREAKING: Alien spaceship spotted landing behind the White House! CCTV footage obtained by our network captures a high-ranking official stuffed envelope with cash from a shell corporation representative in exchange for state construction approvals. Extra report details suggest that insiders are highly worried.,1,breaking alien spaceship spotted landing behind white house cctv footage obtained network capture highranking official stuffed envelope cash shell corporation representative exchange state construction approval extra report detail suggest insider highly worried
297,"State university receives major research grant for renewable energy projects. The metropolitan transit authority confirmed a long-term capital budget approval to construct three new light-rail stations, aiming to connect suburban sectors to the commercial district by next autumn. According to the official spokesperson, further evaluations are scheduled.",0,state university receives major research grant renewable energy project metropolitan transit authority confirmed longterm capital budget approval construct three new lightrail station aiming connect suburban sector commercial district next autumn according official spokesperson evaluation scheduled
298,"National space agency launches new weather satellite into geostationary orbit. The Department of Energy approved a federal grant for engineering departments to prototype high-efficiency photovoltaic cells capable of generating power during low-solar winter conditions. According to the official spokesperson, further evaluations are scheduled.",0,national space agency launch new weather satellite geostationary orbit department energy approved federal grant engineering department prototype highefficiency photovoltaic cell capable generating power lowsolar winter condition according official spokesperson evaluation scheduled
299,"Scientists deploy deep-sea submersibles to map unexplored trenches. The Department of Energy approved a federal grant for engineering departments to prototype high-efficiency photovoltaic cells capable of generating power during low-solar winter conditions. According to the official spokesperson, the policy will take effect next quarter.",0,scientist deploy deepsea submersible map unexplored trench department energy approved federal grant engineering department prototype highefficiency photovoltaic cell capable generating power lowsolar winter condition according official spokesperson policy take effect next quarter
300,"Parliament passes landmark environmental protection bill. Epidemiological data released in the weekly surveillance report shows a fifteen percent drop in hospital admissions related to respiratory viruses, which health officials attribute to higher vaccination uptake. According to the official spokesperson, negotiators remain optimistic about outcomes.",0,parliament pass landmark environmental protection bill epidemiological data released weekly surveillance report show fifteen percent drop hospital admission related respiratory virus health official attribute higher vaccination uptake according official spokesperson negotiator remain optimistic outcome
301,"Global trade markets stabilize following bilateral trade agreement. Following three days of debate, lawmakers finalized a comprehensive regulation bill setting stricter carbon emission targets for heavy industry and allocating funds for regional reforestation initiatives. According to the official spokesperson, further evaluations are scheduled.",0,global trade market stabilize following bilateral trade agreement following three day debate lawmaker finalized comprehensive regulation bill setting stricter carbon emission target heavy industry allocating fund regional reforestation initiative according official spokesperson evaluation scheduled
302,You won't believe what this Hollywood actor did last night! A localized plant extract when consumed with warm water acts as a cognitive booster and reverses cellular decay. Major food companies are buying farmland to monopolize the product. Extra report details suggest that a secret organization is involved.,1,wont believe hollywood actor last night localized plant extract consumed warm water act cognitive booster revers cellular decay major food company buying farmland monopolize product extra report detail suggest secret organization involved
303,"New clinical study links regular exercise to improved cognitive health. Researchers at the National Institute of Health published findings in the Journal of Medicine indicating adults who engage in moderate cardiovascular activity three times a week show higher neuron densities. According to the official spokesperson, further evaluations are scheduled.",0,new clinical study link regular exercise improved cognitive health researcher national institute health published finding journal medicine indicating adult engage moderate cardiovascular activity three time week show higher neuron density according official spokesperson evaluation scheduled
304,"Federal Reserve announces interest rate hike to combat inflation. Epidemiological data released in the weekly surveillance report shows a fifteen percent drop in hospital admissions related to respiratory viruses, which health officials attribute to higher vaccination uptake. According to the official spokesperson, the project is funded publicly.",0,federal reserve announces interest rate hike combat inflation epidemiological data released weekly surveillance report show fifteen percent drop hospital admission related respiratory virus health official attribute higher vaccination uptake according official spokesperson project funded publicly
305,"Local health department reports decline in seasonal influenza cases. Epidemiological data released in the weekly surveillance report shows a fifteen percent drop in hospital admissions related to respiratory viruses, which health officials attribute to higher vaccination uptake. According to the official spokesperson, the policy will take effect next quarter.",0,local health department report decline seasonal influenza case epidemiological data released weekly surveillance report show fifteen percent drop hospital admission related respiratory virus health official attribute higher vaccination uptake according official spokesperson policy take effect next quarter
306,"National space agency launches new weather satellite into geostationary orbit. An oceanographic research vessel initiated a two-month mapping mission in the Pacific, utilizing multi-beam sonar arrays to document topographical features of deep oceanic valleys. According to the official spokesperson, the project is funded publicly.",0,national space agency launch new weather satellite geostationary orbit oceanographic research vessel initiated twomonth mapping mission pacific utilizing multibeam sonar array document topographical feature deep oceanic valley according official spokesperson project funded publicly
307,Miracle weight loss pill doctors don't want you to know about! Leaked records from an offshore bank details transactions linking world leaders to a singular control board that meets annually in Switzerland to dictate inflation rates and trade wars. Extra report details suggest that insiders are highly worried.,1,miracle weight loss pill doctor dont want know leaked record offshore bank detail transaction linking world leader singular control board meet annually switzerland dictate inflation rate trade war extra report detail suggest insider highly worried
308,BREAKING: Alien spaceship spotted landing behind the White House! A secret whistleblower has leaked documents showing a massive cover-up by pharmaceutical giants who have possessed a full cure for cancer since 1995. Shares of major healthcare corporations are skyrocketing as politicians silent on public trials. Extra report details suggest that a secret organization is involved.,1,breaking alien spaceship spotted landing behind white house secret whistleblower leaked document showing massive coverup pharmaceutical giant possessed full cure cancer since share major healthcare corporation skyrocketing politician silent public trial extra report detail suggest secret organization involved
309,"Scientists deploy deep-sea submersibles to map unexplored trenches. Researchers at the National Institute of Health published findings in the Journal of Medicine indicating adults who engage in moderate cardiovascular activity three times a week show higher neuron densities. According to the official spokesperson, negotiators remain optimistic about outcomes.",0,scientist deploy deepsea submersible map unexplored trench researcher national institute health published finding journal medicine indicating adult engage moderate cardiovascular activity three time week show higher neuron density according official spokesperson negotiator remain optimistic outcome
310,BREAKING: Alien spaceship spotted landing behind the White House! CCTV footage obtained by our network captures a high-ranking official stuffed envelope with cash from a shell corporation representative in exchange for state construction approvals. Extra report details suggest that this could change everything.,1,breaking alien spaceship spotted landing behind white house cctv footage obtained network capture highranking official stuffed envelope cash shell corporation representative exchange state construction approval extra report detail suggest could change everything
311,"Doctors stunned by this simple $5 trick to reverse aging overnight! Multiple eyewitnesses reported a metallic circular craft descending from the clouds, hovering over the lawn for three minutes before accelerating into orbit. NASA refuses to answer press queries, leading to speculation. Extra report details suggest that a secret organization is involved.",1,doctor stunned simple trick reverse aging overnight multiple eyewitness reported metallic circular craft descending cloud hovering lawn three minute accelerating orbit nasa refuse answer press query leading speculation extra report detail suggest secret organization involved
312,CONSPIRACY: Landmark study proves the moon landing was filmed in Hollywood. Leaked records from an offshore bank details transactions linking world leaders to a singular control board that meets annually in Switzerland to dictate inflation rates and trade wars. Extra report details suggest that a secret organization is involved.,1,conspiracy landmark study prof moon landing filmed hollywood leaked record offshore bank detail transaction linking world leader singular control board meet annually switzerland dictate inflation rate trade war extra report detail suggest secret organization involved
313,"Global trade markets stabilize following bilateral trade agreement. Researchers at the National Institute of Health published findings in the Journal of Medicine indicating adults who engage in moderate cardiovascular activity three times a week show higher neuron densities. According to the official spokesperson, negotiators remain optimistic about outcomes.",0,global trade market stabilize following bilateral trade agreement researcher national institute health published finding journal medicine indicating adult engage moderate cardiovascular activity three time week show higher neuron density according official spokesperson negotiator remain optimistic outcome
314,"Secret society controls world bank, insider source reveals details. Multiple eyewitnesses reported a metallic circular craft descending from the clouds, hovering over the lawn for three minutes before accelerating into orbit. NASA refuses to answer press queries, leading to speculation. Extra report details suggest that the media is actively censoring this.",1,secret society control world bank insider source reveals detail multiple eyewitness reported metallic circular craft descending cloud hovering lawn three minute accelerating orbit nasa refuse answer press query leading speculation extra report detail suggest medium actively censoring
315,You won't believe what this Hollywood actor did last night! A secret whistleblower has leaked documents showing a massive cover-up by pharmaceutical giants who have possessed a full cure for cancer since 1995. Shares of major healthcare corporations are skyrocketing as politicians silent on public trials. Extra report details suggest that insiders are highly worried.,1,wont believe hollywood actor last night secret whistleblower leaked document showing massive coverup pharmaceutical giant possessed full cure cancer since share major healthcare corporation skyrocketing politician silent public trial extra report detail suggest insider highly worried
316,"State university receives major research grant for renewable energy projects. The Department of Energy approved a federal grant for engineering departments to prototype high-efficiency photovoltaic cells capable of generating power during low-solar winter conditions. According to the official spokesperson, further evaluations are scheduled.",0,state university receives major research grant renewable energy project department energy approved federal grant engineering department prototype highefficiency photovoltaic cell capable generating power lowsolar winter condition according official spokesperson evaluation scheduled
317,"Federal Reserve announces interest rate hike to combat inflation. Researchers at the National Institute of Health published findings in the Journal of Medicine indicating adults who engage in moderate cardiovascular activity three times a week show higher neuron densities. According to the official spokesperson, negotiators remain optimistic about outcomes.",0,federal reserve announces interest rate hike combat inflation researcher national institute health published finding journal medicine indicating adult engage moderate cardiovascular activity three time week show higher neuron density according official spokesperson negotiator remain optimistic outcome
318,"City council approves $50 million investment for public transit extension. The Federal Reserve Board of Governors voted on Wednesday to raise the benchmark interest rate by a quarter point, citing persistent inflation pressures in core services and labor market tightness. According to the official spokesperson, the policy will take effect next quarter.",0,city council approves million investment public transit extension federal reserve board governor voted wednesday raise benchmark interest rate quarter point citing persistent inflation pressure core service labor market tightness according official spokesperson policy take effect next quarter
319,"Federal Reserve announces interest rate hike to combat inflation. The metropolitan transit authority confirmed a long-term capital budget approval to construct three new light-rail stations, aiming to connect suburban sectors to the commercial district by next autumn. According to the official spokesperson, negotiators remain optimistic about outcomes.",0,federal reserve announces interest rate hike combat inflation metropolitan transit authority confirmed longterm capital budget approval construct three new lightrail station aiming connect suburban sector commercial district next autumn according official spokesperson negotiator remain optimistic outcome
320,"Parliament passes landmark environmental protection bill. Stock indexes rose slightly in European and Asian markets after negotiators signed a bilateral agricultural tariff agreement, resolving a three-month import dispute between the trading partners. According to the official spokesperson, negotiators remain optimistic about outcomes.",0,parliament pass landmark environmental protection bill stock index rose slightly european asian market negotiator signed bilateral agricultural tariff agreement resolving threemonth import dispute trading partner according official spokesperson negotiator remain optimistic outcome
321,"Federal Reserve announces interest rate hike to combat inflation. The Federal Reserve Board of Governors voted on Wednesday to raise the benchmark interest rate by a quarter point, citing persistent inflation pressures in core services and labor market tightness. According to the official spokesperson, negotiators remain optimistic about outcomes.",0,federal reserve announces interest rate hike combat inflation federal reserve board governor voted wednesday raise benchmark interest rate quarter point citing persistent inflation pressure core service labor market tightness according official spokesperson negotiator remain optimistic outcome
322,"Breaking: Major city's water supply poisoned, authorities hiding truth. Insiders caught this scandalous video on camera showing a prominent celebrity in a heated exchange that the media is trying to delete. Click here to watch before it gets taken down forever! Extra report details suggest that a secret organization is involved.",1,breaking major city water supply poisoned authority hiding truth insider caught scandalous video camera showing prominent celebrity heated exchange medium trying delete click watch get taken forever extra report detail suggest secret organization involved
323,CONSPIRACY: Landmark study proves the moon landing was filmed in Hollywood. Insiders caught this scandalous video on camera showing a prominent celebrity in a heated exchange that the media is trying to delete. Click here to watch before it gets taken down forever! Extra report details suggest that this could change everything.,1,conspiracy landmark study prof moon landing filmed hollywood insider caught scandalous video camera showing prominent celebrity heated exchange medium trying delete click watch get taken forever extra report detail suggest could change everything
324,"City council approves $50 million investment for public transit extension. Following three days of debate, lawmakers finalized a comprehensive regulation bill setting stricter carbon emission targets for heavy industry and allocating funds for regional reforestation initiatives. According to the official spokesperson, further evaluations are scheduled.",0,city council approves million investment public transit extension following three day debate lawmaker finalized comprehensive regulation bill setting stricter carbon emission target heavy industry allocating fund regional reforestation initiative according official spokesperson evaluation scheduled
325,"Secret society controls world bank, insider source reveals details. Local water distribution facilities detected high levels of dangerous chemicals, yet central administrations ordered operations to proceed normally to prevent mass panic before election seasons. Extra report details suggest that a secret organization is involved.",1,secret society control world bank insider source reveals detail local water distribution facility detected high level dangerous chemical yet central administration ordered operation proceed normally prevent mass panic election season extra report detail suggest secret organization involved
326,"National space agency launches new weather satellite into geostationary orbit. The metropolitan transit authority confirmed a long-term capital budget approval to construct three new light-rail stations, aiming to connect suburban sectors to the commercial district by next autumn. According to the official spokesperson, further evaluations are scheduled.",0,national space agency launch new weather satellite geostationary orbit metropolitan transit authority confirmed longterm capital budget approval construct three new lightrail station aiming connect suburban sector commercial district next autumn according official spokesperson evaluation scheduled
327,BREAKING: Alien spaceship spotted landing behind the White House! A secret whistleblower has leaked documents showing a massive cover-up by pharmaceutical giants who have possessed a full cure for cancer since 1995. Shares of major healthcare corporations are skyrocketing as politicians silent on public trials. Extra report details suggest that a secret organization is involved.,1,breaking alien spaceship spotted landing behind white house secret whistleblower leaked document showing massive coverup pharmaceutical giant possessed full cure cancer since share major healthcare corporation skyrocketing politician silent public trial extra report detail suggest secret organization involved
328,"Parliament passes landmark environmental protection bill. Epidemiological data released in the weekly surveillance report shows a fifteen percent drop in hospital admissions related to respiratory viruses, which health officials attribute to higher vaccination uptake. According to the official spokesperson, negotiators remain optimistic about outcomes.",0,parliament pass landmark environmental protection bill epidemiological data released weekly surveillance report show fifteen percent drop hospital admission related respiratory virus health official attribute higher vaccination uptake according official spokesperson negotiator remain optimistic outcome
329,SHOCKING SECRET: The government cure for cancer they hid from you! A localized plant extract when consumed with warm water acts as a cognitive booster and reverses cellular decay. Major food companies are buying farmland to monopolize the product. Extra report details suggest that a secret organization is involved.,1,shocking secret government cure cancer hid localized plant extract consumed warm water act cognitive booster revers cellular decay major food company buying farmland monopolize product extra report detail suggest secret organization involved
330,URGENT: Global elite planning immediate lockdown next Tuesday! An anonymous memo circulating within security agencies suggests a simulated crisis will be used to enforce emergency laws. Citizens are urged to store food and withdraw all physical cash immediately. Extra report details suggest that this could change everything.,1,urgent global elite planning immediate lockdown next tuesday anonymous memo circulating within security agency suggests simulated crisis used enforce emergency law citizen urged store food withdraw physical cash immediately extra report detail suggest could change everything
331,"Breaking: Major city's water supply poisoned, authorities hiding truth. Multiple eyewitnesses reported a metallic circular craft descending from the clouds, hovering over the lawn for three minutes before accelerating into orbit. NASA refuses to answer press queries, leading to speculation. Extra report details suggest that the media is actively censoring this.",1,breaking major city water supply poisoned authority hiding truth multiple eyewitness reported metallic circular craft descending cloud hovering lawn three minute accelerating orbit nasa refuse answer press query leading speculation extra report detail suggest medium actively censoring
332,Shocking video shows politician taking massive bribes in public. An anonymous memo circulating within security agencies suggests a simulated crisis will be used to enforce emergency laws. Citizens are urged to store food and withdraw all physical cash immediately. Extra report details suggest that insiders are highly worried.,1,shocking video show politician taking massive bribe public anonymous memo circulating within security agency suggests simulated crisis used enforce emergency law citizen urged store food withdraw physical cash immediately extra report detail suggest insider highly worried
333,"BREAKING: Alien spaceship spotted landing behind the White House! Local water distribution facilities detected high levels of dangerous chemicals, yet central administrations ordered operations to proceed normally to prevent mass panic before election seasons. Extra report details suggest that a secret organization is involved.",1,breaking alien spaceship spotted landing behind white house local water distribution facility detected high level dangerous chemical yet central administration ordered operation proceed normally prevent mass panic election season extra report detail suggest secret organization involved
334,"New clinical study links regular exercise to improved cognitive health. The chief executive officer announced in a memorandum to staff that the corporation will consolidate redundant administrative roles to invest heavily in cloud infrastructure research divisions. According to the official spokesperson, the project is funded publicly.",0,new clinical study link regular exercise improved cognitive health chief executive officer announced memorandum staff corporation consolidate redundant administrative role invest heavily cloud infrastructure research division according official spokesperson project funded publicly
335,SHOCKING SECRET: The government cure for cancer they hid from you! Classified files released by a hacker group contain stage design prints and audio recordings proving the entire space race was simulated inside a high-security warehouse in Nevada to bankrupt foreign rivals. Extra report details suggest that a secret organization is involved.,1,shocking secret government cure cancer hid classified file released hacker group contain stage design print audio recording proving entire space race simulated inside highsecurity warehouse nevada bankrupt foreign rival extra report detail suggest secret organization involved
336,"Global trade markets stabilize following bilateral trade agreement. The metropolitan transit authority confirmed a long-term capital budget approval to construct three new light-rail stations, aiming to connect suburban sectors to the commercial district by next autumn. According to the official spokesperson, negotiators remain optimistic about outcomes.",0,global trade market stabilize following bilateral trade agreement metropolitan transit authority confirmed longterm capital budget approval construct three new lightrail station aiming connect suburban sector commercial district next autumn according official spokesperson negotiator remain optimistic outcome
337,BREAKING: Alien spaceship spotted landing behind the White House! An anonymous memo circulating within security agencies suggests a simulated crisis will be used to enforce emergency laws. Citizens are urged to store food and withdraw all physical cash immediately. Extra report details suggest that the media is actively censoring this.,1,breaking alien spaceship spotted landing behind white house anonymous memo circulating within security agency suggests simulated crisis used enforce emergency law citizen urged store food withdraw physical cash immediately extra report detail suggest medium actively censoring
338,"Tech conglomerate announces restructuring plan, affecting 5% of workforce. Epidemiological data released in the weekly surveillance report shows a fifteen percent drop in hospital admissions related to respiratory viruses, which health officials attribute to higher vaccination uptake. According to the official spokesperson, the policy will take effect next quarter.",0,tech conglomerate announces restructuring plan affecting workforce epidemiological data released weekly surveillance report show fifteen percent drop hospital admission related respiratory virus health official attribute higher vaccination uptake according official spokesperson policy take effect next quarter
339,"Secret society controls world bank, insider source reveals details. A localized plant extract when consumed with warm water acts as a cognitive booster and reverses cellular decay. Major food companies are buying farmland to monopolize the product. Extra report details suggest that insiders are highly worried.",1,secret society control world bank insider source reveals detail localized plant extract consumed warm water act cognitive booster revers cellular decay major food company buying farmland monopolize product extra report detail suggest insider highly worried
340,"Parliament passes landmark environmental protection bill. Stock indexes rose slightly in European and Asian markets after negotiators signed a bilateral agricultural tariff agreement, resolving a three-month import dispute between the trading partners. According to the official spokesperson, further evaluations are scheduled.",0,parliament pass landmark environmental protection bill stock index rose slightly european asian market negotiator signed bilateral agricultural tariff agreement resolving threemonth import dispute trading partner according official spokesperson evaluation scheduled
341,"Secret society controls world bank, insider source reveals details. This revolutionary organic capsule burns fat in your sleep without dieting. Clinical trials show individuals losing forty pounds in a week. Big Pharma is attempting to ban sales to protect insulin profit margins. Extra report details suggest that a secret organization is involved.",1,secret society control world bank insider source reveals detail revolutionary organic capsule burn fat sleep without dieting clinical trial show individual losing forty pound week big pharma attempting ban sale protect insulin profit margin extra report detail suggest secret organization involved
342,"Global trade markets stabilize following bilateral trade agreement. The Department of Energy approved a federal grant for engineering departments to prototype high-efficiency photovoltaic cells capable of generating power during low-solar winter conditions. According to the official spokesperson, the project is funded publicly.",0,global trade market stabilize following bilateral trade agreement department energy approved federal grant engineering department prototype highefficiency photovoltaic cell capable generating power lowsolar winter condition according official spokesperson project funded publicly
343,"Federal Reserve announces interest rate hike to combat inflation. Epidemiological data released in the weekly surveillance report shows a fifteen percent drop in hospital admissions related to respiratory viruses, which health officials attribute to higher vaccination uptake. According to the official spokesperson, the project is funded publicly.",0,federal reserve announces interest rate hike combat inflation epidemiological data released weekly surveillance report show fifteen percent drop hospital admission related respiratory virus health official attribute higher vaccination uptake according official spokesperson project funded publicly
344,"New clinical study links regular exercise to improved cognitive health. A heavy-lift rocket successfully placed the advanced meteorological spacecraft into orbit on Sunday, providing forecasters with real-time infrared scans of severe storm formations over the coast. According to the official spokesperson, negotiators remain optimistic about outcomes.",0,new clinical study link regular exercise improved cognitive health heavylift rocket successfully placed advanced meteorological spacecraft orbit sunday providing forecaster realtime infrared scan severe storm formation coast according official spokesperson negotiator remain optimistic outcome
345,"Secret society controls world bank, insider source reveals details. Classified files released by a hacker group contain stage design prints and audio recordings proving the entire space race was simulated inside a high-security warehouse in Nevada to bankrupt foreign rivals. Extra report details suggest that insiders are highly worried.",1,secret society control world bank insider source reveals detail classified file released hacker group contain stage design print audio recording proving entire space race simulated inside highsecurity warehouse nevada bankrupt foreign rival extra report detail suggest insider highly worried
346,"Federal Reserve announces interest rate hike to combat inflation. Epidemiological data released in the weekly surveillance report shows a fifteen percent drop in hospital admissions related to respiratory viruses, which health officials attribute to higher vaccination uptake. According to the official spokesperson, the policy will take effect next quarter.",0,federal reserve announces interest rate hike combat inflation epidemiological data released weekly surveillance report show fifteen percent drop hospital admission related respiratory virus health official attribute higher vaccination uptake according official spokesperson policy take effect next quarter
347,You won't believe what this Hollywood actor did last night! A secret whistleblower has leaked documents showing a massive cover-up by pharmaceutical giants who have possessed a full cure for cancer since 1995. Shares of major healthcare corporations are skyrocketing as politicians silent on public trials. Extra report details suggest that this could change everything.,1,wont believe hollywood actor last night secret whistleblower leaked document showing massive coverup pharmaceutical giant possessed full cure cancer since share major healthcare corporation skyrocketing politician silent public trial extra report detail suggest could change everything
348,"City council approves $50 million investment for public transit extension. The metropolitan transit authority confirmed a long-term capital budget approval to construct three new light-rail stations, aiming to connect suburban sectors to the commercial district by next autumn. According to the official spokesperson, the project is funded publicly.",0,city council approves million investment public transit extension metropolitan transit authority confirmed longterm capital budget approval construct three new lightrail station aiming connect suburban sector commercial district next autumn according official spokesperson project funded publicly
349,Doctors stunned by this simple $5 trick to reverse aging overnight! Leaked records from an offshore bank details transactions linking world leaders to a singular control board that meets annually in Switzerland to dictate inflation rates and trade wars. Extra report details suggest that this could change everything.,1,doctor stunned simple trick reverse aging overnight leaked record offshore bank detail transaction linking world leader singular control board meet annually switzerland dictate inflation rate trade war extra report detail suggest could change everything
350,"Breaking: Major city's water supply poisoned, authorities hiding truth. Multiple eyewitnesses reported a metallic circular craft descending from the clouds, hovering over the lawn for three minutes before accelerating into orbit. NASA refuses to answer press queries, leading to speculation. Extra report details suggest that a secret organization is involved.",1,breaking major city water supply poisoned authority hiding truth multiple eyewitness reported metallic circular craft descending cloud hovering lawn three minute accelerating orbit nasa refuse answer press query leading speculation extra report detail suggest secret organization involved
351,Doctors stunned by this simple $5 trick to reverse aging overnight! A localized plant extract when consumed with warm water acts as a cognitive booster and reverses cellular decay. Major food companies are buying farmland to monopolize the product. Extra report details suggest that insiders are highly worried.,1,doctor stunned simple trick reverse aging overnight localized plant extract consumed warm water act cognitive booster revers cellular decay major food company buying farmland monopolize product extra report detail suggest insider highly worried
352,"You won't believe what this Hollywood actor did last night! Local water distribution facilities detected high levels of dangerous chemicals, yet central administrations ordered operations to proceed normally to prevent mass panic before election seasons. Extra report details suggest that insiders are highly worried.",1,wont believe hollywood actor last night local water distribution facility detected high level dangerous chemical yet central administration ordered operation proceed normally prevent mass panic election season extra report detail suggest insider highly worried
353,Shocking video shows politician taking massive bribes in public. Insiders caught this scandalous video on camera showing a prominent celebrity in a heated exchange that the media is trying to delete. Click here to watch before it gets taken down forever! Extra report details suggest that this could change everything.,1,shocking video show politician taking massive bribe public insider caught scandalous video camera showing prominent celebrity heated exchange medium trying delete click watch get taken forever extra report detail suggest could change everything
354,CONSPIRACY: Landmark study proves the moon landing was filmed in Hollywood. This revolutionary organic capsule burns fat in your sleep without dieting. Clinical trials show individuals losing forty pounds in a week. Big Pharma is attempting to ban sales to protect insulin profit margins. Extra report details suggest that insiders are highly worried.,1,conspiracy landmark study prof moon landing filmed hollywood revolutionary organic capsule burn fat sleep without dieting clinical trial show individual losing forty pound week big pharma attempting ban sale protect insulin profit margin extra report detail suggest insider highly worried
355,"Breaking: Major city's water supply poisoned, authorities hiding truth. Local water distribution facilities detected high levels of dangerous chemicals, yet central administrations ordered operations to proceed normally to prevent mass panic before election seasons. Extra report details suggest that this could change everything.",1,breaking major city water supply poisoned authority hiding truth local water distribution facility detected high level dangerous chemical yet central administration ordered operation proceed normally prevent mass panic election season extra report detail suggest could change everything
356,Miracle weight loss pill doctors don't want you to know about! CCTV footage obtained by our network captures a high-ranking official stuffed envelope with cash from a shell corporation representative in exchange for state construction approvals. Extra report details suggest that the media is actively censoring this.,1,miracle weight loss pill doctor dont want know cctv footage obtained network capture highranking official stuffed envelope cash shell corporation representative exchange state construction approval extra report detail suggest medium actively censoring
357,BREAKING: Alien spaceship spotted landing behind the White House! An anonymous memo circulating within security agencies suggests a simulated crisis will be used to enforce emergency laws. Citizens are urged to store food and withdraw all physical cash immediately. Extra report details suggest that the media is actively censoring this.,1,breaking alien spaceship spotted landing behind white house anonymous memo circulating within security agency suggests simulated crisis used enforce emergency law citizen urged store food withdraw physical cash immediately extra report detail suggest medium actively censoring
358,"National space agency launches new weather satellite into geostationary orbit. The Federal Reserve Board of Governors voted on Wednesday to raise the benchmark interest rate by a quarter point, citing persistent inflation pressures in core services and labor market tightness. According to the official spokesperson, further evaluations are scheduled.",0,national space agency launch new weather satellite geostationary orbit federal reserve board governor voted wednesday raise benchmark interest rate quarter point citing persistent inflation pressure core service labor market tightness according official spokesperson evaluation scheduled
359,"Miracle weight loss pill doctors don't want you to know about! Local water distribution facilities detected high levels of dangerous chemicals, yet central administrations ordered operations to proceed normally to prevent mass panic before election seasons. Extra report details suggest that the media is actively censoring this.",1,miracle weight loss pill doctor dont want know local water distribution facility detected high level dangerous chemical yet central administration ordered operation proceed normally prevent mass panic election season extra report detail suggest medium actively censoring
360,Shocking video shows politician taking massive bribes in public. CCTV footage obtained by our network captures a high-ranking official stuffed envelope with cash from a shell corporation representative in exchange for state construction approvals. Extra report details suggest that the media is actively censoring this.,1,shocking video show politician taking massive bribe public cctv footage obtained network capture highranking official stuffed envelope cash shell corporation representative exchange state construction approval extra report detail suggest medium actively censoring
361,SHOCKING SECRET: The government cure for cancer they hid from you! Leaked records from an offshore bank details transactions linking world leaders to a singular control board that meets annually in Switzerland to dictate inflation rates and trade wars. Extra report details suggest that a secret organization is involved.,1,shocking secret government cure cancer hid leaked record offshore bank detail transaction linking world leader singular control board meet annually switzerland dictate inflation rate trade war extra report detail suggest secret organization involved
362,BREAKING: Alien spaceship spotted landing behind the White House! CCTV footage obtained by our network captures a high-ranking official stuffed envelope with cash from a shell corporation representative in exchange for state construction approvals. Extra report details suggest that insiders are highly worried.,1,breaking alien spaceship spotted landing behind white house cctv footage obtained network capture highranking official stuffed envelope cash shell corporation representative exchange state construction approval extra report detail suggest insider highly worried
363,"National space agency launches new weather satellite into geostationary orbit. Stock indexes rose slightly in European and Asian markets after negotiators signed a bilateral agricultural tariff agreement, resolving a three-month import dispute between the trading partners. According to the official spokesperson, further evaluations are scheduled.",0,national space agency launch new weather satellite geostationary orbit stock index rose slightly european asian market negotiator signed bilateral agricultural tariff agreement resolving threemonth import dispute trading partner according official spokesperson evaluation scheduled
364,"State university receives major research grant for renewable energy projects. The Federal Reserve Board of Governors voted on Wednesday to raise the benchmark interest rate by a quarter point, citing persistent inflation pressures in core services and labor market tightness. According to the official spokesperson, the project is funded publicly.",0,state university receives major research grant renewable energy project federal reserve board governor voted wednesday raise benchmark interest rate quarter point citing persistent inflation pressure core service labor market tightness according official spokesperson project funded publicly
365,"State university receives major research grant for renewable energy projects. An oceanographic research vessel initiated a two-month mapping mission in the Pacific, utilizing multi-beam sonar arrays to document topographical features of deep oceanic valleys. According to the official spokesperson, further evaluations are scheduled.",0,state university receives major research grant renewable energy project oceanographic research vessel initiated twomonth mapping mission pacific utilizing multibeam sonar array document topographical feature deep oceanic valley according official spokesperson evaluation scheduled
366,You won't believe what this Hollywood actor did last night! Classified files released by a hacker group contain stage design prints and audio recordings proving the entire space race was simulated inside a high-security warehouse in Nevada to bankrupt foreign rivals. Extra report details suggest that this could change everything.,1,wont believe hollywood actor last night classified file released hacker group contain stage design print audio recording proving entire space race simulated inside highsecurity warehouse nevada bankrupt foreign rival extra report detail suggest could change everything
367,"Global trade markets stabilize following bilateral trade agreement. A heavy-lift rocket successfully placed the advanced meteorological spacecraft into orbit on Sunday, providing forecasters with real-time infrared scans of severe storm formations over the coast. According to the official spokesperson, the project is funded publicly.",0,global trade market stabilize following bilateral trade agreement heavylift rocket successfully placed advanced meteorological spacecraft orbit sunday providing forecaster realtime infrared scan severe storm formation coast according official spokesperson project funded publicly
368,"Local health department reports decline in seasonal influenza cases. Researchers at the National Institute of Health published findings in the Journal of Medicine indicating adults who engage in moderate cardiovascular activity three times a week show higher neuron densities. According to the official spokesperson, the project is funded publicly.",0,local health department report decline seasonal influenza case researcher national institute health published finding journal medicine indicating adult engage moderate cardiovascular activity three time week show higher neuron density according official spokesperson project funded publicly
369,"National space agency launches new weather satellite into geostationary orbit. Following three days of debate, lawmakers finalized a comprehensive regulation bill setting stricter carbon emission targets for heavy industry and allocating funds for regional reforestation initiatives. According to the official spokesperson, further evaluations are scheduled.",0,national space agency launch new weather satellite geostationary orbit following three day debate lawmaker finalized comprehensive regulation bill setting stricter carbon emission target heavy industry allocating fund regional reforestation initiative according official spokesperson evaluation scheduled
370,"Breaking: Major city's water supply poisoned, authorities hiding truth. A localized plant extract when consumed with warm water acts as a cognitive booster and reverses cellular decay. Major food companies are buying farmland to monopolize the product. Extra report details suggest that the media is actively censoring this.",1,breaking major city water supply poisoned authority hiding truth localized plant extract consumed warm water act cognitive booster revers cellular decay major food company buying farmland monopolize product extra report detail suggest medium actively censoring
371,"Local health department reports decline in seasonal influenza cases. The Federal Reserve Board of Governors voted on Wednesday to raise the benchmark interest rate by a quarter point, citing persistent inflation pressures in core services and labor market tightness. According to the official spokesperson, the project is funded publicly.",0,local health department report decline seasonal influenza case federal reserve board governor voted wednesday raise benchmark interest rate quarter point citing persistent inflation pressure core service labor market tightness according official spokesperson project funded publicly
372,"New clinical study links regular exercise to improved cognitive health. The metropolitan transit authority confirmed a long-term capital budget approval to construct three new light-rail stations, aiming to connect suburban sectors to the commercial district by next autumn. According to the official spokesperson, further evaluations are scheduled.",0,new clinical study link regular exercise improved cognitive health metropolitan transit authority confirmed longterm capital budget approval construct three new lightrail station aiming connect suburban sector commercial district next autumn according official spokesperson evaluation scheduled
373,BREAKING: Alien spaceship spotted landing behind the White House! CCTV footage obtained by our network captures a high-ranking official stuffed envelope with cash from a shell corporation representative in exchange for state construction approvals. Extra report details suggest that this could change everything.,1,breaking alien spaceship spotted landing behind white house cctv footage obtained network capture highranking official stuffed envelope cash shell corporation representative exchange state construction approval extra report detail suggest could change everything
374,"Secret society controls world bank, insider source reveals details. Insiders caught this scandalous video on camera showing a prominent celebrity in a heated exchange that the media is trying to delete. Click here to watch before it gets taken down forever! Extra report details suggest that this could change everything.",1,secret society control world bank insider source reveals detail insider caught scandalous video camera showing prominent celebrity heated exchange medium trying delete click watch get taken forever extra report detail suggest could change everything
375,Shocking video shows politician taking massive bribes in public. Insiders caught this scandalous video on camera showing a prominent celebrity in a heated exchange that the media is trying to delete. Click here to watch before it gets taken down forever! Extra report details suggest that the media is actively censoring this.,1,shocking video show politician taking massive bribe public insider caught scandalous video camera showing prominent celebrity heated exchange medium trying delete click watch get taken forever extra report detail suggest medium actively censoring
376,"New clinical study links regular exercise to improved cognitive health. Researchers at the National Institute of Health published findings in the Journal of Medicine indicating adults who engage in moderate cardiovascular activity three times a week show higher neuron densities. According to the official spokesperson, negotiators remain optimistic about outcomes.",0,new clinical study link regular exercise improved cognitive health researcher national institute health published finding journal medicine indicating adult engage moderate cardiovascular activity three time week show higher neuron density according official spokesperson negotiator remain optimistic outcome
377,BREAKING: Alien spaceship spotted landing behind the White House! A localized plant extract when consumed with warm water acts as a cognitive booster and reverses cellular decay. Major food companies are buying farmland to monopolize the product. Extra report details suggest that insiders are highly worried.,1,breaking alien spaceship spotted landing behind white house localized plant extract consumed warm water act cognitive booster revers cellular decay major food company buying farmland monopolize product extra report detail suggest insider highly worried
378,"New clinical study links regular exercise to improved cognitive health. Epidemiological data released in the weekly surveillance report shows a fifteen percent drop in hospital admissions related to respiratory viruses, which health officials attribute to higher vaccination uptake. According to the official spokesperson, the policy will take effect next quarter.",0,new clinical study link regular exercise improved cognitive health epidemiological data released weekly surveillance report show fifteen percent drop hospital admission related respiratory virus health official attribute higher vaccination uptake according official spokesperson policy take effect next quarter
379,URGENT: Global elite planning immediate lockdown next Tuesday! Classified files released by a hacker group contain stage design prints and audio recordings proving the entire space race was simulated inside a high-security warehouse in Nevada to bankrupt foreign rivals. Extra report details suggest that insiders are highly worried.,1,urgent global elite planning immediate lockdown next tuesday classified file released hacker group contain stage design print audio recording proving entire space race simulated inside highsecurity warehouse nevada bankrupt foreign rival extra report detail suggest insider highly worried
380,"State university receives major research grant for renewable energy projects. Stock indexes rose slightly in European and Asian markets after negotiators signed a bilateral agricultural tariff agreement, resolving a three-month import dispute between the trading partners. According to the official spokesperson, negotiators remain optimistic about outcomes.",0,state university receives major research grant renewable energy project stock index rose slightly european asian market negotiator signed bilateral agricultural tariff agreement resolving threemonth import dispute trading partner according official spokesperson negotiator remain optimistic outcome
381,"Global trade markets stabilize following bilateral trade agreement. A heavy-lift rocket successfully placed the advanced meteorological spacecraft into orbit on Sunday, providing forecasters with real-time infrared scans of severe storm formations over the coast. According to the official spokesperson, the policy will take effect next quarter.",0,global trade market stabilize following bilateral trade agreement heavylift rocket successfully placed advanced meteorological spacecraft orbit sunday providing forecaster realtime infrared scan severe storm formation coast according official spokesperson policy take effect next quarter
382,"Breaking: Major city's water supply poisoned, authorities hiding truth. A localized plant extract when consumed with warm water acts as a cognitive booster and reverses cellular decay. Major food companies are buying farmland to monopolize the product. Extra report details suggest that a secret organization is involved.",1,breaking major city water supply poisoned authority hiding truth localized plant extract consumed warm water act cognitive booster revers cellular decay major food company buying farmland monopolize product extra report detail suggest secret organization involved
383,"National space agency launches new weather satellite into geostationary orbit. Epidemiological data released in the weekly surveillance report shows a fifteen percent drop in hospital admissions related to respiratory viruses, which health officials attribute to higher vaccination uptake. According to the official spokesperson, negotiators remain optimistic about outcomes.",0,national space agency launch new weather satellite geostationary orbit epidemiological data released weekly surveillance report show fifteen percent drop hospital admission related respiratory virus health official attribute higher vaccination uptake according official spokesperson negotiator remain optimistic outcome
384,"New clinical study links regular exercise to improved cognitive health. Epidemiological data released in the weekly surveillance report shows a fifteen percent drop in hospital admissions related to respiratory viruses, which health officials attribute to higher vaccination uptake. According to the official spokesperson, further evaluations are scheduled.",0,new clinical study link regular exercise improved cognitive health epidemiological data released weekly surveillance report show fifteen percent drop hospital admission related respiratory virus health official attribute higher vaccination uptake according official spokesperson evaluation scheduled
385,"Local health department reports decline in seasonal influenza cases. A heavy-lift rocket successfully placed the advanced meteorological spacecraft into orbit on Sunday, providing forecasters with real-time infrared scans of severe storm formations over the coast. According to the official spokesperson, further evaluations are scheduled.",0,local health department report decline seasonal influenza case heavylift rocket successfully placed advanced meteorological spacecraft orbit sunday providing forecaster realtime infrared scan severe storm formation coast according official spokesperson evaluation scheduled
386,URGENT: Global elite planning immediate lockdown next Tuesday! CCTV footage obtained by our network captures a high-ranking official stuffed envelope with cash from a shell corporation representative in exchange for state construction approvals. Extra report details suggest that the media is actively censoring this.,1,urgent global elite planning immediate lockdown next tuesday cctv footage obtained network capture highranking official stuffed envelope cash shell corporation representative exchange state construction approval extra report detail suggest medium actively censoring
387,"Scientists deploy deep-sea submersibles to map unexplored trenches. The chief executive officer announced in a memorandum to staff that the corporation will consolidate redundant administrative roles to invest heavily in cloud infrastructure research divisions. According to the official spokesperson, further evaluations are scheduled.",0,scientist deploy deepsea submersible map unexplored trench chief executive officer announced memorandum staff corporation consolidate redundant administrative role invest heavily cloud infrastructure research division according official spokesperson evaluation scheduled
388,"BREAKING: Alien spaceship spotted landing behind the White House! Multiple eyewitnesses reported a metallic circular craft descending from the clouds, hovering over the lawn for three minutes before accelerating into orbit. NASA refuses to answer press queries, leading to speculation. Extra report details suggest that this could change everything.",1,breaking alien spaceship spotted landing behind white house multiple eyewitness reported metallic circular craft descending cloud hovering lawn three minute accelerating orbit nasa refuse answer press query leading speculation extra report detail suggest could change everything
389,"Federal Reserve announces interest rate hike to combat inflation. An oceanographic research vessel initiated a two-month mapping mission in the Pacific, utilizing multi-beam sonar arrays to document topographical features of deep oceanic valleys. According to the official spokesperson, the policy will take effect next quarter.",0,federal reserve announces interest rate hike combat inflation oceanographic research vessel initiated twomonth mapping mission pacific utilizing multibeam sonar array document topographical feature deep oceanic valley according official spokesperson policy take effect next quarter
390,"New clinical study links regular exercise to improved cognitive health. The chief executive officer announced in a memorandum to staff that the corporation will consolidate redundant administrative roles to invest heavily in cloud infrastructure research divisions. According to the official spokesperson, the policy will take effect next quarter.",0,new clinical study link regular exercise improved cognitive health chief executive officer announced memorandum staff corporation consolidate redundant administrative role invest heavily cloud infrastructure research division according official spokesperson policy take effect next quarter
391,"Shocking video shows politician taking massive bribes in public. Multiple eyewitnesses reported a metallic circular craft descending from the clouds, hovering over the lawn for three minutes before accelerating into orbit. NASA refuses to answer press queries, leading to speculation. Extra report details suggest that a secret organization is involved.",1,shocking video show politician taking massive bribe public multiple eyewitness reported metallic circular craft descending cloud hovering lawn three minute accelerating orbit nasa refuse answer press query leading speculation extra report detail suggest secret organization involved
392,"City council approves $50 million investment for public transit extension. An oceanographic research vessel initiated a two-month mapping mission in the Pacific, utilizing multi-beam sonar arrays to document topographical features of deep oceanic valleys. According to the official spokesperson, the policy will take effect next quarter.",0,city council approves million investment public transit extension oceanographic research vessel initiated twomonth mapping mission pacific utilizing multibeam sonar array document topographical feature deep oceanic valley according official spokesperson policy take effect next quarter
393,URGENT: Global elite planning immediate lockdown next Tuesday! CCTV footage obtained by our network captures a high-ranking official stuffed envelope with cash from a shell corporation representative in exchange for state construction approvals. Extra report details suggest that this could change everything.,1,urgent global elite planning immediate lockdown next tuesday cctv footage obtained network capture highranking official stuffed envelope cash shell corporation representative exchange state construction approval extra report detail suggest could change everything
394,"Secret society controls world bank, insider source reveals details. Multiple eyewitnesses reported a metallic circular craft descending from the clouds, hovering over the lawn for three minutes before accelerating into orbit. NASA refuses to answer press queries, leading to speculation. Extra report details suggest that this could change everything.",1,secret society control world bank insider source reveals detail multiple eyewitness reported metallic circular craft descending cloud hovering lawn three minute accelerating orbit nasa refuse answer press query leading speculation extra report detail suggest could change everything
395,"Global trade markets stabilize following bilateral trade agreement. The Federal Reserve Board of Governors voted on Wednesday to raise the benchmark interest rate by a quarter point, citing persistent inflation pressures in core services and labor market tightness. According to the official spokesperson, the policy will take effect next quarter.",0,global trade market stabilize following bilateral trade agreement federal reserve board governor voted wednesday raise benchmark interest rate quarter point citing persistent inflation pressure core service labor market tightness according official spokesperson policy take effect next quarter
396,"Breaking: Major city's water supply poisoned, authorities hiding truth. This revolutionary organic capsule burns fat in your sleep without dieting. Clinical trials show individuals losing forty pounds in a week. Big Pharma is attempting to ban sales to protect insulin profit margins. Extra report details suggest that the media is actively censoring this.",1,breaking major city water supply poisoned authority hiding truth revolutionary organic capsule burn fat sleep without dieting clinical trial show individual losing forty pound week big pharma attempting ban sale protect insulin profit margin extra report detail suggest medium actively censoring
397,Doctors stunned by this simple $5 trick to reverse aging overnight! Classified files released by a hacker group contain stage design prints and audio recordings proving the entire space race was simulated inside a high-security warehouse in Nevada to bankrupt foreign rivals. Extra report details suggest that the media is actively censoring this.,1,doctor stunned simple trick reverse aging overnight classified file released hacker group contain stage design print audio recording proving entire space race simulated inside highsecurity warehouse nevada bankrupt foreign rival extra report detail suggest medium actively censoring
398,"Global trade markets stabilize following bilateral trade agreement. The Federal Reserve Board of Governors voted on Wednesday to raise the benchmark interest rate by a quarter point, citing persistent inflation pressures in core services and labor market tightness. According to the official spokesperson, the policy will take effect next quarter.",0,global trade market stabilize following bilateral trade agreement federal reserve board governor voted wednesday raise benchmark interest rate quarter point citing persistent inflation pressure core service labor market tightness according official spokesperson policy take effect next quarter
399,URGENT: Global elite planning immediate lockdown next Tuesday! Classified files released by a hacker group contain stage design prints and audio recordings proving the entire space race was simulated inside a high-security warehouse in Nevada to bankrupt foreign rivals. Extra report details suggest that the media is actively censoring this.,1,urgent global elite planning immediate lockdown next tuesday classified file released hacker group contain stage design print audio recording proving entire space race simulated inside highsecurity warehouse nevada bankrupt foreign rival extra report detail suggest medium actively censoring
400,"Secret society controls world bank, insider source reveals details. Multiple eyewitnesses reported a metallic circular craft descending from the clouds, hovering over the lawn for three minutes before accelerating into orbit. NASA refuses to answer press queries, leading to speculation. Extra report details suggest that the media is actively censoring this.",1,secret society control world bank insider source reveals detail multiple eyewitness reported metallic circular craft descending cloud hovering lawn three minute accelerating orbit nasa refuse answer press query leading speculation extra report detail suggest medium actively censoring
401,"Tech conglomerate announces restructuring plan, affecting 5% of workforce. The chief executive officer announced in a memorandum to staff that the corporation will consolidate redundant administrative roles to invest heavily in cloud infrastructure research divisions. According to the official spokesperson, the policy will take effect next quarter.",0,tech conglomerate announces restructuring plan affecting workforce chief executive officer announced memorandum staff corporation consolidate redundant administrative role invest heavily cloud infrastructure research division according official spokesperson policy take effect next quarter
402,CONSPIRACY: Landmark study proves the moon landing was filmed in Hollywood. Insiders caught this scandalous video on camera showing a prominent celebrity in a heated exchange that the media is trying to delete. Click here to watch before it gets taken down forever! Extra report details suggest that a secret organization is involved.,1,conspiracy landmark study prof moon landing filmed hollywood insider caught scandalous video camera showing prominent celebrity heated exchange medium trying delete click watch get taken forever extra report detail suggest secret organization involved
403,"Parliament passes landmark environmental protection bill. Epidemiological data released in the weekly surveillance report shows a fifteen percent drop in hospital admissions related to respiratory viruses, which health officials attribute to higher vaccination uptake. According to the official spokesperson, further evaluations are scheduled.",0,parliament pass landmark environmental protection bill epidemiological data released weekly surveillance report show fifteen percent drop hospital admission related respiratory virus health official attribute higher vaccination uptake according official spokesperson evaluation scheduled
404,You won't believe what this Hollywood actor did last night! Insiders caught this scandalous video on camera showing a prominent celebrity in a heated exchange that the media is trying to delete. Click here to watch before it gets taken down forever! Extra report details suggest that a secret organization is involved.,1,wont believe hollywood actor last night insider caught scandalous video camera showing prominent celebrity heated exchange medium trying delete click watch get taken forever extra report detail suggest secret organization involved
405,SHOCKING SECRET: The government cure for cancer they hid from you! A secret whistleblower has leaked documents showing a massive cover-up by pharmaceutical giants who have possessed a full cure for cancer since 1995. Shares of major healthcare corporations are skyrocketing as politicians silent on public trials. Extra report details suggest that a secret organization is involved.,1,shocking secret government cure cancer hid secret whistleblower leaked document showing massive coverup pharmaceutical giant possessed full cure cancer since share major healthcare corporation skyrocketing politician silent public trial extra report detail suggest secret organization involved
406,Miracle weight loss pill doctors don't want you to know about! Insiders caught this scandalous video on camera showing a prominent celebrity in a heated exchange that the media is trying to delete. Click here to watch before it gets taken down forever! Extra report details suggest that the media is actively censoring this.,1,miracle weight loss pill doctor dont want know insider caught scandalous video camera showing prominent celebrity heated exchange medium trying delete click watch get taken forever extra report detail suggest medium actively censoring
407,BREAKING: Alien spaceship spotted landing behind the White House! An anonymous memo circulating within security agencies suggests a simulated crisis will be used to enforce emergency laws. Citizens are urged to store food and withdraw all physical cash immediately. Extra report details suggest that insiders are highly worried.,1,breaking alien spaceship spotted landing behind white house anonymous memo circulating within security agency suggests simulated crisis used enforce emergency law citizen urged store food withdraw physical cash immediately extra report detail suggest insider highly worried
408,"Global trade markets stabilize following bilateral trade agreement. The Federal Reserve Board of Governors voted on Wednesday to raise the benchmark interest rate by a quarter point, citing persistent inflation pressures in core services and labor market tightness. According to the official spokesperson, the project is funded publicly.",0,global trade market stabilize following bilateral trade agreement federal reserve board governor voted wednesday raise benchmark interest rate quarter point citing persistent inflation pressure core service labor market tightness according official spokesperson project funded publicly
409,"Scientists deploy deep-sea submersibles to map unexplored trenches. The metropolitan transit authority confirmed a long-term capital budget approval to construct three new light-rail stations, aiming to connect suburban sectors to the commercial district by next autumn. According to the official spokesperson, the policy will take effect next quarter.",0,scientist deploy deepsea submersible map unexplored trench metropolitan transit authority confirmed longterm capital budget approval construct three new lightrail station aiming connect suburban sector commercial district next autumn according official spokesperson policy take effect next quarter
410,BREAKING: Alien spaceship spotted landing behind the White House! Classified files released by a hacker group contain stage design prints and audio recordings proving the entire space race was simulated inside a high-security warehouse in Nevada to bankrupt foreign rivals. Extra report details suggest that this could change everything.,1,breaking alien spaceship spotted landing behind white house classified file released hacker group contain stage design print audio recording proving entire space race simulated inside highsecurity warehouse nevada bankrupt foreign rival extra report detail suggest could change everything
411,CONSPIRACY: Landmark study proves the moon landing was filmed in Hollywood. An anonymous memo circulating within security agencies suggests a simulated crisis will be used to enforce emergency laws. Citizens are urged to store food and withdraw all physical cash immediately. Extra report details suggest that this could change everything.,1,conspiracy landmark study prof moon landing filmed hollywood anonymous memo circulating within security agency suggests simulated crisis used enforce emergency law citizen urged store food withdraw physical cash immediately extra report detail suggest could change everything
412,"State university receives major research grant for renewable energy projects. The Department of Energy approved a federal grant for engineering departments to prototype high-efficiency photovoltaic cells capable of generating power during low-solar winter conditions. According to the official spokesperson, the project is funded publicly.",0,state university receives major research grant renewable energy project department energy approved federal grant engineering department prototype highefficiency photovoltaic cell capable generating power lowsolar winter condition according official spokesperson project funded publicly
413,Shocking video shows politician taking massive bribes in public. Leaked records from an offshore bank details transactions linking world leaders to a singular control board that meets annually in Switzerland to dictate inflation rates and trade wars. Extra report details suggest that insiders are highly worried.,1,shocking video show politician taking massive bribe public leaked record offshore bank detail transaction linking world leader singular control board meet annually switzerland dictate inflation rate trade war extra report detail suggest insider highly worried
414,BREAKING: Alien spaceship spotted landing behind the White House! An anonymous memo circulating within security agencies suggests a simulated crisis will be used to enforce emergency laws. Citizens are urged to store food and withdraw all physical cash immediately. Extra report details suggest that insiders are highly worried.,1,breaking alien spaceship spotted landing behind white house anonymous memo circulating within security agency suggests simulated crisis used enforce emergency law citizen urged store food withdraw physical cash immediately extra report detail suggest insider highly worried
415,"New clinical study links regular exercise to improved cognitive health. Following three days of debate, lawmakers finalized a comprehensive regulation bill setting stricter carbon emission targets for heavy industry and allocating funds for regional reforestation initiatives. According to the official spokesperson, the project is funded publicly.",0,new clinical study link regular exercise improved cognitive health following three day debate lawmaker finalized comprehensive regulation bill setting stricter carbon emission target heavy industry allocating fund regional reforestation initiative according official spokesperson project funded publicly
416,Shocking video shows politician taking massive bribes in public. An anonymous memo circulating within security agencies suggests a simulated crisis will be used to enforce emergency laws. Citizens are urged to store food and withdraw all physical cash immediately. Extra report details suggest that the media is actively censoring this.,1,shocking video show politician taking massive bribe public anonymous memo circulating within security agency suggests simulated crisis used enforce emergency law citizen urged store food withdraw physical cash immediately extra report detail suggest medium actively censoring
417,"Tech conglomerate announces restructuring plan, affecting 5% of workforce. The metropolitan transit authority confirmed a long-term capital budget approval to construct three new light-rail stations, aiming to connect suburban sectors to the commercial district by next autumn. According to the official spokesperson, the project is funded publicly.",0,tech conglomerate announces restructuring plan affecting workforce metropolitan transit authority confirmed longterm capital budget approval construct three new lightrail station aiming connect suburban sector commercial district next autumn according official spokesperson project funded publicly
418,SHOCKING SECRET: The government cure for cancer they hid from you! An anonymous memo circulating within security agencies suggests a simulated crisis will be used to enforce emergency laws. Citizens are urged to store food and withdraw all physical cash immediately. Extra report details suggest that this could change everything.,1,shocking secret government cure cancer hid anonymous memo circulating within security agency suggests simulated crisis used enforce emergency law citizen urged store food withdraw physical cash immediately extra report detail suggest could change everything
419,"Breaking: Major city's water supply poisoned, authorities hiding truth. A secret whistleblower has leaked documents showing a massive cover-up by pharmaceutical giants who have possessed a full cure for cancer since 1995. Shares of major healthcare corporations are skyrocketing as politicians silent on public trials. Extra report details suggest that insiders are highly worried.",1,breaking major city water supply poisoned authority hiding truth secret whistleblower leaked document showing massive coverup pharmaceutical giant possessed full cure cancer since share major healthcare corporation skyrocketing politician silent public trial extra report detail suggest insider highly worried
420,Shocking video shows politician taking massive bribes in public. This revolutionary organic capsule burns fat in your sleep without dieting. Clinical trials show individuals losing forty pounds in a week. Big Pharma is attempting to ban sales to protect insulin profit margins. Extra report details suggest that a secret organization is involved.,1,shocking video show politician taking massive bribe public revolutionary organic capsule burn fat sleep without dieting clinical trial show individual losing forty pound week big pharma attempting ban sale protect insulin profit margin extra report detail suggest secret organization involved
421,"Breaking: Major city's water supply poisoned, authorities hiding truth. An anonymous memo circulating within security agencies suggests a simulated crisis will be used to enforce emergency laws. Citizens are urged to store food and withdraw all physical cash immediately. Extra report details suggest that the media is actively censoring this.",1,breaking major city water supply poisoned authority hiding truth anonymous memo circulating within security agency suggests simulated crisis used enforce emergency law citizen urged store food withdraw physical cash immediately extra report detail suggest medium actively censoring
422,"Tech conglomerate announces restructuring plan, affecting 5% of workforce. A heavy-lift rocket successfully placed the advanced meteorological spacecraft into orbit on Sunday, providing forecasters with real-time infrared scans of severe storm formations over the coast. According to the official spokesperson, negotiators remain optimistic about outcomes.",0,tech conglomerate announces restructuring plan affecting workforce heavylift rocket successfully placed advanced meteorological spacecraft orbit sunday providing forecaster realtime infrared scan severe storm formation coast according official spokesperson negotiator remain optimistic outcome
423,"New clinical study links regular exercise to improved cognitive health. The Federal Reserve Board of Governors voted on Wednesday to raise the benchmark interest rate by a quarter point, citing persistent inflation pressures in core services and labor market tightness. According to the official spokesperson, the project is funded publicly.",0,new clinical study link regular exercise improved cognitive health federal reserve board governor voted wednesday raise benchmark interest rate quarter point citing persistent inflation pressure core service labor market tightness according official spokesperson project funded publicly
424,You won't believe what this Hollywood actor did last night! This revolutionary organic capsule burns fat in your sleep without dieting. Clinical trials show individuals losing forty pounds in a week. Big Pharma is attempting to ban sales to protect insulin profit margins. Extra report details suggest that insiders are highly worried.,1,wont believe hollywood actor last night revolutionary organic capsule burn fat sleep without dieting clinical trial show individual losing forty pound week big pharma attempting ban sale protect insulin profit margin extra report detail suggest insider highly worried
425,"Miracle weight loss pill doctors don't want you to know about! Multiple eyewitnesses reported a metallic circular craft descending from the clouds, hovering over the lawn for three minutes before accelerating into orbit. NASA refuses to answer press queries, leading to speculation. Extra report details suggest that insiders are highly worried.",1,miracle weight loss pill doctor dont want know multiple eyewitness reported metallic circular craft descending cloud hovering lawn three minute accelerating orbit nasa refuse answer press query leading speculation extra report detail suggest insider highly worried
426,"Federal Reserve announces interest rate hike to combat inflation. Following three days of debate, lawmakers finalized a comprehensive regulation bill setting stricter carbon emission targets for heavy industry and allocating funds for regional reforestation initiatives. According to the official spokesperson, the project is funded publicly.",0,federal reserve announces interest rate hike combat inflation following three day debate lawmaker finalized comprehensive regulation bill setting stricter carbon emission target heavy industry allocating fund regional reforestation initiative according official spokesperson project funded publicly
427,"Federal Reserve announces interest rate hike to combat inflation. Epidemiological data released in the weekly surveillance report shows a fifteen percent drop in hospital admissions related to respiratory viruses, which health officials attribute to higher vaccination uptake. According to the official spokesperson, the project is funded publicly.",0,federal reserve announces interest rate hike combat inflation epidemiological data released weekly surveillance report show fifteen percent drop hospital admission related respiratory virus health official attribute higher vaccination uptake according official spokesperson project funded publicly
428,"New clinical study links regular exercise to improved cognitive health. The metropolitan transit authority confirmed a long-term capital budget approval to construct three new light-rail stations, aiming to connect suburban sectors to the commercial district by next autumn. According to the official spokesperson, further evaluations are scheduled.",0,new clinical study link regular exercise improved cognitive health metropolitan transit authority confirmed longterm capital budget approval construct three new lightrail station aiming connect suburban sector commercial district next autumn according official spokesperson evaluation scheduled
429,You won't believe what this Hollywood actor did last night! Classified files released by a hacker group contain stage design prints and audio recordings proving the entire space race was simulated inside a high-security warehouse in Nevada to bankrupt foreign rivals. Extra report details suggest that this could change everything.,1,wont believe hollywood actor last night classified file released hacker group contain stage design print audio recording proving entire space race simulated inside highsecurity warehouse nevada bankrupt foreign rival extra report detail suggest could change everything
430,"You won't believe what this Hollywood actor did last night! Local water distribution facilities detected high levels of dangerous chemicals, yet central administrations ordered operations to proceed normally to prevent mass panic before election seasons. Extra report details suggest that a secret organization is involved.",1,wont believe hollywood actor last night local water distribution facility detected high level dangerous chemical yet central administration ordered operation proceed normally prevent mass panic election season extra report detail suggest secret organization involved
431,"Miracle weight loss pill doctors don't want you to know about! Local water distribution facilities detected high levels of dangerous chemicals, yet central administrations ordered operations to proceed normally to prevent mass panic before election seasons. Extra report details suggest that insiders are highly worried.",1,miracle weight loss pill doctor dont want know local water distribution facility detected high level dangerous chemical yet central administration ordered operation proceed normally prevent mass panic election season extra report detail suggest insider highly worried
432,SHOCKING SECRET: The government cure for cancer they hid from you! A secret whistleblower has leaked documents showing a massive cover-up by pharmaceutical giants who have possessed a full cure for cancer since 1995. Shares of major healthcare corporations are skyrocketing as politicians silent on public trials. Extra report details suggest that insiders are highly worried.,1,shocking secret government cure cancer hid secret whistleblower leaked document showing massive coverup pharmaceutical giant possessed full cure cancer since share major healthcare corporation skyrocketing politician silent public trial extra report detail suggest insider highly worried
433,"Breaking: Major city's water supply poisoned, authorities hiding truth. Multiple eyewitnesses reported a metallic circular craft descending from the clouds, hovering over the lawn for three minutes before accelerating into orbit. NASA refuses to answer press queries, leading to speculation. Extra report details suggest that a secret organization is involved.",1,breaking major city water supply poisoned authority hiding truth multiple eyewitness reported metallic circular craft descending cloud hovering lawn three minute accelerating orbit nasa refuse answer press query leading speculation extra report detail suggest secret organization involved
434,You won't believe what this Hollywood actor did last night! Leaked records from an offshore bank details transactions linking world leaders to a singular control board that meets annually in Switzerland to dictate inflation rates and trade wars. Extra report details suggest that a secret organization is involved.,1,wont believe hollywood actor last night leaked record offshore bank detail transaction linking world leader singular control board meet annually switzerland dictate inflation rate trade war extra report detail suggest secret organization involved
435,BREAKING: Alien spaceship spotted landing behind the White House! Classified files released by a hacker group contain stage design prints and audio recordings proving the entire space race was simulated inside a high-security warehouse in Nevada to bankrupt foreign rivals. Extra report details suggest that a secret organization is involved.,1,breaking alien spaceship spotted landing behind white house classified file released hacker group contain stage design print audio recording proving entire space race simulated inside highsecurity warehouse nevada bankrupt foreign rival extra report detail suggest secret organization involved
436,"Breaking: Major city's water supply poisoned, authorities hiding truth. Classified files released by a hacker group contain stage design prints and audio recordings proving the entire space race was simulated inside a high-security warehouse in Nevada to bankrupt foreign rivals. Extra report details suggest that the media is actively censoring this.",1,breaking major city water supply poisoned authority hiding truth classified file released hacker group contain stage design print audio recording proving entire space race simulated inside highsecurity warehouse nevada bankrupt foreign rival extra report detail suggest medium actively censoring
437,CONSPIRACY: Landmark study proves the moon landing was filmed in Hollywood. Classified files released by a hacker group contain stage design prints and audio recordings proving the entire space race was simulated inside a high-security warehouse in Nevada to bankrupt foreign rivals. Extra report details suggest that insiders are highly worried.,1,conspiracy landmark study prof moon landing filmed hollywood classified file released hacker group contain stage design print audio recording proving entire space race simulated inside highsecurity warehouse nevada bankrupt foreign rival extra report detail suggest insider highly worried
438,"National space agency launches new weather satellite into geostationary orbit. The metropolitan transit authority confirmed a long-term capital budget approval to construct three new light-rail stations, aiming to connect suburban sectors to the commercial district by next autumn. According to the official spokesperson, further evaluations are scheduled.",0,national space agency launch new weather satellite geostationary orbit metropolitan transit authority confirmed longterm capital budget approval construct three new lightrail station aiming connect suburban sector commercial district next autumn according official spokesperson evaluation scheduled
439,URGENT: Global elite planning immediate lockdown next Tuesday! CCTV footage obtained by our network captures a high-ranking official stuffed envelope with cash from a shell corporation representative in exchange for state construction approvals. Extra report details suggest that this could change everything.,1,urgent global elite planning immediate lockdown next tuesday cctv footage obtained network capture highranking official stuffed envelope cash shell corporation representative exchange state construction approval extra report detail suggest could change everything
440,Shocking video shows politician taking massive bribes in public. An anonymous memo circulating within security agencies suggests a simulated crisis will be used to enforce emergency laws. Citizens are urged to store food and withdraw all physical cash immediately. Extra report details suggest that insiders are highly worried.,1,shocking video show politician taking massive bribe public anonymous memo circulating within security agency suggests simulated crisis used enforce emergency law citizen urged store food withdraw physical cash immediately extra report detail suggest insider highly worried
441,"New clinical study links regular exercise to improved cognitive health. Following three days of debate, lawmakers finalized a comprehensive regulation bill setting stricter carbon emission targets for heavy industry and allocating funds for regional reforestation initiatives. According to the official spokesperson, further evaluations are scheduled.",0,new clinical study link regular exercise improved cognitive health following three day debate lawmaker finalized comprehensive regulation bill setting stricter carbon emission target heavy industry allocating fund regional reforestation initiative according official spokesperson evaluation scheduled
442,"New clinical study links regular exercise to improved cognitive health. An oceanographic research vessel initiated a two-month mapping mission in the Pacific, utilizing multi-beam sonar arrays to document topographical features of deep oceanic valleys. According to the official spokesperson, further evaluations are scheduled.",0,new clinical study link regular exercise improved cognitive health oceanographic research vessel initiated twomonth mapping mission pacific utilizing multibeam sonar array document topographical feature deep oceanic valley according official spokesperson evaluation scheduled
443,"Scientists deploy deep-sea submersibles to map unexplored trenches. A heavy-lift rocket successfully placed the advanced meteorological spacecraft into orbit on Sunday, providing forecasters with real-time infrared scans of severe storm formations over the coast. According to the official spokesperson, the policy will take effect next quarter.",0,scientist deploy deepsea submersible map unexplored trench heavylift rocket successfully placed advanced meteorological spacecraft orbit sunday providing forecaster realtime infrared scan severe storm formation coast according official spokesperson policy take effect next quarter
444,"National space agency launches new weather satellite into geostationary orbit. Researchers at the National Institute of Health published findings in the Journal of Medicine indicating adults who engage in moderate cardiovascular activity three times a week show higher neuron densities. According to the official spokesperson, further evaluations are scheduled.",0,national space agency launch new weather satellite geostationary orbit researcher national institute health published finding journal medicine indicating adult engage moderate cardiovascular activity three time week show higher neuron density according official spokesperson evaluation scheduled
445,"Tech conglomerate announces restructuring plan, affecting 5% of workforce. An oceanographic research vessel initiated a two-month mapping mission in the Pacific, utilizing multi-beam sonar arrays to document topographical features of deep oceanic valleys. According to the official spokesperson, further evaluations are scheduled.",0,tech conglomerate announces restructuring plan affecting workforce oceanographic research vessel initiated twomonth mapping mission pacific utilizing multibeam sonar array document topographical feature deep oceanic valley according official spokesperson evaluation scheduled
446,"Tech conglomerate announces restructuring plan, affecting 5% of workforce. Researchers at the National Institute of Health published findings in the Journal of Medicine indicating adults who engage in moderate cardiovascular activity three times a week show higher neuron densities. According to the official spokesperson, the project is funded publicly.",0,tech conglomerate announces restructuring plan affecting workforce researcher national institute health published finding journal medicine indicating adult engage moderate cardiovascular activity three time week show higher neuron density according official spokesperson project funded publicly
447,"New clinical study links regular exercise to improved cognitive health. An oceanographic research vessel initiated a two-month mapping mission in the Pacific, utilizing multi-beam sonar arrays to document topographical features of deep oceanic valleys. According to the official spokesperson, the policy will take effect next quarter.",0,new clinical study link regular exercise improved cognitive health oceanographic research vessel initiated twomonth mapping mission pacific utilizing multibeam sonar array document topographical feature deep oceanic valley according official spokesperson policy take effect next quarter
448,"Local health department reports decline in seasonal influenza cases. The chief executive officer announced in a memorandum to staff that the corporation will consolidate redundant administrative roles to invest heavily in cloud infrastructure research divisions. According to the official spokesperson, the policy will take effect next quarter.",0,local health department report decline seasonal influenza case chief executive officer announced memorandum staff corporation consolidate redundant administrative role invest heavily cloud infrastructure research division according official spokesperson policy take effect next quarter
449,SHOCKING SECRET: The government cure for cancer they hid from you! A secret whistleblower has leaked documents showing a massive cover-up by pharmaceutical giants who have possessed a full cure for cancer since 1995. Shares of major healthcare corporations are skyrocketing as politicians silent on public trials. Extra report details suggest that insiders are highly worried.,1,shocking secret government cure cancer hid secret whistleblower leaked document showing massive coverup pharmaceutical giant possessed full cure cancer since share major healthcare corporation skyrocketing politician silent public trial extra report detail suggest insider highly worried
450,"New clinical study links regular exercise to improved cognitive health. The metropolitan transit authority confirmed a long-term capital budget approval to construct three new light-rail stations, aiming to connect suburban sectors to the commercial district by next autumn. According to the official spokesperson, further evaluations are scheduled.",0,new clinical study link regular exercise improved cognitive health metropolitan transit authority confirmed longterm capital budget approval construct three new lightrail station aiming connect suburban sector commercial district next autumn according official spokesperson evaluation scheduled
451,"State university receives major research grant for renewable energy projects. A heavy-lift rocket successfully placed the advanced meteorological spacecraft into orbit on Sunday, providing forecasters with real-time infrared scans of severe storm formations over the coast. According to the official spokesperson, the project is funded publicly.",0,state university receives major research grant renewable energy project heavylift rocket successfully placed advanced meteorological spacecraft orbit sunday providing forecaster realtime infrared scan severe storm formation coast according official spokesperson project funded publicly
452,You won't believe what this Hollywood actor did last night! Classified files released by a hacker group contain stage design prints and audio recordings proving the entire space race was simulated inside a high-security warehouse in Nevada to bankrupt foreign rivals. Extra report details suggest that a secret organization is involved.,1,wont believe hollywood actor last night classified file released hacker group contain stage design print audio recording proving entire space race simulated inside highsecurity warehouse nevada bankrupt foreign rival extra report detail suggest secret organization involved
453,"Tech conglomerate announces restructuring plan, affecting 5% of workforce. The Department of Energy approved a federal grant for engineering departments to prototype high-efficiency photovoltaic cells capable of generating power during low-solar winter conditions. According to the official spokesperson, negotiators remain optimistic about outcomes.",0,tech conglomerate announces restructuring plan affecting workforce department energy approved federal grant engineering department prototype highefficiency photovoltaic cell capable generating power lowsolar winter condition according official spokesperson negotiator remain optimistic outcome
454,"National space agency launches new weather satellite into geostationary orbit. The Federal Reserve Board of Governors voted on Wednesday to raise the benchmark interest rate by a quarter point, citing persistent inflation pressures in core services and labor market tightness. According to the official spokesperson, the policy will take effect next quarter.",0,national space agency launch new weather satellite geostationary orbit federal reserve board governor voted wednesday raise benchmark interest rate quarter point citing persistent inflation pressure core service labor market tightness according official spokesperson policy take effect next quarter
455,Doctors stunned by this simple $5 trick to reverse aging overnight! Leaked records from an offshore bank details transactions linking world leaders to a singular control board that meets annually in Switzerland to dictate inflation rates and trade wars. Extra report details suggest that a secret organization is involved.,1,doctor stunned simple trick reverse aging overnight leaked record offshore bank detail transaction linking world leader singular control board meet annually switzerland dictate inflation rate trade war extra report detail suggest secret organization involved
456,CONSPIRACY: Landmark study proves the moon landing was filmed in Hollywood. Leaked records from an offshore bank details transactions linking world leaders to a singular control board that meets annually in Switzerland to dictate inflation rates and trade wars. Extra report details suggest that a secret organization is involved.,1,conspiracy landmark study prof moon landing filmed hollywood leaked record offshore bank detail transaction linking world leader singular control board meet annually switzerland dictate inflation rate trade war extra report detail suggest secret organization involved
457,"Scientists deploy deep-sea submersibles to map unexplored trenches. Epidemiological data released in the weekly surveillance report shows a fifteen percent drop in hospital admissions related to respiratory viruses, which health officials attribute to higher vaccination uptake. According to the official spokesperson, further evaluations are scheduled.",0,scientist deploy deepsea submersible map unexplored trench epidemiological data released weekly surveillance report show fifteen percent drop hospital admission related respiratory virus health official attribute higher vaccination uptake according official spokesperson evaluation scheduled
458,"Scientists deploy deep-sea submersibles to map unexplored trenches. Stock indexes rose slightly in European and Asian markets after negotiators signed a bilateral agricultural tariff agreement, resolving a three-month import dispute between the trading partners. According to the official spokesperson, the policy will take effect next quarter.",0,scientist deploy deepsea submersible map unexplored trench stock index rose slightly european asian market negotiator signed bilateral agricultural tariff agreement resolving threemonth import dispute trading partner according official spokesperson policy take effect next quarter
459,CONSPIRACY: Landmark study proves the moon landing was filmed in Hollywood. An anonymous memo circulating within security agencies suggests a simulated crisis will be used to enforce emergency laws. Citizens are urged to store food and withdraw all physical cash immediately. Extra report details suggest that this could change everything.,1,conspiracy landmark study prof moon landing filmed hollywood anonymous memo circulating within security agency suggests simulated crisis used enforce emergency law citizen urged store food withdraw physical cash immediately extra report detail suggest could change everything
460,"Breaking: Major city's water supply poisoned, authorities hiding truth. Multiple eyewitnesses reported a metallic circular craft descending from the clouds, hovering over the lawn for three minutes before accelerating into orbit. NASA refuses to answer press queries, leading to speculation. Extra report details suggest that this could change everything.",1,breaking major city water supply poisoned authority hiding truth multiple eyewitness reported metallic circular craft descending cloud hovering lawn three minute accelerating orbit nasa refuse answer press query leading speculation extra report detail suggest could change everything
461,Doctors stunned by this simple $5 trick to reverse aging overnight! A secret whistleblower has leaked documents showing a massive cover-up by pharmaceutical giants who have possessed a full cure for cancer since 1995. Shares of major healthcare corporations are skyrocketing as politicians silent on public trials. Extra report details suggest that a secret organization is involved.,1,doctor stunned simple trick reverse aging overnight secret whistleblower leaked document showing massive coverup pharmaceutical giant possessed full cure cancer since share major healthcare corporation skyrocketing politician silent public trial extra report detail suggest secret organization involved
462,URGENT: Global elite planning immediate lockdown next Tuesday! Leaked records from an offshore bank details transactions linking world leaders to a singular control board that meets annually in Switzerland to dictate inflation rates and trade wars. Extra report details suggest that the media is actively censoring this.,1,urgent global elite planning immediate lockdown next tuesday leaked record offshore bank detail transaction linking world leader singular control board meet annually switzerland dictate inflation rate trade war extra report detail suggest medium actively censoring
463,You won't believe what this Hollywood actor did last night! Classified files released by a hacker group contain stage design prints and audio recordings proving the entire space race was simulated inside a high-security warehouse in Nevada to bankrupt foreign rivals. Extra report details suggest that a secret organization is involved.,1,wont believe hollywood actor last night classified file released hacker group contain stage design print audio recording proving entire space race simulated inside highsecurity warehouse nevada bankrupt foreign rival extra report detail suggest secret organization involved
464,"Tech conglomerate announces restructuring plan, affecting 5% of workforce. The metropolitan transit authority confirmed a long-term capital budget approval to construct three new light-rail stations, aiming to connect suburban sectors to the commercial district by next autumn. According to the official spokesperson, negotiators remain optimistic about outcomes.",0,tech conglomerate announces restructuring plan affecting workforce metropolitan transit authority confirmed longterm capital budget approval construct three new lightrail station aiming connect suburban sector commercial district next autumn according official spokesperson negotiator remain optimistic outcome
465,Doctors stunned by this simple $5 trick to reverse aging overnight! Leaked records from an offshore bank details transactions linking world leaders to a singular control board that meets annually in Switzerland to dictate inflation rates and trade wars. Extra report details suggest that a secret organization is involved.,1,doctor stunned simple trick reverse aging overnight leaked record offshore bank detail transaction linking world leader singular control board meet annually switzerland dictate inflation rate trade war extra report detail suggest secret organization involved
466,"Federal Reserve announces interest rate hike to combat inflation. Researchers at the National Institute of Health published findings in the Journal of Medicine indicating adults who engage in moderate cardiovascular activity three times a week show higher neuron densities. According to the official spokesperson, the project is funded publicly.",0,federal reserve announces interest rate hike combat inflation researcher national institute health published finding journal medicine indicating adult engage moderate cardiovascular activity three time week show higher neuron density according official spokesperson project funded publicly
467,"Breaking: Major city's water supply poisoned, authorities hiding truth. A localized plant extract when consumed with warm water acts as a cognitive booster and reverses cellular decay. Major food companies are buying farmland to monopolize the product. Extra report details suggest that a secret organization is involved.",1,breaking major city water supply poisoned authority hiding truth localized plant extract consumed warm water act cognitive booster revers cellular decay major food company buying farmland monopolize product extra report detail suggest secret organization involved
468,"Scientists deploy deep-sea submersibles to map unexplored trenches. An oceanographic research vessel initiated a two-month mapping mission in the Pacific, utilizing multi-beam sonar arrays to document topographical features of deep oceanic valleys. According to the official spokesperson, the policy will take effect next quarter.",0,scientist deploy deepsea submersible map unexplored trench oceanographic research vessel initiated twomonth mapping mission pacific utilizing multibeam sonar array document topographical feature deep oceanic valley according official spokesperson policy take effect next quarter
469,"City council approves $50 million investment for public transit extension. The chief executive officer announced in a memorandum to staff that the corporation will consolidate redundant administrative roles to invest heavily in cloud infrastructure research divisions. According to the official spokesperson, the project is funded publicly.",0,city council approves million investment public transit extension chief executive officer announced memorandum staff corporation consolidate redundant administrative role invest heavily cloud infrastructure research division according official spokesperson project funded publicly
470,"New clinical study links regular exercise to improved cognitive health. The chief executive officer announced in a memorandum to staff that the corporation will consolidate redundant administrative roles to invest heavily in cloud infrastructure research divisions. According to the official spokesperson, the project is funded publicly.",0,new clinical study link regular exercise improved cognitive health chief executive officer announced memorandum staff corporation consolidate redundant administrative role invest heavily cloud infrastructure research division according official spokesperson project funded publicly
471,"Local health department reports decline in seasonal influenza cases. The chief executive officer announced in a memorandum to staff that the corporation will consolidate redundant administrative roles to invest heavily in cloud infrastructure research divisions. According to the official spokesperson, negotiators remain optimistic about outcomes.",0,local health department report decline seasonal influenza case chief executive officer announced memorandum staff corporation consolidate redundant administrative role invest heavily cloud infrastructure research division according official spokesperson negotiator remain optimistic outcome
472,"Local health department reports decline in seasonal influenza cases. The Department of Energy approved a federal grant for engineering departments to prototype high-efficiency photovoltaic cells capable of generating power during low-solar winter conditions. According to the official spokesperson, further evaluations are scheduled.",0,local health department report decline seasonal influenza case department energy approved federal grant engineering department prototype highefficiency photovoltaic cell capable generating power lowsolar winter condition according official spokesperson evaluation scheduled
473,"Doctors stunned by this simple $5 trick to reverse aging overnight! Multiple eyewitnesses reported a metallic circular craft descending from the clouds, hovering over the lawn for three minutes before accelerating into orbit. NASA refuses to answer press queries, leading to speculation. Extra report details suggest that the media is actively censoring this.",1,doctor stunned simple trick reverse aging overnight multiple eyewitness reported metallic circular craft descending cloud hovering lawn three minute accelerating orbit nasa refuse answer press query leading speculation extra report detail suggest medium actively censoring
474,"Tech conglomerate announces restructuring plan, affecting 5% of workforce. An oceanographic research vessel initiated a two-month mapping mission in the Pacific, utilizing multi-beam sonar arrays to document topographical features of deep oceanic valleys. According to the official spokesperson, the policy will take effect next quarter.",0,tech conglomerate announces restructuring plan affecting workforce oceanographic research vessel initiated twomonth mapping mission pacific utilizing multibeam sonar array document topographical feature deep oceanic valley according official spokesperson policy take effect next quarter
475,"Breaking: Major city's water supply poisoned, authorities hiding truth. Multiple eyewitnesses reported a metallic circular craft descending from the clouds, hovering over the lawn for three minutes before accelerating into orbit. NASA refuses to answer press queries, leading to speculation. Extra report details suggest that this could change everything.",1,breaking major city water supply poisoned authority hiding truth multiple eyewitness reported metallic circular craft descending cloud hovering lawn three minute accelerating orbit nasa refuse answer press query leading speculation extra report detail suggest could change everything
476,SHOCKING SECRET: The government cure for cancer they hid from you! A secret whistleblower has leaked documents showing a massive cover-up by pharmaceutical giants who have possessed a full cure for cancer since 1995. Shares of major healthcare corporations are skyrocketing as politicians silent on public trials. Extra report details suggest that the media is actively censoring this.,1,shocking secret government cure cancer hid secret whistleblower leaked document showing massive coverup pharmaceutical giant possessed full cure cancer since share major healthcare corporation skyrocketing politician silent public trial extra report detail suggest medium actively censoring
477,URGENT: Global elite planning immediate lockdown next Tuesday! CCTV footage obtained by our network captures a high-ranking official stuffed envelope with cash from a shell corporation representative in exchange for state construction approvals. Extra report details suggest that a secret organization is involved.,1,urgent global elite planning immediate lockdown next tuesday cctv footage obtained network capture highranking official stuffed envelope cash shell corporation representative exchange state construction approval extra report detail suggest secret organization involved
478,"CONSPIRACY: Landmark study proves the moon landing was filmed in Hollywood. Local water distribution facilities detected high levels of dangerous chemicals, yet central administrations ordered operations to proceed normally to prevent mass panic before election seasons. Extra report details suggest that insiders are highly worried.",1,conspiracy landmark study prof moon landing filmed hollywood local water distribution facility detected high level dangerous chemical yet central administration ordered operation proceed normally prevent mass panic election season extra report detail suggest insider highly worried
479,SHOCKING SECRET: The government cure for cancer they hid from you! CCTV footage obtained by our network captures a high-ranking official stuffed envelope with cash from a shell corporation representative in exchange for state construction approvals. Extra report details suggest that this could change everything.,1,shocking secret government cure cancer hid cctv footage obtained network capture highranking official stuffed envelope cash shell corporation representative exchange state construction approval extra report detail suggest could change everything
480,"Local health department reports decline in seasonal influenza cases. The Federal Reserve Board of Governors voted on Wednesday to raise the benchmark interest rate by a quarter point, citing persistent inflation pressures in core services and labor market tightness. According to the official spokesperson, the policy will take effect next quarter.",0,local health department report decline seasonal influenza case federal reserve board governor voted wednesday raise benchmark interest rate quarter point citing persistent inflation pressure core service labor market tightness according official spokesperson policy take effect next quarter
481,You won't believe what this Hollywood actor did last night! This revolutionary organic capsule burns fat in your sleep without dieting. Clinical trials show individuals losing forty pounds in a week. Big Pharma is attempting to ban sales to protect insulin profit margins. Extra report details suggest that a secret organization is involved.,1,wont believe hollywood actor last night revolutionary organic capsule burn fat sleep without dieting clinical trial show individual losing forty pound week big pharma attempting ban sale protect insulin profit margin extra report detail suggest secret organization involved
482,URGENT: Global elite planning immediate lockdown next Tuesday! Insiders caught this scandalous video on camera showing a prominent celebrity in a heated exchange that the media is trying to delete. Click here to watch before it gets taken down forever! Extra report details suggest that this could change everything.,1,urgent global elite planning immediate lockdown next tuesday insider caught scandalous video camera showing prominent celebrity heated exchange medium trying delete click watch get taken forever extra report detail suggest could change everything
483,Doctors stunned by this simple $5 trick to reverse aging overnight! An anonymous memo circulating within security agencies suggests a simulated crisis will be used to enforce emergency laws. Citizens are urged to store food and withdraw all physical cash immediately. Extra report details suggest that insiders are highly worried.,1,doctor stunned simple trick reverse aging overnight anonymous memo circulating within security agency suggests simulated crisis used enforce emergency law citizen urged store food withdraw physical cash immediately extra report detail suggest insider highly worried
484,Miracle weight loss pill doctors don't want you to know about! A secret whistleblower has leaked documents showing a massive cover-up by pharmaceutical giants who have possessed a full cure for cancer since 1995. Shares of major healthcare corporations are skyrocketing as politicians silent on public trials. Extra report details suggest that a secret organization is involved.,1,miracle weight loss pill doctor dont want know secret whistleblower leaked document showing massive coverup pharmaceutical giant possessed full cure cancer since share major healthcare corporation skyrocketing politician silent public trial extra report detail suggest secret organization involved
485,BREAKING: Alien spaceship spotted landing behind the White House! Leaked records from an offshore bank details transactions linking world leaders to a singular control board that meets annually in Switzerland to dictate inflation rates and trade wars. Extra report details suggest that a secret organization is involved.,1,breaking alien spaceship spotted landing behind white house leaked record offshore bank detail transaction linking world leader singular control board meet annually switzerland dictate inflation rate trade war extra report detail suggest secret organization involved
486,"URGENT: Global elite planning immediate lockdown next Tuesday! Local water distribution facilities detected high levels of dangerous chemicals, yet central administrations ordered operations to proceed normally to prevent mass panic before election seasons. Extra report details suggest that this could change everything.",1,urgent global elite planning immediate lockdown next tuesday local water distribution facility detected high level dangerous chemical yet central administration ordered operation proceed normally prevent mass panic election season extra report detail suggest could change everything
487,"New clinical study links regular exercise to improved cognitive health. An oceanographic research vessel initiated a two-month mapping mission in the Pacific, utilizing multi-beam sonar arrays to document topographical features of deep oceanic valleys. According to the official spokesperson, the project is funded publicly.",0,new clinical study link regular exercise improved cognitive health oceanographic research vessel initiated twomonth mapping mission pacific utilizing multibeam sonar array document topographical feature deep oceanic valley according official spokesperson project funded publicly
488,BREAKING: Alien spaceship spotted landing behind the White House! A localized plant extract when consumed with warm water acts as a cognitive booster and reverses cellular decay. Major food companies are buying farmland to monopolize the product. Extra report details suggest that a secret organization is involved.,1,breaking alien spaceship spotted landing behind white house localized plant extract consumed warm water act cognitive booster revers cellular decay major food company buying farmland monopolize product extra report detail suggest secret organization involved
489,"Breaking: Major city's water supply poisoned, authorities hiding truth. Classified files released by a hacker group contain stage design prints and audio recordings proving the entire space race was simulated inside a high-security warehouse in Nevada to bankrupt foreign rivals. Extra report details suggest that the media is actively censoring this.",1,breaking major city water supply poisoned authority hiding truth classified file released hacker group contain stage design print audio recording proving entire space race simulated inside highsecurity warehouse nevada bankrupt foreign rival extra report detail suggest medium actively censoring
490,"State university receives major research grant for renewable energy projects. Stock indexes rose slightly in European and Asian markets after negotiators signed a bilateral agricultural tariff agreement, resolving a three-month import dispute between the trading partners. According to the official spokesperson, further evaluations are scheduled.",0,state university receives major research grant renewable energy project stock index rose slightly european asian market negotiator signed bilateral agricultural tariff agreement resolving threemonth import dispute trading partner according official spokesperson evaluation scheduled
491,Miracle weight loss pill doctors don't want you to know about! Insiders caught this scandalous video on camera showing a prominent celebrity in a heated exchange that the media is trying to delete. Click here to watch before it gets taken down forever! Extra report details suggest that insiders are highly worried.,1,miracle weight loss pill doctor dont want know insider caught scandalous video camera showing prominent celebrity heated exchange medium trying delete click watch get taken forever extra report detail suggest insider highly worried
492,"Secret society controls world bank, insider source reveals details. Insiders caught this scandalous video on camera showing a prominent celebrity in a heated exchange that the media is trying to delete. Click here to watch before it gets taken down forever! Extra report details suggest that this could change everything.",1,secret society control world bank insider source reveals detail insider caught scandalous video camera showing prominent celebrity heated exchange medium trying delete click watch get taken forever extra report detail suggest could change everything
493,Miracle weight loss pill doctors don't want you to know about! Classified files released by a hacker group contain stage design prints and audio recordings proving the entire space race was simulated inside a high-security warehouse in Nevada to bankrupt foreign rivals. Extra report details suggest that insiders are highly worried.,1,miracle weight loss pill doctor dont want know classified file released hacker group contain stage design print audio recording proving entire space race simulated inside highsecurity warehouse nevada bankrupt foreign rival extra report detail suggest insider highly worried
494,"Secret society controls world bank, insider source reveals details. This revolutionary organic capsule burns fat in your sleep without dieting. Clinical trials show individuals losing forty pounds in a week. Big Pharma is attempting to ban sales to protect insulin profit margins. Extra report details suggest that a secret organization is involved.",1,secret society control world bank insider source reveals detail revolutionary organic capsule burn fat sleep without dieting clinical trial show individual losing forty pound week big pharma attempting ban sale protect insulin profit margin extra report detail suggest secret organization involved
495,Doctors stunned by this simple $5 trick to reverse aging overnight! Classified files released by a hacker group contain stage design prints and audio recordings proving the entire space race was simulated inside a high-security warehouse in Nevada to bankrupt foreign rivals. Extra report details suggest that the media is actively censoring this.,1,doctor stunned simple trick reverse aging overnight classified file released hacker group contain stage design print audio recording proving entire space race simulated inside highsecurity warehouse nevada bankrupt foreign rival extra report detail suggest medium actively censoring
496,"Federal Reserve announces interest rate hike to combat inflation. The Department of Energy approved a federal grant for engineering departments to prototype high-efficiency photovoltaic cells capable of generating power during low-solar winter conditions. According to the official spokesperson, negotiators remain optimistic about outcomes.",0,federal reserve announces interest rate hike combat inflation department energy approved federal grant engineering department prototype highefficiency photovoltaic cell capable generating power lowsolar winter condition according official spokesperson negotiator remain optimistic outcome
497,"Tech conglomerate announces restructuring plan, affecting 5% of workforce. An oceanographic research vessel initiated a two-month mapping mission in the Pacific, utilizing multi-beam sonar arrays to document topographical features of deep oceanic valleys. According to the official spokesperson, further evaluations are scheduled.",0,tech conglomerate announces restructuring plan affecting workforce oceanographic research vessel initiated twomonth mapping mission pacific utilizing multibeam sonar array document topographical feature deep oceanic valley according official spokesperson evaluation scheduled
498,"City council approves $50 million investment for public transit extension. The chief executive officer announced in a memorandum to staff that the corporation will consolidate redundant administrative roles to invest heavily in cloud infrastructure research divisions. According to the official spokesperson, negotiators remain optimistic about outcomes.",0,city council approves million investment public transit extension chief executive officer announced memorandum staff corporation consolidate redundant administrative role invest heavily cloud infrastructure research division according official spokesperson negotiator remain optimistic outcome
499,"Parliament passes landmark environmental protection bill. Stock indexes rose slightly in European and Asian markets after negotiators signed a bilateral agricultural tariff agreement, resolving a three-month import dispute between the trading partners. According to the official spokesperson, negotiators remain optimistic about outcomes.",0,parliament pass landmark environmental protection bill stock index rose slightly european asian market negotiator signed bilateral agricultural tariff agreement resolving threemonth import dispute trading partner according official spokesperson negotiator remain optimistic outcome
500,"City council approves $50 million investment for public transit extension. The metropolitan transit authority confirmed a long-term capital budget approval to construct three new light-rail stations, aiming to connect suburban sectors to the commercial district by next autumn. According to the official spokesperson, the project is funded publicly.",0,city council approves million investment public transit extension metropolitan transit authority confirmed longterm capital budget approval construct three new lightrail station aiming connect suburban sector commercial district next autumn according official spokesperson project funded publicly
501,Miracle weight loss pill doctors don't want you to know about! Classified files released by a hacker group contain stage design prints and audio recordings proving the entire space race was simulated inside a high-security warehouse in Nevada to bankrupt foreign rivals. Extra report details suggest that a secret organization is involved.,1,miracle weight loss pill doctor dont want know classified file released hacker group contain stage design print audio recording proving entire space race simulated inside highsecurity warehouse nevada bankrupt foreign rival extra report detail suggest secret organization involved
502,Doctors stunned by this simple $5 trick to reverse aging overnight! Classified files released by a hacker group contain stage design prints and audio recordings proving the entire space race was simulated inside a high-security warehouse in Nevada to bankrupt foreign rivals. Extra report details suggest that insiders are highly worried.,1,doctor stunned simple trick reverse aging overnight classified file released hacker group contain stage design print audio recording proving entire space race simulated inside highsecurity warehouse nevada bankrupt foreign rival extra report detail suggest insider highly worried
503,"State university receives major research grant for renewable energy projects. The Department of Energy approved a federal grant for engineering departments to prototype high-efficiency photovoltaic cells capable of generating power during low-solar winter conditions. According to the official spokesperson, the project is funded publicly.",0,state university receives major research grant renewable energy project department energy approved federal grant engineering department prototype highefficiency photovoltaic cell capable generating power lowsolar winter condition according official spokesperson project funded publicly
504,"New clinical study links regular exercise to improved cognitive health. The Department of Energy approved a federal grant for engineering departments to prototype high-efficiency photovoltaic cells capable of generating power during low-solar winter conditions. According to the official spokesperson, the project is funded publicly.",0,new clinical study link regular exercise improved cognitive health department energy approved federal grant engineering department prototype highefficiency photovoltaic cell capable generating power lowsolar winter condition according official spokesperson project funded publicly
505,Shocking video shows politician taking massive bribes in public. CCTV footage obtained by our network captures a high-ranking official stuffed envelope with cash from a shell corporation representative in exchange for state construction approvals. Extra report details suggest that the media is actively censoring this.,1,shocking video show politician taking massive bribe public cctv footage obtained network capture highranking official stuffed envelope cash shell corporation representative exchange state construction approval extra report detail suggest medium actively censoring
506,Doctors stunned by this simple $5 trick to reverse aging overnight! Leaked records from an offshore bank details transactions linking world leaders to a singular control board that meets annually in Switzerland to dictate inflation rates and trade wars. Extra report details suggest that this could change everything.,1,doctor stunned simple trick reverse aging overnight leaked record offshore bank detail transaction linking world leader singular control board meet annually switzerland dictate inflation rate trade war extra report detail suggest could change everything
507,Miracle weight loss pill doctors don't want you to know about! A secret whistleblower has leaked documents showing a massive cover-up by pharmaceutical giants who have possessed a full cure for cancer since 1995. Shares of major healthcare corporations are skyrocketing as politicians silent on public trials. Extra report details suggest that the media is actively censoring this.,1,miracle weight loss pill doctor dont want know secret whistleblower leaked document showing massive coverup pharmaceutical giant possessed full cure cancer since share major healthcare corporation skyrocketing politician silent public trial extra report detail suggest medium actively censoring
508,BREAKING: Alien spaceship spotted landing behind the White House! A secret whistleblower has leaked documents showing a massive cover-up by pharmaceutical giants who have possessed a full cure for cancer since 1995. Shares of major healthcare corporations are skyrocketing as politicians silent on public trials. Extra report details suggest that a secret organization is involved.,1,breaking alien spaceship spotted landing behind white house secret whistleblower leaked document showing massive coverup pharmaceutical giant possessed full cure cancer since share major healthcare corporation skyrocketing politician silent public trial extra report detail suggest secret organization involved
509,URGENT: Global elite planning immediate lockdown next Tuesday! Classified files released by a hacker group contain stage design prints and audio recordings proving the entire space race was simulated inside a high-security warehouse in Nevada to bankrupt foreign rivals. Extra report details suggest that insiders are highly worried.,1,urgent global elite planning immediate lockdown next tuesday classified file released hacker group contain stage design print audio recording proving entire space race simulated inside highsecurity warehouse nevada bankrupt foreign rival extra report detail suggest insider highly worried
510,Shocking video shows politician taking massive bribes in public. CCTV footage obtained by our network captures a high-ranking official stuffed envelope with cash from a shell corporation representative in exchange for state construction approvals. Extra report details suggest that a secret organization is involved.,1,shocking video show politician taking massive bribe public cctv footage obtained network capture highranking official stuffed envelope cash shell corporation representative exchange state construction approval extra report detail suggest secret organization involved
511,"Global trade markets stabilize following bilateral trade agreement. The Federal Reserve Board of Governors voted on Wednesday to raise the benchmark interest rate by a quarter point, citing persistent inflation pressures in core services and labor market tightness. According to the official spokesperson, the project is funded publicly.",0,global trade market stabilize following bilateral trade agreement federal reserve board governor voted wednesday raise benchmark interest rate quarter point citing persistent inflation pressure core service labor market tightness according official spokesperson project funded publicly
512,Doctors stunned by this simple $5 trick to reverse aging overnight! A secret whistleblower has leaked documents showing a massive cover-up by pharmaceutical giants who have possessed a full cure for cancer since 1995. Shares of major healthcare corporations are skyrocketing as politicians silent on public trials. Extra report details suggest that this could change everything.,1,doctor stunned simple trick reverse aging overnight secret whistleblower leaked document showing massive coverup pharmaceutical giant possessed full cure cancer since share major healthcare corporation skyrocketing politician silent public trial extra report detail suggest could change everything
513,"Tech conglomerate announces restructuring plan, affecting 5% of workforce. The Federal Reserve Board of Governors voted on Wednesday to raise the benchmark interest rate by a quarter point, citing persistent inflation pressures in core services and labor market tightness. According to the official spokesperson, further evaluations are scheduled.",0,tech conglomerate announces restructuring plan affecting workforce federal reserve board governor voted wednesday raise benchmark interest rate quarter point citing persistent inflation pressure core service labor market tightness according official spokesperson evaluation scheduled
514,"City council approves $50 million investment for public transit extension. The Federal Reserve Board of Governors voted on Wednesday to raise the benchmark interest rate by a quarter point, citing persistent inflation pressures in core services and labor market tightness. According to the official spokesperson, the project is funded publicly.",0,city council approves million investment public transit extension federal reserve board governor voted wednesday raise benchmark interest rate quarter point citing persistent inflation pressure core service labor market tightness according official spokesperson project funded publicly
515,"Local health department reports decline in seasonal influenza cases. Epidemiological data released in the weekly surveillance report shows a fifteen percent drop in hospital admissions related to respiratory viruses, which health officials attribute to higher vaccination uptake. According to the official spokesperson, further evaluations are scheduled.",0,local health department report decline seasonal influenza case epidemiological data released weekly surveillance report show fifteen percent drop hospital admission related respiratory virus health official attribute higher vaccination uptake according official spokesperson evaluation scheduled
516,Shocking video shows politician taking massive bribes in public. Leaked records from an offshore bank details transactions linking world leaders to a singular control board that meets annually in Switzerland to dictate inflation rates and trade wars. Extra report details suggest that the media is actively censoring this.,1,shocking video show politician taking massive bribe public leaked record offshore bank detail transaction linking world leader singular control board meet annually switzerland dictate inflation rate trade war extra report detail suggest medium actively censoring
517,"BREAKING: Alien spaceship spotted landing behind the White House! Multiple eyewitnesses reported a metallic circular craft descending from the clouds, hovering over the lawn for three minutes before accelerating into orbit. NASA refuses to answer press queries, leading to speculation. Extra report details suggest that insiders are highly worried.",1,breaking alien spaceship spotted landing behind white house multiple eyewitness reported metallic circular craft descending cloud hovering lawn three minute accelerating orbit nasa refuse answer press query leading speculation extra report detail suggest insider highly worried
518,"Tech conglomerate announces restructuring plan, affecting 5% of workforce. Researchers at the National Institute of Health published findings in the Journal of Medicine indicating adults who engage in moderate cardiovascular activity three times a week show higher neuron densities. According to the official spokesperson, the project is funded publicly.",0,tech conglomerate announces restructuring plan affecting workforce researcher national institute health published finding journal medicine indicating adult engage moderate cardiovascular activity three time week show higher neuron density according official spokesperson project funded publicly
519,"BREAKING: Alien spaceship spotted landing behind the White House! Local water distribution facilities detected high levels of dangerous chemicals, yet central administrations ordered operations to proceed normally to prevent mass panic before election seasons. Extra report details suggest that this could change everything.",1,breaking alien spaceship spotted landing behind white house local water distribution facility detected high level dangerous chemical yet central administration ordered operation proceed normally prevent mass panic election season extra report detail suggest could change everything
520,Shocking video shows politician taking massive bribes in public. This revolutionary organic capsule burns fat in your sleep without dieting. Clinical trials show individuals losing forty pounds in a week. Big Pharma is attempting to ban sales to protect insulin profit margins. Extra report details suggest that this could change everything.,1,shocking video show politician taking massive bribe public revolutionary organic capsule burn fat sleep without dieting clinical trial show individual losing forty pound week big pharma attempting ban sale protect insulin profit margin extra report detail suggest could change everything
521,"Local health department reports decline in seasonal influenza cases. Researchers at the National Institute of Health published findings in the Journal of Medicine indicating adults who engage in moderate cardiovascular activity three times a week show higher neuron densities. According to the official spokesperson, negotiators remain optimistic about outcomes.",0,local health department report decline seasonal influenza case researcher national institute health published finding journal medicine indicating adult engage moderate cardiovascular activity three time week show higher neuron density according official spokesperson negotiator remain optimistic outcome
522,CONSPIRACY: Landmark study proves the moon landing was filmed in Hollywood. This revolutionary organic capsule burns fat in your sleep without dieting. Clinical trials show individuals losing forty pounds in a week. Big Pharma is attempting to ban sales to protect insulin profit margins. Extra report details suggest that a secret organization is involved.,1,conspiracy landmark study prof moon landing filmed hollywood revolutionary organic capsule burn fat sleep without dieting clinical trial show individual losing forty pound week big pharma attempting ban sale protect insulin profit margin extra report detail suggest secret organization involved
523,CONSPIRACY: Landmark study proves the moon landing was filmed in Hollywood. An anonymous memo circulating within security agencies suggests a simulated crisis will be used to enforce emergency laws. Citizens are urged to store food and withdraw all physical cash immediately. Extra report details suggest that insiders are highly worried.,1,conspiracy landmark study prof moon landing filmed hollywood anonymous memo circulating within security agency suggests simulated crisis used enforce emergency law citizen urged store food withdraw physical cash immediately extra report detail suggest insider highly worried
524,"Shocking video shows politician taking massive bribes in public. Multiple eyewitnesses reported a metallic circular craft descending from the clouds, hovering over the lawn for three minutes before accelerating into orbit. NASA refuses to answer press queries, leading to speculation. Extra report details suggest that this could change everything.",1,shocking video show politician taking massive bribe public multiple eyewitness reported metallic circular craft descending cloud hovering lawn three minute accelerating orbit nasa refuse answer press query leading speculation extra report detail suggest could change everything
525,"Scientists deploy deep-sea submersibles to map unexplored trenches. The Federal Reserve Board of Governors voted on Wednesday to raise the benchmark interest rate by a quarter point, citing persistent inflation pressures in core services and labor market tightness. According to the official spokesperson, negotiators remain optimistic about outcomes.",0,scientist deploy deepsea submersible map unexplored trench federal reserve board governor voted wednesday raise benchmark interest rate quarter point citing persistent inflation pressure core service labor market tightness according official spokesperson negotiator remain optimistic outcome
526,CONSPIRACY: Landmark study proves the moon landing was filmed in Hollywood. This revolutionary organic capsule burns fat in your sleep without dieting. Clinical trials show individuals losing forty pounds in a week. Big Pharma is attempting to ban sales to protect insulin profit margins. Extra report details suggest that the media is actively censoring this.,1,conspiracy landmark study prof moon landing filmed hollywood revolutionary organic capsule burn fat sleep without dieting clinical trial show individual losing forty pound week big pharma attempting ban sale protect insulin profit margin extra report detail suggest medium actively censoring
527,BREAKING: Alien spaceship spotted landing behind the White House! Insiders caught this scandalous video on camera showing a prominent celebrity in a heated exchange that the media is trying to delete. Click here to watch before it gets taken down forever! Extra report details suggest that a secret organization is involved.,1,breaking alien spaceship spotted landing behind white house insider caught scandalous video camera showing prominent celebrity heated exchange medium trying delete click watch get taken forever extra report detail suggest secret organization involved
528,"Scientists deploy deep-sea submersibles to map unexplored trenches. The metropolitan transit authority confirmed a long-term capital budget approval to construct three new light-rail stations, aiming to connect suburban sectors to the commercial district by next autumn. According to the official spokesperson, further evaluations are scheduled.",0,scientist deploy deepsea submersible map unexplored trench metropolitan transit authority confirmed longterm capital budget approval construct three new lightrail station aiming connect suburban sector commercial district next autumn according official spokesperson evaluation scheduled
529,SHOCKING SECRET: The government cure for cancer they hid from you! Classified files released by a hacker group contain stage design prints and audio recordings proving the entire space race was simulated inside a high-security warehouse in Nevada to bankrupt foreign rivals. Extra report details suggest that this could change everything.,1,shocking secret government cure cancer hid classified file released hacker group contain stage design print audio recording proving entire space race simulated inside highsecurity warehouse nevada bankrupt foreign rival extra report detail suggest could change everything
530,"City council approves $50 million investment for public transit extension. The Federal Reserve Board of Governors voted on Wednesday to raise the benchmark interest rate by a quarter point, citing persistent inflation pressures in core services and labor market tightness. According to the official spokesperson, the policy will take effect next quarter.",0,city council approves million investment public transit extension federal reserve board governor voted wednesday raise benchmark interest rate quarter point citing persistent inflation pressure core service labor market tightness according official spokesperson policy take effect next quarter
531,Doctors stunned by this simple $5 trick to reverse aging overnight! A secret whistleblower has leaked documents showing a massive cover-up by pharmaceutical giants who have possessed a full cure for cancer since 1995. Shares of major healthcare corporations are skyrocketing as politicians silent on public trials. Extra report details suggest that the media is actively censoring this.,1,doctor stunned simple trick reverse aging overnight secret whistleblower leaked document showing massive coverup pharmaceutical giant possessed full cure cancer since share major healthcare corporation skyrocketing politician silent public trial extra report detail suggest medium actively censoring
532,"CONSPIRACY: Landmark study proves the moon landing was filmed in Hollywood. Local water distribution facilities detected high levels of dangerous chemicals, yet central administrations ordered operations to proceed normally to prevent mass panic before election seasons. Extra report details suggest that this could change everything.",1,conspiracy landmark study prof moon landing filmed hollywood local water distribution facility detected high level dangerous chemical yet central administration ordered operation proceed normally prevent mass panic election season extra report detail suggest could change everything
533,"City council approves $50 million investment for public transit extension. The Department of Energy approved a federal grant for engineering departments to prototype high-efficiency photovoltaic cells capable of generating power during low-solar winter conditions. According to the official spokesperson, the policy will take effect next quarter.",0,city council approves million investment public transit extension department energy approved federal grant engineering department prototype highefficiency photovoltaic cell capable generating power lowsolar winter condition according official spokesperson policy take effect next quarter
534,Shocking video shows politician taking massive bribes in public. Classified files released by a hacker group contain stage design prints and audio recordings proving the entire space race was simulated inside a high-security warehouse in Nevada to bankrupt foreign rivals. Extra report details suggest that the media is actively censoring this.,1,shocking video show politician taking massive bribe public classified file released hacker group contain stage design print audio recording proving entire space race simulated inside highsecurity warehouse nevada bankrupt foreign rival extra report detail suggest medium actively censoring
535,"Scientists deploy deep-sea submersibles to map unexplored trenches. The chief executive officer announced in a memorandum to staff that the corporation will consolidate redundant administrative roles to invest heavily in cloud infrastructure research divisions. According to the official spokesperson, negotiators remain optimistic about outcomes.",0,scientist deploy deepsea submersible map unexplored trench chief executive officer announced memorandum staff corporation consolidate redundant administrative role invest heavily cloud infrastructure research division according official spokesperson negotiator remain optimistic outcome
536,You won't believe what this Hollywood actor did last night! An anonymous memo circulating within security agencies suggests a simulated crisis will be used to enforce emergency laws. Citizens are urged to store food and withdraw all physical cash immediately. Extra report details suggest that the media is actively censoring this.,1,wont believe hollywood actor last night anonymous memo circulating within security agency suggests simulated crisis used enforce emergency law citizen urged store food withdraw physical cash immediately extra report detail suggest medium actively censoring
537,"City council approves $50 million investment for public transit extension. The Federal Reserve Board of Governors voted on Wednesday to raise the benchmark interest rate by a quarter point, citing persistent inflation pressures in core services and labor market tightness. According to the official spokesperson, the project is funded publicly.",0,city council approves million investment public transit extension federal reserve board governor voted wednesday raise benchmark interest rate quarter point citing persistent inflation pressure core service labor market tightness according official spokesperson project funded publicly
538,"Breaking: Major city's water supply poisoned, authorities hiding truth. Multiple eyewitnesses reported a metallic circular craft descending from the clouds, hovering over the lawn for three minutes before accelerating into orbit. NASA refuses to answer press queries, leading to speculation. Extra report details suggest that a secret organization is involved.",1,breaking major city water supply poisoned authority hiding truth multiple eyewitness reported metallic circular craft descending cloud hovering lawn three minute accelerating orbit nasa refuse answer press query leading speculation extra report detail suggest secret organization involved
539,"Secret society controls world bank, insider source reveals details. Leaked records from an offshore bank details transactions linking world leaders to a singular control board that meets annually in Switzerland to dictate inflation rates and trade wars. Extra report details suggest that the media is actively censoring this.",1,secret society control world bank insider source reveals detail leaked record offshore bank detail transaction linking world leader singular control board meet annually switzerland dictate inflation rate trade war extra report detail suggest medium actively censoring
540,"Local health department reports decline in seasonal influenza cases. Stock indexes rose slightly in European and Asian markets after negotiators signed a bilateral agricultural tariff agreement, resolving a three-month import dispute between the trading partners. According to the official spokesperson, the policy will take effect next quarter.",0,local health department report decline seasonal influenza case stock index rose slightly european asian market negotiator signed bilateral agricultural tariff agreement resolving threemonth import dispute trading partner according official spokesperson policy take effect next quarter
541,Doctors stunned by this simple $5 trick to reverse aging overnight! CCTV footage obtained by our network captures a high-ranking official stuffed envelope with cash from a shell corporation representative in exchange for state construction approvals. Extra report details suggest that the media is actively censoring this.,1,doctor stunned simple trick reverse aging overnight cctv footage obtained network capture highranking official stuffed envelope cash shell corporation representative exchange state construction approval extra report detail suggest medium actively censoring
542,BREAKING: Alien spaceship spotted landing behind the White House! Leaked records from an offshore bank details transactions linking world leaders to a singular control board that meets annually in Switzerland to dictate inflation rates and trade wars. Extra report details suggest that a secret organization is involved.,1,breaking alien spaceship spotted landing behind white house leaked record offshore bank detail transaction linking world leader singular control board meet annually switzerland dictate inflation rate trade war extra report detail suggest secret organization involved
543,"Local health department reports decline in seasonal influenza cases. Epidemiological data released in the weekly surveillance report shows a fifteen percent drop in hospital admissions related to respiratory viruses, which health officials attribute to higher vaccination uptake. According to the official spokesperson, negotiators remain optimistic about outcomes.",0,local health department report decline seasonal influenza case epidemiological data released weekly surveillance report show fifteen percent drop hospital admission related respiratory virus health official attribute higher vaccination uptake according official spokesperson negotiator remain optimistic outcome
544,"Federal Reserve announces interest rate hike to combat inflation. An oceanographic research vessel initiated a two-month mapping mission in the Pacific, utilizing multi-beam sonar arrays to document topographical features of deep oceanic valleys. According to the official spokesperson, the policy will take effect next quarter.",0,federal reserve announces interest rate hike combat inflation oceanographic research vessel initiated twomonth mapping mission pacific utilizing multibeam sonar array document topographical feature deep oceanic valley according official spokesperson policy take effect next quarter
545,Shocking video shows politician taking massive bribes in public. Classified files released by a hacker group contain stage design prints and audio recordings proving the entire space race was simulated inside a high-security warehouse in Nevada to bankrupt foreign rivals. Extra report details suggest that the media is actively censoring this.,1,shocking video show politician taking massive bribe public classified file released hacker group contain stage design print audio recording proving entire space race simulated inside highsecurity warehouse nevada bankrupt foreign rival extra report detail suggest medium actively censoring
546,"Scientists deploy deep-sea submersibles to map unexplored trenches. A heavy-lift rocket successfully placed the advanced meteorological spacecraft into orbit on Sunday, providing forecasters with real-time infrared scans of severe storm formations over the coast. According to the official spokesperson, the project is funded publicly.",0,scientist deploy deepsea submersible map unexplored trench heavylift rocket successfully placed advanced meteorological spacecraft orbit sunday providing forecaster realtime infrared scan severe storm formation coast according official spokesperson project funded publicly
547,CONSPIRACY: Landmark study proves the moon landing was filmed in Hollywood. A secret whistleblower has leaked documents showing a massive cover-up by pharmaceutical giants who have possessed a full cure for cancer since 1995. Shares of major healthcare corporations are skyrocketing as politicians silent on public trials. Extra report details suggest that this could change everything.,1,conspiracy landmark study prof moon landing filmed hollywood secret whistleblower leaked document showing massive coverup pharmaceutical giant possessed full cure cancer since share major healthcare corporation skyrocketing politician silent public trial extra report detail suggest could change everything
548,You won't believe what this Hollywood actor did last night! Insiders caught this scandalous video on camera showing a prominent celebrity in a heated exchange that the media is trying to delete. Click here to watch before it gets taken down forever! Extra report details suggest that insiders are highly worried.,1,wont believe hollywood actor last night insider caught scandalous video camera showing prominent celebrity heated exchange medium trying delete click watch get taken forever extra report detail suggest insider highly worried
549,"Global trade markets stabilize following bilateral trade agreement. The metropolitan transit authority confirmed a long-term capital budget approval to construct three new light-rail stations, aiming to connect suburban sectors to the commercial district by next autumn. According to the official spokesperson, the project is funded publicly.",0,global trade market stabilize following bilateral trade agreement metropolitan transit authority confirmed longterm capital budget approval construct three new lightrail station aiming connect suburban sector commercial district next autumn according official spokesperson project funded publicly
550,URGENT: Global elite planning immediate lockdown next Tuesday! An anonymous memo circulating within security agencies suggests a simulated crisis will be used to enforce emergency laws. Citizens are urged to store food and withdraw all physical cash immediately. Extra report details suggest that the media is actively censoring this.,1,urgent global elite planning immediate lockdown next tuesday anonymous memo circulating within security agency suggests simulated crisis used enforce emergency law citizen urged store food withdraw physical cash immediately extra report detail suggest medium actively censoring
551,Miracle weight loss pill doctors don't want you to know about! A secret whistleblower has leaked documents showing a massive cover-up by pharmaceutical giants who have possessed a full cure for cancer since 1995. Shares of major healthcare corporations are skyrocketing as politicians silent on public trials. Extra report details suggest that this could change everything.,1,miracle weight loss pill doctor dont want know secret whistleblower leaked document showing massive coverup pharmaceutical giant possessed full cure cancer since share major healthcare corporation skyrocketing politician silent public trial extra report detail suggest could change everything
552,"New clinical study links regular exercise to improved cognitive health. The chief executive officer announced in a memorandum to staff that the corporation will consolidate redundant administrative roles to invest heavily in cloud infrastructure research divisions. According to the official spokesperson, further evaluations are scheduled.",0,new clinical study link regular exercise improved cognitive health chief executive officer announced memorandum staff corporation consolidate redundant administrative role invest heavily cloud infrastructure research division according official spokesperson evaluation scheduled
553,"Global trade markets stabilize following bilateral trade agreement. The metropolitan transit authority confirmed a long-term capital budget approval to construct three new light-rail stations, aiming to connect suburban sectors to the commercial district by next autumn. According to the official spokesperson, negotiators remain optimistic about outcomes.",0,global trade market stabilize following bilateral trade agreement metropolitan transit authority confirmed longterm capital budget approval construct three new lightrail station aiming connect suburban sector commercial district next autumn according official spokesperson negotiator remain optimistic outcome
554,"SHOCKING SECRET: The government cure for cancer they hid from you! Multiple eyewitnesses reported a metallic circular craft descending from the clouds, hovering over the lawn for three minutes before accelerating into orbit. NASA refuses to answer press queries, leading to speculation. Extra report details suggest that a secret organization is involved.",1,shocking secret government cure cancer hid multiple eyewitness reported metallic circular craft descending cloud hovering lawn three minute accelerating orbit nasa refuse answer press query leading speculation extra report detail suggest secret organization involved
555,"Tech conglomerate announces restructuring plan, affecting 5% of workforce. The chief executive officer announced in a memorandum to staff that the corporation will consolidate redundant administrative roles to invest heavily in cloud infrastructure research divisions. According to the official spokesperson, negotiators remain optimistic about outcomes.",0,tech conglomerate announces restructuring plan affecting workforce chief executive officer announced memorandum staff corporation consolidate redundant administrative role invest heavily cloud infrastructure research division according official spokesperson negotiator remain optimistic outcome
556,"Scientists deploy deep-sea submersibles to map unexplored trenches. Following three days of debate, lawmakers finalized a comprehensive regulation bill setting stricter carbon emission targets for heavy industry and allocating funds for regional reforestation initiatives. According to the official spokesperson, further evaluations are scheduled.",0,scientist deploy deepsea submersible map unexplored trench following three day debate lawmaker finalized comprehensive regulation bill setting stricter carbon emission target heavy industry allocating fund regional reforestation initiative according official spokesperson evaluation scheduled
557,"Tech conglomerate announces restructuring plan, affecting 5% of workforce. The chief executive officer announced in a memorandum to staff that the corporation will consolidate redundant administrative roles to invest heavily in cloud infrastructure research divisions. According to the official spokesperson, the policy will take effect next quarter.",0,tech conglomerate announces restructuring plan affecting workforce chief executive officer announced memorandum staff corporation consolidate redundant administrative role invest heavily cloud infrastructure research division according official spokesperson policy take effect next quarter
558,"National space agency launches new weather satellite into geostationary orbit. Following three days of debate, lawmakers finalized a comprehensive regulation bill setting stricter carbon emission targets for heavy industry and allocating funds for regional reforestation initiatives. According to the official spokesperson, negotiators remain optimistic about outcomes.",0,national space agency launch new weather satellite geostationary orbit following three day debate lawmaker finalized comprehensive regulation bill setting stricter carbon emission target heavy industry allocating fund regional reforestation initiative according official spokesperson negotiator remain optimistic outcome
559,Shocking video shows politician taking massive bribes in public. This revolutionary organic capsule burns fat in your sleep without dieting. Clinical trials show individuals losing forty pounds in a week. Big Pharma is attempting to ban sales to protect insulin profit margins. Extra report details suggest that a secret organization is involved.,1,shocking video show politician taking massive bribe public revolutionary organic capsule burn fat sleep without dieting clinical trial show individual losing forty pound week big pharma attempting ban sale protect insulin profit margin extra report detail suggest secret organization involved
560,"City council approves $50 million investment for public transit extension. The Department of Energy approved a federal grant for engineering departments to prototype high-efficiency photovoltaic cells capable of generating power during low-solar winter conditions. According to the official spokesperson, negotiators remain optimistic about outcomes.",0,city council approves million investment public transit extension department energy approved federal grant engineering department prototype highefficiency photovoltaic cell capable generating power lowsolar winter condition according official spokesperson negotiator remain optimistic outcome
561,"Parliament passes landmark environmental protection bill. Following three days of debate, lawmakers finalized a comprehensive regulation bill setting stricter carbon emission targets for heavy industry and allocating funds for regional reforestation initiatives. According to the official spokesperson, the policy will take effect next quarter.",0,parliament pass landmark environmental protection bill following three day debate lawmaker finalized comprehensive regulation bill setting stricter carbon emission target heavy industry allocating fund regional reforestation initiative according official spokesperson policy take effect next quarter
562,"Parliament passes landmark environmental protection bill. The chief executive officer announced in a memorandum to staff that the corporation will consolidate redundant administrative roles to invest heavily in cloud infrastructure research divisions. According to the official spokesperson, negotiators remain optimistic about outcomes.",0,parliament pass landmark environmental protection bill chief executive officer announced memorandum staff corporation consolidate redundant administrative role invest heavily cloud infrastructure research division according official spokesperson negotiator remain optimistic outcome
563,"Parliament passes landmark environmental protection bill. The metropolitan transit authority confirmed a long-term capital budget approval to construct three new light-rail stations, aiming to connect suburban sectors to the commercial district by next autumn. According to the official spokesperson, negotiators remain optimistic about outcomes.",0,parliament pass landmark environmental protection bill metropolitan transit authority confirmed longterm capital budget approval construct three new lightrail station aiming connect suburban sector commercial district next autumn according official spokesperson negotiator remain optimistic outcome
564,Shocking video shows politician taking massive bribes in public. A secret whistleblower has leaked documents showing a massive cover-up by pharmaceutical giants who have possessed a full cure for cancer since 1995. Shares of major healthcare corporations are skyrocketing as politicians silent on public trials. Extra report details suggest that insiders are highly worried.,1,shocking video show politician taking massive bribe public secret whistleblower leaked document showing massive coverup pharmaceutical giant possessed full cure cancer since share major healthcare corporation skyrocketing politician silent public trial extra report detail suggest insider highly worried
565,URGENT: Global elite planning immediate lockdown next Tuesday! Leaked records from an offshore bank details transactions linking world leaders to a singular control board that meets annually in Switzerland to dictate inflation rates and trade wars. Extra report details suggest that a secret organization is involved.,1,urgent global elite planning immediate lockdown next tuesday leaked record offshore bank detail transaction linking world leader singular control board meet annually switzerland dictate inflation rate trade war extra report detail suggest secret organization involved
566,"Tech conglomerate announces restructuring plan, affecting 5% of workforce. A heavy-lift rocket successfully placed the advanced meteorological spacecraft into orbit on Sunday, providing forecasters with real-time infrared scans of severe storm formations over the coast. According to the official spokesperson, the policy will take effect next quarter.",0,tech conglomerate announces restructuring plan affecting workforce heavylift rocket successfully placed advanced meteorological spacecraft orbit sunday providing forecaster realtime infrared scan severe storm formation coast according official spokesperson policy take effect next quarter
567,SHOCKING SECRET: The government cure for cancer they hid from you! Classified files released by a hacker group contain stage design prints and audio recordings proving the entire space race was simulated inside a high-security warehouse in Nevada to bankrupt foreign rivals. Extra report details suggest that insiders are highly worried.,1,shocking secret government cure cancer hid classified file released hacker group contain stage design print audio recording proving entire space race simulated inside highsecurity warehouse nevada bankrupt foreign rival extra report detail suggest insider highly worried
568,"Parliament passes landmark environmental protection bill. Following three days of debate, lawmakers finalized a comprehensive regulation bill setting stricter carbon emission targets for heavy industry and allocating funds for regional reforestation initiatives. According to the official spokesperson, negotiators remain optimistic about outcomes.",0,parliament pass landmark environmental protection bill following three day debate lawmaker finalized comprehensive regulation bill setting stricter carbon emission target heavy industry allocating fund regional reforestation initiative according official spokesperson negotiator remain optimistic outcome
569,SHOCKING SECRET: The government cure for cancer they hid from you! An anonymous memo circulating within security agencies suggests a simulated crisis will be used to enforce emergency laws. Citizens are urged to store food and withdraw all physical cash immediately. Extra report details suggest that this could change everything.,1,shocking secret government cure cancer hid anonymous memo circulating within security agency suggests simulated crisis used enforce emergency law citizen urged store food withdraw physical cash immediately extra report detail suggest could change everything
570,"URGENT: Global elite planning immediate lockdown next Tuesday! Multiple eyewitnesses reported a metallic circular craft descending from the clouds, hovering over the lawn for three minutes before accelerating into orbit. NASA refuses to answer press queries, leading to speculation. Extra report details suggest that this could change everything.",1,urgent global elite planning immediate lockdown next tuesday multiple eyewitness reported metallic circular craft descending cloud hovering lawn three minute accelerating orbit nasa refuse answer press query leading speculation extra report detail suggest could change everything
571,"Secret society controls world bank, insider source reveals details. A localized plant extract when consumed with warm water acts as a cognitive booster and reverses cellular decay. Major food companies are buying farmland to monopolize the product. Extra report details suggest that this could change everything.",1,secret society control world bank insider source reveals detail localized plant extract consumed warm water act cognitive booster revers cellular decay major food company buying farmland monopolize product extra report detail suggest could change everything
572,CONSPIRACY: Landmark study proves the moon landing was filmed in Hollywood. CCTV footage obtained by our network captures a high-ranking official stuffed envelope with cash from a shell corporation representative in exchange for state construction approvals. Extra report details suggest that the media is actively censoring this.,1,conspiracy landmark study prof moon landing filmed hollywood cctv footage obtained network capture highranking official stuffed envelope cash shell corporation representative exchange state construction approval extra report detail suggest medium actively censoring
573,"Tech conglomerate announces restructuring plan, affecting 5% of workforce. An oceanographic research vessel initiated a two-month mapping mission in the Pacific, utilizing multi-beam sonar arrays to document topographical features of deep oceanic valleys. According to the official spokesperson, the policy will take effect next quarter.",0,tech conglomerate announces restructuring plan affecting workforce oceanographic research vessel initiated twomonth mapping mission pacific utilizing multibeam sonar array document topographical feature deep oceanic valley according official spokesperson policy take effect next quarter
574,Shocking video shows politician taking massive bribes in public. Insiders caught this scandalous video on camera showing a prominent celebrity in a heated exchange that the media is trying to delete. Click here to watch before it gets taken down forever! Extra report details suggest that the media is actively censoring this.,1,shocking video show politician taking massive bribe public insider caught scandalous video camera showing prominent celebrity heated exchange medium trying delete click watch get taken forever extra report detail suggest medium actively censoring
575,"Secret society controls world bank, insider source reveals details. An anonymous memo circulating within security agencies suggests a simulated crisis will be used to enforce emergency laws. Citizens are urged to store food and withdraw all physical cash immediately. Extra report details suggest that the media is actively censoring this.",1,secret society control world bank insider source reveals detail anonymous memo circulating within security agency suggests simulated crisis used enforce emergency law citizen urged store food withdraw physical cash immediately extra report detail suggest medium actively censoring
576,"New clinical study links regular exercise to improved cognitive health. An oceanographic research vessel initiated a two-month mapping mission in the Pacific, utilizing multi-beam sonar arrays to document topographical features of deep oceanic valleys. According to the official spokesperson, the project is funded publicly.",0,new clinical study link regular exercise improved cognitive health oceanographic research vessel initiated twomonth mapping mission pacific utilizing multibeam sonar array document topographical feature deep oceanic valley according official spokesperson project funded publicly
577,"Shocking video shows politician taking massive bribes in public. Multiple eyewitnesses reported a metallic circular craft descending from the clouds, hovering over the lawn for three minutes before accelerating into orbit. NASA refuses to answer press queries, leading to speculation. Extra report details suggest that insiders are highly worried.",1,shocking video show politician taking massive bribe public multiple eyewitness reported metallic circular craft descending cloud hovering lawn three minute accelerating orbit nasa refuse answer press query leading speculation extra report detail suggest insider highly worried
578,"National space agency launches new weather satellite into geostationary orbit. Epidemiological data released in the weekly surveillance report shows a fifteen percent drop in hospital admissions related to respiratory viruses, which health officials attribute to higher vaccination uptake. According to the official spokesperson, the project is funded publicly.",0,national space agency launch new weather satellite geostationary orbit epidemiological data released weekly surveillance report show fifteen percent drop hospital admission related respiratory virus health official attribute higher vaccination uptake according official spokesperson project funded publicly
579,"Secret society controls world bank, insider source reveals details. Insiders caught this scandalous video on camera showing a prominent celebrity in a heated exchange that the media is trying to delete. Click here to watch before it gets taken down forever! Extra report details suggest that this could change everything.",1,secret society control world bank insider source reveals detail insider caught scandalous video camera showing prominent celebrity heated exchange medium trying delete click watch get taken forever extra report detail suggest could change everything
580,"City council approves $50 million investment for public transit extension. Epidemiological data released in the weekly surveillance report shows a fifteen percent drop in hospital admissions related to respiratory viruses, which health officials attribute to higher vaccination uptake. According to the official spokesperson, further evaluations are scheduled.",0,city council approves million investment public transit extension epidemiological data released weekly surveillance report show fifteen percent drop hospital admission related respiratory virus health official attribute higher vaccination uptake according official spokesperson evaluation scheduled
581,You won't believe what this Hollywood actor did last night! A secret whistleblower has leaked documents showing a massive cover-up by pharmaceutical giants who have possessed a full cure for cancer since 1995. Shares of major healthcare corporations are skyrocketing as politicians silent on public trials. Extra report details suggest that this could change everything.,1,wont believe hollywood actor last night secret whistleblower leaked document showing massive coverup pharmaceutical giant possessed full cure cancer since share major healthcare corporation skyrocketing politician silent public trial extra report detail suggest could change everything
582,"Parliament passes landmark environmental protection bill. The chief executive officer announced in a memorandum to staff that the corporation will consolidate redundant administrative roles to invest heavily in cloud infrastructure research divisions. According to the official spokesperson, the project is funded publicly.",0,parliament pass landmark environmental protection bill chief executive officer announced memorandum staff corporation consolidate redundant administrative role invest heavily cloud infrastructure research division according official spokesperson project funded publicly
583,"CONSPIRACY: Landmark study proves the moon landing was filmed in Hollywood. Multiple eyewitnesses reported a metallic circular craft descending from the clouds, hovering over the lawn for three minutes before accelerating into orbit. NASA refuses to answer press queries, leading to speculation. Extra report details suggest that the media is actively censoring this.",1,conspiracy landmark study prof moon landing filmed hollywood multiple eyewitness reported metallic circular craft descending cloud hovering lawn three minute accelerating orbit nasa refuse answer press query leading speculation extra report detail suggest medium actively censoring
584,Miracle weight loss pill doctors don't want you to know about! An anonymous memo circulating within security agencies suggests a simulated crisis will be used to enforce emergency laws. Citizens are urged to store food and withdraw all physical cash immediately. Extra report details suggest that the media is actively censoring this.,1,miracle weight loss pill doctor dont want know anonymous memo circulating within security agency suggests simulated crisis used enforce emergency law citizen urged store food withdraw physical cash immediately extra report detail suggest medium actively censoring
585,"Secret society controls world bank, insider source reveals details. This revolutionary organic capsule burns fat in your sleep without dieting. Clinical trials show individuals losing forty pounds in a week. Big Pharma is attempting to ban sales to protect insulin profit margins. Extra report details suggest that a secret organization is involved.",1,secret society control world bank insider source reveals detail revolutionary organic capsule burn fat sleep without dieting clinical trial show individual losing forty pound week big pharma attempting ban sale protect insulin profit margin extra report detail suggest secret organization involved
586,SHOCKING SECRET: The government cure for cancer they hid from you! This revolutionary organic capsule burns fat in your sleep without dieting. Clinical trials show individuals losing forty pounds in a week. Big Pharma is attempting to ban sales to protect insulin profit margins. Extra report details suggest that insiders are highly worried.,1,shocking secret government cure cancer hid revolutionary organic capsule burn fat sleep without dieting clinical trial show individual losing forty pound week big pharma attempting ban sale protect insulin profit margin extra report detail suggest insider highly worried
587,"Local health department reports decline in seasonal influenza cases. Following three days of debate, lawmakers finalized a comprehensive regulation bill setting stricter carbon emission targets for heavy industry and allocating funds for regional reforestation initiatives. According to the official spokesperson, the policy will take effect next quarter.",0,local health department report decline seasonal influenza case following three day debate lawmaker finalized comprehensive regulation bill setting stricter carbon emission target heavy industry allocating fund regional reforestation initiative according official spokesperson policy take effect next quarter
588,SHOCKING SECRET: The government cure for cancer they hid from you! A localized plant extract when consumed with warm water acts as a cognitive booster and reverses cellular decay. Major food companies are buying farmland to monopolize the product. Extra report details suggest that a secret organization is involved.,1,shocking secret government cure cancer hid localized plant extract consumed warm water act cognitive booster revers cellular decay major food company buying farmland monopolize product extra report detail suggest secret organization involved
589,"National space agency launches new weather satellite into geostationary orbit. The metropolitan transit authority confirmed a long-term capital budget approval to construct three new light-rail stations, aiming to connect suburban sectors to the commercial district by next autumn. According to the official spokesperson, the policy will take effect next quarter.",0,national space agency launch new weather satellite geostationary orbit metropolitan transit authority confirmed longterm capital budget approval construct three new lightrail station aiming connect suburban sector commercial district next autumn according official spokesperson policy take effect next quarter
590,"Global trade markets stabilize following bilateral trade agreement. The Federal Reserve Board of Governors voted on Wednesday to raise the benchmark interest rate by a quarter point, citing persistent inflation pressures in core services and labor market tightness. According to the official spokesperson, further evaluations are scheduled.",0,global trade market stabilize following bilateral trade agreement federal reserve board governor voted wednesday raise benchmark interest rate quarter point citing persistent inflation pressure core service labor market tightness according official spokesperson evaluation scheduled
591,SHOCKING SECRET: The government cure for cancer they hid from you! A secret whistleblower has leaked documents showing a massive cover-up by pharmaceutical giants who have possessed a full cure for cancer since 1995. Shares of major healthcare corporations are skyrocketing as politicians silent on public trials. Extra report details suggest that a secret organization is involved.,1,shocking secret government cure cancer hid secret whistleblower leaked document showing massive coverup pharmaceutical giant possessed full cure cancer since share major healthcare corporation skyrocketing politician silent public trial extra report detail suggest secret organization involved
592,Doctors stunned by this simple $5 trick to reverse aging overnight! An anonymous memo circulating within security agencies suggests a simulated crisis will be used to enforce emergency laws. Citizens are urged to store food and withdraw all physical cash immediately. Extra report details suggest that insiders are highly worried.,1,doctor stunned simple trick reverse aging overnight anonymous memo circulating within security agency suggests simulated crisis used enforce emergency law citizen urged store food withdraw physical cash immediately extra report detail suggest insider highly worried
593,Doctors stunned by this simple $5 trick to reverse aging overnight! An anonymous memo circulating within security agencies suggests a simulated crisis will be used to enforce emergency laws. Citizens are urged to store food and withdraw all physical cash immediately. Extra report details suggest that this could change everything.,1,doctor stunned simple trick reverse aging overnight anonymous memo circulating within security agency suggests simulated crisis used enforce emergency law citizen urged store food withdraw physical cash immediately extra report detail suggest could change everything
594,"National space agency launches new weather satellite into geostationary orbit. The chief executive officer announced in a memorandum to staff that the corporation will consolidate redundant administrative roles to invest heavily in cloud infrastructure research divisions. According to the official spokesperson, the policy will take effect next quarter.",0,national space agency launch new weather satellite geostationary orbit chief executive officer announced memorandum staff corporation consolidate redundant administrative role invest heavily cloud infrastructure research division according official spokesperson policy take effect next quarter
595,URGENT: Global elite planning immediate lockdown next Tuesday! Classified files released by a hacker group contain stage design prints and audio recordings proving the entire space race was simulated inside a high-security warehouse in Nevada to bankrupt foreign rivals. Extra report details suggest that a secret organization is involved.,1,urgent global elite planning immediate lockdown next tuesday classified file released hacker group contain stage design print audio recording proving entire space race simulated inside highsecurity warehouse nevada bankrupt foreign rival extra report detail suggest secret organization involved
596,CONSPIRACY: Landmark study proves the moon landing was filmed in Hollywood. Classified files released by a hacker group contain stage design prints and audio recordings proving the entire space race was simulated inside a high-security warehouse in Nevada to bankrupt foreign rivals. Extra report details suggest that this could change everything.,1,conspiracy landmark study prof moon landing filmed hollywood classified file released hacker group contain stage design print audio recording proving entire space race simulated inside highsecurity warehouse nevada bankrupt foreign rival extra report detail suggest could change everything
597,"Parliament passes landmark environmental protection bill. The chief executive officer announced in a memorandum to staff that the corporation will consolidate redundant administrative roles to invest heavily in cloud infrastructure research divisions. According to the official spokesperson, negotiators remain optimistic about outcomes.",0,parliament pass landmark environmental protection bill chief executive officer announced memorandum staff corporation consolidate redundant administrative role invest heavily cloud infrastructure research division according official spokesperson negotiator remain optimistic outcome
598,"Secret society controls world bank, insider source reveals details. This revolutionary organic capsule burns fat in your sleep without dieting. Clinical trials show individuals losing forty pounds in a week. Big Pharma is attempting to ban sales to protect insulin profit margins. Extra report details suggest that insiders are highly worried.",1,secret society control world bank insider source reveals detail revolutionary organic capsule burn fat sleep without dieting clinical trial show individual losing forty pound week big pharma attempting ban sale protect insulin profit margin extra report detail suggest insider highly worried
599,"National space agency launches new weather satellite into geostationary orbit. Stock indexes rose slightly in European and Asian markets after negotiators signed a bilateral agricultural tariff agreement, resolving a three-month import dispute between the trading partners. According to the official spokesperson, negotiators remain optimistic about outcomes.",0,national space agency launch new weather satellite geostationary orbit stock index rose slightly european asian market negotiator signed bilateral agricultural tariff agreement resolving threemonth import dispute trading partner according official spokesperson negotiator remain optimistic outcome
600,"National space agency launches new weather satellite into geostationary orbit. The Federal Reserve Board of Governors voted on Wednesday to raise the benchmark interest rate by a quarter point, citing persistent inflation pressures in core services and labor market tightness. According to the official spokesperson, negotiators remain optimistic about outcomes.",0,national space agency launch new weather satellite geostationary orbit federal reserve board governor voted wednesday raise benchmark interest rate quarter point citing persistent inflation pressure core service labor market tightness according official spokesperson negotiator remain optimistic outcome
601,"Secret society controls world bank, insider source reveals details. An anonymous memo circulating within security agencies suggests a simulated crisis will be used to enforce emergency laws. Citizens are urged to store food and withdraw all physical cash immediately. Extra report details suggest that this could change everything.",1,secret society control world bank insider source reveals detail anonymous memo circulating within security agency suggests simulated crisis used enforce emergency law citizen urged store food withdraw physical cash immediately extra report detail suggest could change everything
602,SHOCKING SECRET: The government cure for cancer they hid from you! Insiders caught this scandalous video on camera showing a prominent celebrity in a heated exchange that the media is trying to delete. Click here to watch before it gets taken down forever! Extra report details suggest that insiders are highly worried.,1,shocking secret government cure cancer hid insider caught scandalous video camera showing prominent celebrity heated exchange medium trying delete click watch get taken forever extra report detail suggest insider highly worried
603,"Shocking video shows politician taking massive bribes in public. Multiple eyewitnesses reported a metallic circular craft descending from the clouds, hovering over the lawn for three minutes before accelerating into orbit. NASA refuses to answer press queries, leading to speculation. Extra report details suggest that the media is actively censoring this.",1,shocking video show politician taking massive bribe public multiple eyewitness reported metallic circular craft descending cloud hovering lawn three minute accelerating orbit nasa refuse answer press query leading speculation extra report detail suggest medium actively censoring
604,"Secret society controls world bank, insider source reveals details. Insiders caught this scandalous video on camera showing a prominent celebrity in a heated exchange that the media is trying to delete. Click here to watch before it gets taken down forever! Extra report details suggest that insiders are highly worried.",1,secret society control world bank insider source reveals detail insider caught scandalous video camera showing prominent celebrity heated exchange medium trying delete click watch get taken forever extra report detail suggest insider highly worried
605,"Tech conglomerate announces restructuring plan, affecting 5% of workforce. Researchers at the National Institute of Health published findings in the Journal of Medicine indicating adults who engage in moderate cardiovascular activity three times a week show higher neuron densities. According to the official spokesperson, the project is funded publicly.",0,tech conglomerate announces restructuring plan affecting workforce researcher national institute health published finding journal medicine indicating adult engage moderate cardiovascular activity three time week show higher neuron density according official spokesperson project funded publicly
606,"Shocking video shows politician taking massive bribes in public. Local water distribution facilities detected high levels of dangerous chemicals, yet central administrations ordered operations to proceed normally to prevent mass panic before election seasons. Extra report details suggest that the media is actively censoring this.",1,shocking video show politician taking massive bribe public local water distribution facility detected high level dangerous chemical yet central administration ordered operation proceed normally prevent mass panic election season extra report detail suggest medium actively censoring
607,"State university receives major research grant for renewable energy projects. An oceanographic research vessel initiated a two-month mapping mission in the Pacific, utilizing multi-beam sonar arrays to document topographical features of deep oceanic valleys. According to the official spokesperson, the project is funded publicly.",0,state university receives major research grant renewable energy project oceanographic research vessel initiated twomonth mapping mission pacific utilizing multibeam sonar array document topographical feature deep oceanic valley according official spokesperson project funded publicly
608,"You won't believe what this Hollywood actor did last night! Multiple eyewitnesses reported a metallic circular craft descending from the clouds, hovering over the lawn for three minutes before accelerating into orbit. NASA refuses to answer press queries, leading to speculation. Extra report details suggest that a secret organization is involved.",1,wont believe hollywood actor last night multiple eyewitness reported metallic circular craft descending cloud hovering lawn three minute accelerating orbit nasa refuse answer press query leading speculation extra report detail suggest secret organization involved
609,"National space agency launches new weather satellite into geostationary orbit. The Department of Energy approved a federal grant for engineering departments to prototype high-efficiency photovoltaic cells capable of generating power during low-solar winter conditions. According to the official spokesperson, the policy will take effect next quarter.",0,national space agency launch new weather satellite geostationary orbit department energy approved federal grant engineering department prototype highefficiency photovoltaic cell capable generating power lowsolar winter condition according official spokesperson policy take effect next quarter
610,"Global trade markets stabilize following bilateral trade agreement. The chief executive officer announced in a memorandum to staff that the corporation will consolidate redundant administrative roles to invest heavily in cloud infrastructure research divisions. According to the official spokesperson, the project is funded publicly.",0,global trade market stabilize following bilateral trade agreement chief executive officer announced memorandum staff corporation consolidate redundant administrative role invest heavily cloud infrastructure research division according official spokesperson project funded publicly
611,"Secret society controls world bank, insider source reveals details. Insiders caught this scandalous video on camera showing a prominent celebrity in a heated exchange that the media is trying to delete. Click here to watch before it gets taken down forever! Extra report details suggest that the media is actively censoring this.",1,secret society control world bank insider source reveals detail insider caught scandalous video camera showing prominent celebrity heated exchange medium trying delete click watch get taken forever extra report detail suggest medium actively censoring
612,SHOCKING SECRET: The government cure for cancer they hid from you! A localized plant extract when consumed with warm water acts as a cognitive booster and reverses cellular decay. Major food companies are buying farmland to monopolize the product. Extra report details suggest that the media is actively censoring this.,1,shocking secret government cure cancer hid localized plant extract consumed warm water act cognitive booster revers cellular decay major food company buying farmland monopolize product extra report detail suggest medium actively censoring
613,"State university receives major research grant for renewable energy projects. Stock indexes rose slightly in European and Asian markets after negotiators signed a bilateral agricultural tariff agreement, resolving a three-month import dispute between the trading partners. According to the official spokesperson, the project is funded publicly.",0,state university receives major research grant renewable energy project stock index rose slightly european asian market negotiator signed bilateral agricultural tariff agreement resolving threemonth import dispute trading partner according official spokesperson project funded publicly
614,CONSPIRACY: Landmark study proves the moon landing was filmed in Hollywood. This revolutionary organic capsule burns fat in your sleep without dieting. Clinical trials show individuals losing forty pounds in a week. Big Pharma is attempting to ban sales to protect insulin profit margins. Extra report details suggest that insiders are highly worried.,1,conspiracy landmark study prof moon landing filmed hollywood revolutionary organic capsule burn fat sleep without dieting clinical trial show individual losing forty pound week big pharma attempting ban sale protect insulin profit margin extra report detail suggest insider highly worried
615,Shocking video shows politician taking massive bribes in public. Classified files released by a hacker group contain stage design prints and audio recordings proving the entire space race was simulated inside a high-security warehouse in Nevada to bankrupt foreign rivals. Extra report details suggest that this could change everything.,1,shocking video show politician taking massive bribe public classified file released hacker group contain stage design print audio recording proving entire space race simulated inside highsecurity warehouse nevada bankrupt foreign rival extra report detail suggest could change everything
616,You won't believe what this Hollywood actor did last night! Classified files released by a hacker group contain stage design prints and audio recordings proving the entire space race was simulated inside a high-security warehouse in Nevada to bankrupt foreign rivals. Extra report details suggest that a secret organization is involved.,1,wont believe hollywood actor last night classified file released hacker group contain stage design print audio recording proving entire space race simulated inside highsecurity warehouse nevada bankrupt foreign rival extra report detail suggest secret organization involved
617,Miracle weight loss pill doctors don't want you to know about! A localized plant extract when consumed with warm water acts as a cognitive booster and reverses cellular decay. Major food companies are buying farmland to monopolize the product. Extra report details suggest that insiders are highly worried.,1,miracle weight loss pill doctor dont want know localized plant extract consumed warm water act cognitive booster revers cellular decay major food company buying farmland monopolize product extra report detail suggest insider highly worried
618,"City council approves $50 million investment for public transit extension. The Federal Reserve Board of Governors voted on Wednesday to raise the benchmark interest rate by a quarter point, citing persistent inflation pressures in core services and labor market tightness. According to the official spokesperson, further evaluations are scheduled.",0,city council approves million investment public transit extension federal reserve board governor voted wednesday raise benchmark interest rate quarter point citing persistent inflation pressure core service labor market tightness according official spokesperson evaluation scheduled
619,"Secret society controls world bank, insider source reveals details. Insiders caught this scandalous video on camera showing a prominent celebrity in a heated exchange that the media is trying to delete. Click here to watch before it gets taken down forever! Extra report details suggest that a secret organization is involved.",1,secret society control world bank insider source reveals detail insider caught scandalous video camera showing prominent celebrity heated exchange medium trying delete click watch get taken forever extra report detail suggest secret organization involved
620,"National space agency launches new weather satellite into geostationary orbit. The chief executive officer announced in a memorandum to staff that the corporation will consolidate redundant administrative roles to invest heavily in cloud infrastructure research divisions. According to the official spokesperson, negotiators remain optimistic about outcomes.",0,national space agency launch new weather satellite geostationary orbit chief executive officer announced memorandum staff corporation consolidate redundant administrative role invest heavily cloud infrastructure research division according official spokesperson negotiator remain optimistic outcome
621,BREAKING: Alien spaceship spotted landing behind the White House! Classified files released by a hacker group contain stage design prints and audio recordings proving the entire space race was simulated inside a high-security warehouse in Nevada to bankrupt foreign rivals. Extra report details suggest that this could change everything.,1,breaking alien spaceship spotted landing behind white house classified file released hacker group contain stage design print audio recording proving entire space race simulated inside highsecurity warehouse nevada bankrupt foreign rival extra report detail suggest could change everything
622,Doctors stunned by this simple $5 trick to reverse aging overnight! A secret whistleblower has leaked documents showing a massive cover-up by pharmaceutical giants who have possessed a full cure for cancer since 1995. Shares of major healthcare corporations are skyrocketing as politicians silent on public trials. Extra report details suggest that a secret organization is involved.,1,doctor stunned simple trick reverse aging overnight secret whistleblower leaked document showing massive coverup pharmaceutical giant possessed full cure cancer since share major healthcare corporation skyrocketing politician silent public trial extra report detail suggest secret organization involved
623,"Scientists deploy deep-sea submersibles to map unexplored trenches. Stock indexes rose slightly in European and Asian markets after negotiators signed a bilateral agricultural tariff agreement, resolving a three-month import dispute between the trading partners. According to the official spokesperson, further evaluations are scheduled.",0,scientist deploy deepsea submersible map unexplored trench stock index rose slightly european asian market negotiator signed bilateral agricultural tariff agreement resolving threemonth import dispute trading partner according official spokesperson evaluation scheduled
624,"State university receives major research grant for renewable energy projects. Stock indexes rose slightly in European and Asian markets after negotiators signed a bilateral agricultural tariff agreement, resolving a three-month import dispute between the trading partners. According to the official spokesperson, the policy will take effect next quarter.",0,state university receives major research grant renewable energy project stock index rose slightly european asian market negotiator signed bilateral agricultural tariff agreement resolving threemonth import dispute trading partner according official spokesperson policy take effect next quarter
625,"Breaking: Major city's water supply poisoned, authorities hiding truth. Classified files released by a hacker group contain stage design prints and audio recordings proving the entire space race was simulated inside a high-security warehouse in Nevada to bankrupt foreign rivals. Extra report details suggest that insiders are highly worried.",1,breaking major city water supply poisoned authority hiding truth classified file released hacker group contain stage design print audio recording proving entire space race simulated inside highsecurity warehouse nevada bankrupt foreign rival extra report detail suggest insider highly worried
626,"Breaking: Major city's water supply poisoned, authorities hiding truth. An anonymous memo circulating within security agencies suggests a simulated crisis will be used to enforce emergency laws. Citizens are urged to store food and withdraw all physical cash immediately. Extra report details suggest that this could change everything.",1,breaking major city water supply poisoned authority hiding truth anonymous memo circulating within security agency suggests simulated crisis used enforce emergency law citizen urged store food withdraw physical cash immediately extra report detail suggest could change everything
627,"Federal Reserve announces interest rate hike to combat inflation. Epidemiological data released in the weekly surveillance report shows a fifteen percent drop in hospital admissions related to respiratory viruses, which health officials attribute to higher vaccination uptake. According to the official spokesperson, the policy will take effect next quarter.",0,federal reserve announces interest rate hike combat inflation epidemiological data released weekly surveillance report show fifteen percent drop hospital admission related respiratory virus health official attribute higher vaccination uptake according official spokesperson policy take effect next quarter
628,URGENT: Global elite planning immediate lockdown next Tuesday! Insiders caught this scandalous video on camera showing a prominent celebrity in a heated exchange that the media is trying to delete. Click here to watch before it gets taken down forever! Extra report details suggest that a secret organization is involved.,1,urgent global elite planning immediate lockdown next tuesday insider caught scandalous video camera showing prominent celebrity heated exchange medium trying delete click watch get taken forever extra report detail suggest secret organization involved
629,"Shocking video shows politician taking massive bribes in public. Local water distribution facilities detected high levels of dangerous chemicals, yet central administrations ordered operations to proceed normally to prevent mass panic before election seasons. Extra report details suggest that this could change everything.",1,shocking video show politician taking massive bribe public local water distribution facility detected high level dangerous chemical yet central administration ordered operation proceed normally prevent mass panic election season extra report detail suggest could change everything
630,Miracle weight loss pill doctors don't want you to know about! This revolutionary organic capsule burns fat in your sleep without dieting. Clinical trials show individuals losing forty pounds in a week. Big Pharma is attempting to ban sales to protect insulin profit margins. Extra report details suggest that insiders are highly worried.,1,miracle weight loss pill doctor dont want know revolutionary organic capsule burn fat sleep without dieting clinical trial show individual losing forty pound week big pharma attempting ban sale protect insulin profit margin extra report detail suggest insider highly worried
631,"Global trade markets stabilize following bilateral trade agreement. The metropolitan transit authority confirmed a long-term capital budget approval to construct three new light-rail stations, aiming to connect suburban sectors to the commercial district by next autumn. According to the official spokesperson, the policy will take effect next quarter.",0,global trade market stabilize following bilateral trade agreement metropolitan transit authority confirmed longterm capital budget approval construct three new lightrail station aiming connect suburban sector commercial district next autumn according official spokesperson policy take effect next quarter
632,You won't believe what this Hollywood actor did last night! Insiders caught this scandalous video on camera showing a prominent celebrity in a heated exchange that the media is trying to delete. Click here to watch before it gets taken down forever! Extra report details suggest that this could change everything.,1,wont believe hollywood actor last night insider caught scandalous video camera showing prominent celebrity heated exchange medium trying delete click watch get taken forever extra report detail suggest could change everything
633,"Tech conglomerate announces restructuring plan, affecting 5% of workforce. The Federal Reserve Board of Governors voted on Wednesday to raise the benchmark interest rate by a quarter point, citing persistent inflation pressures in core services and labor market tightness. According to the official spokesperson, negotiators remain optimistic about outcomes.",0,tech conglomerate announces restructuring plan affecting workforce federal reserve board governor voted wednesday raise benchmark interest rate quarter point citing persistent inflation pressure core service labor market tightness according official spokesperson negotiator remain optimistic outcome
634,"City council approves $50 million investment for public transit extension. A heavy-lift rocket successfully placed the advanced meteorological spacecraft into orbit on Sunday, providing forecasters with real-time infrared scans of severe storm formations over the coast. According to the official spokesperson, the policy will take effect next quarter.",0,city council approves million investment public transit extension heavylift rocket successfully placed advanced meteorological spacecraft orbit sunday providing forecaster realtime infrared scan severe storm formation coast according official spokesperson policy take effect next quarter
635,"City council approves $50 million investment for public transit extension. A heavy-lift rocket successfully placed the advanced meteorological spacecraft into orbit on Sunday, providing forecasters with real-time infrared scans of severe storm formations over the coast. According to the official spokesperson, further evaluations are scheduled.",0,city council approves million investment public transit extension heavylift rocket successfully placed advanced meteorological spacecraft orbit sunday providing forecaster realtime infrared scan severe storm formation coast according official spokesperson evaluation scheduled
636,"Breaking: Major city's water supply poisoned, authorities hiding truth. Classified files released by a hacker group contain stage design prints and audio recordings proving the entire space race was simulated inside a high-security warehouse in Nevada to bankrupt foreign rivals. Extra report details suggest that a secret organization is involved.",1,breaking major city water supply poisoned authority hiding truth classified file released hacker group contain stage design print audio recording proving entire space race simulated inside highsecurity warehouse nevada bankrupt foreign rival extra report detail suggest secret organization involved
637,Shocking video shows politician taking massive bribes in public. Classified files released by a hacker group contain stage design prints and audio recordings proving the entire space race was simulated inside a high-security warehouse in Nevada to bankrupt foreign rivals. Extra report details suggest that the media is actively censoring this.,1,shocking video show politician taking massive bribe public classified file released hacker group contain stage design print audio recording proving entire space race simulated inside highsecurity warehouse nevada bankrupt foreign rival extra report detail suggest medium actively censoring
638,BREAKING: Alien spaceship spotted landing behind the White House! An anonymous memo circulating within security agencies suggests a simulated crisis will be used to enforce emergency laws. Citizens are urged to store food and withdraw all physical cash immediately. Extra report details suggest that this could change everything.,1,breaking alien spaceship spotted landing behind white house anonymous memo circulating within security agency suggests simulated crisis used enforce emergency law citizen urged store food withdraw physical cash immediately extra report detail suggest could change everything
639,"National space agency launches new weather satellite into geostationary orbit. The Federal Reserve Board of Governors voted on Wednesday to raise the benchmark interest rate by a quarter point, citing persistent inflation pressures in core services and labor market tightness. According to the official spokesperson, the policy will take effect next quarter.",0,national space agency launch new weather satellite geostationary orbit federal reserve board governor voted wednesday raise benchmark interest rate quarter point citing persistent inflation pressure core service labor market tightness according official spokesperson policy take effect next quarter
640,URGENT: Global elite planning immediate lockdown next Tuesday! This revolutionary organic capsule burns fat in your sleep without dieting. Clinical trials show individuals losing forty pounds in a week. Big Pharma is attempting to ban sales to protect insulin profit margins. Extra report details suggest that this could change everything.,1,urgent global elite planning immediate lockdown next tuesday revolutionary organic capsule burn fat sleep without dieting clinical trial show individual losing forty pound week big pharma attempting ban sale protect insulin profit margin extra report detail suggest could change everything
641,"Global trade markets stabilize following bilateral trade agreement. The Federal Reserve Board of Governors voted on Wednesday to raise the benchmark interest rate by a quarter point, citing persistent inflation pressures in core services and labor market tightness. According to the official spokesperson, negotiators remain optimistic about outcomes.",0,global trade market stabilize following bilateral trade agreement federal reserve board governor voted wednesday raise benchmark interest rate quarter point citing persistent inflation pressure core service labor market tightness according official spokesperson negotiator remain optimistic outcome
642,"Parliament passes landmark environmental protection bill. The Department of Energy approved a federal grant for engineering departments to prototype high-efficiency photovoltaic cells capable of generating power during low-solar winter conditions. According to the official spokesperson, the project is funded publicly.",0,parliament pass landmark environmental protection bill department energy approved federal grant engineering department prototype highefficiency photovoltaic cell capable generating power lowsolar winter condition according official spokesperson project funded publicly
643,"Tech conglomerate announces restructuring plan, affecting 5% of workforce. The metropolitan transit authority confirmed a long-term capital budget approval to construct three new light-rail stations, aiming to connect suburban sectors to the commercial district by next autumn. According to the official spokesperson, further evaluations are scheduled.",0,tech conglomerate announces restructuring plan affecting workforce metropolitan transit authority confirmed longterm capital budget approval construct three new lightrail station aiming connect suburban sector commercial district next autumn according official spokesperson evaluation scheduled
644,"Shocking video shows politician taking massive bribes in public. Multiple eyewitnesses reported a metallic circular craft descending from the clouds, hovering over the lawn for three minutes before accelerating into orbit. NASA refuses to answer press queries, leading to speculation. Extra report details suggest that this could change everything.",1,shocking video show politician taking massive bribe public multiple eyewitness reported metallic circular craft descending cloud hovering lawn three minute accelerating orbit nasa refuse answer press query leading speculation extra report detail suggest could change everything
645,CONSPIRACY: Landmark study proves the moon landing was filmed in Hollywood. CCTV footage obtained by our network captures a high-ranking official stuffed envelope with cash from a shell corporation representative in exchange for state construction approvals. Extra report details suggest that a secret organization is involved.,1,conspiracy landmark study prof moon landing filmed hollywood cctv footage obtained network capture highranking official stuffed envelope cash shell corporation representative exchange state construction approval extra report detail suggest secret organization involved
646,"You won't believe what this Hollywood actor did last night! Local water distribution facilities detected high levels of dangerous chemicals, yet central administrations ordered operations to proceed normally to prevent mass panic before election seasons. Extra report details suggest that this could change everything.",1,wont believe hollywood actor last night local water distribution facility detected high level dangerous chemical yet central administration ordered operation proceed normally prevent mass panic election season extra report detail suggest could change everything
647,"Parliament passes landmark environmental protection bill. Researchers at the National Institute of Health published findings in the Journal of Medicine indicating adults who engage in moderate cardiovascular activity three times a week show higher neuron densities. According to the official spokesperson, the policy will take effect next quarter.",0,parliament pass landmark environmental protection bill researcher national institute health published finding journal medicine indicating adult engage moderate cardiovascular activity three time week show higher neuron density according official spokesperson policy take effect next quarter
648,"New clinical study links regular exercise to improved cognitive health. A heavy-lift rocket successfully placed the advanced meteorological spacecraft into orbit on Sunday, providing forecasters with real-time infrared scans of severe storm formations over the coast. According to the official spokesperson, the project is funded publicly.",0,new clinical study link regular exercise improved cognitive health heavylift rocket successfully placed advanced meteorological spacecraft orbit sunday providing forecaster realtime infrared scan severe storm formation coast according official spokesperson project funded publicly
649,"Parliament passes landmark environmental protection bill. The Federal Reserve Board of Governors voted on Wednesday to raise the benchmark interest rate by a quarter point, citing persistent inflation pressures in core services and labor market tightness. According to the official spokesperson, negotiators remain optimistic about outcomes.",0,parliament pass landmark environmental protection bill federal reserve board governor voted wednesday raise benchmark interest rate quarter point citing persistent inflation pressure core service labor market tightness according official spokesperson negotiator remain optimistic outcome
650,"Scientists deploy deep-sea submersibles to map unexplored trenches. Stock indexes rose slightly in European and Asian markets after negotiators signed a bilateral agricultural tariff agreement, resolving a three-month import dispute between the trading partners. According to the official spokesperson, the project is funded publicly.",0,scientist deploy deepsea submersible map unexplored trench stock index rose slightly european asian market negotiator signed bilateral agricultural tariff agreement resolving threemonth import dispute trading partner according official spokesperson project funded publicly
651,"Breaking: Major city's water supply poisoned, authorities hiding truth. A secret whistleblower has leaked documents showing a massive cover-up by pharmaceutical giants who have possessed a full cure for cancer since 1995. Shares of major healthcare corporations are skyrocketing as politicians silent on public trials. Extra report details suggest that insiders are highly worried.",1,breaking major city water supply poisoned authority hiding truth secret whistleblower leaked document showing massive coverup pharmaceutical giant possessed full cure cancer since share major healthcare corporation skyrocketing politician silent public trial extra report detail suggest insider highly worried
652,"Global trade markets stabilize following bilateral trade agreement. Stock indexes rose slightly in European and Asian markets after negotiators signed a bilateral agricultural tariff agreement, resolving a three-month import dispute between the trading partners. According to the official spokesperson, further evaluations are scheduled.",0,global trade market stabilize following bilateral trade agreement stock index rose slightly european asian market negotiator signed bilateral agricultural tariff agreement resolving threemonth import dispute trading partner according official spokesperson evaluation scheduled
653,"Federal Reserve announces interest rate hike to combat inflation. The chief executive officer announced in a memorandum to staff that the corporation will consolidate redundant administrative roles to invest heavily in cloud infrastructure research divisions. According to the official spokesperson, negotiators remain optimistic about outcomes.",0,federal reserve announces interest rate hike combat inflation chief executive officer announced memorandum staff corporation consolidate redundant administrative role invest heavily cloud infrastructure research division according official spokesperson negotiator remain optimistic outcome
654,BREAKING: Alien spaceship spotted landing behind the White House! CCTV footage obtained by our network captures a high-ranking official stuffed envelope with cash from a shell corporation representative in exchange for state construction approvals. Extra report details suggest that a secret organization is involved.,1,breaking alien spaceship spotted landing behind white house cctv footage obtained network capture highranking official stuffed envelope cash shell corporation representative exchange state construction approval extra report detail suggest secret organization involved
655,URGENT: Global elite planning immediate lockdown next Tuesday! Classified files released by a hacker group contain stage design prints and audio recordings proving the entire space race was simulated inside a high-security warehouse in Nevada to bankrupt foreign rivals. Extra report details suggest that the media is actively censoring this.,1,urgent global elite planning immediate lockdown next tuesday classified file released hacker group contain stage design print audio recording proving entire space race simulated inside highsecurity warehouse nevada bankrupt foreign rival extra report detail suggest medium actively censoring
656,You won't believe what this Hollywood actor did last night! A secret whistleblower has leaked documents showing a massive cover-up by pharmaceutical giants who have possessed a full cure for cancer since 1995. Shares of major healthcare corporations are skyrocketing as politicians silent on public trials. Extra report details suggest that insiders are highly worried.,1,wont believe hollywood actor last night secret whistleblower leaked document showing massive coverup pharmaceutical giant possessed full cure cancer since share major healthcare corporation skyrocketing politician silent public trial extra report detail suggest insider highly worried
657,"Federal Reserve announces interest rate hike to combat inflation. An oceanographic research vessel initiated a two-month mapping mission in the Pacific, utilizing multi-beam sonar arrays to document topographical features of deep oceanic valleys. According to the official spokesperson, the project is funded publicly.",0,federal reserve announces interest rate hike combat inflation oceanographic research vessel initiated twomonth mapping mission pacific utilizing multibeam sonar array document topographical feature deep oceanic valley according official spokesperson project funded publicly
658,"Tech conglomerate announces restructuring plan, affecting 5% of workforce. An oceanographic research vessel initiated a two-month mapping mission in the Pacific, utilizing multi-beam sonar arrays to document topographical features of deep oceanic valleys. According to the official spokesperson, the policy will take effect next quarter.",0,tech conglomerate announces restructuring plan affecting workforce oceanographic research vessel initiated twomonth mapping mission pacific utilizing multibeam sonar array document topographical feature deep oceanic valley according official spokesperson policy take effect next quarter
659,You won't believe what this Hollywood actor did last night! A localized plant extract when consumed with warm water acts as a cognitive booster and reverses cellular decay. Major food companies are buying farmland to monopolize the product. Extra report details suggest that the media is actively censoring this.,1,wont believe hollywood actor last night localized plant extract consumed warm water act cognitive booster revers cellular decay major food company buying farmland monopolize product extra report detail suggest medium actively censoring
660,"Secret society controls world bank, insider source reveals details. Insiders caught this scandalous video on camera showing a prominent celebrity in a heated exchange that the media is trying to delete. Click here to watch before it gets taken down forever! Extra report details suggest that the media is actively censoring this.",1,secret society control world bank insider source reveals detail insider caught scandalous video camera showing prominent celebrity heated exchange medium trying delete click watch get taken forever extra report detail suggest medium actively censoring
661,"State university receives major research grant for renewable energy projects. A heavy-lift rocket successfully placed the advanced meteorological spacecraft into orbit on Sunday, providing forecasters with real-time infrared scans of severe storm formations over the coast. According to the official spokesperson, the policy will take effect next quarter.",0,state university receives major research grant renewable energy project heavylift rocket successfully placed advanced meteorological spacecraft orbit sunday providing forecaster realtime infrared scan severe storm formation coast according official spokesperson policy take effect next quarter
662,"You won't believe what this Hollywood actor did last night! Multiple eyewitnesses reported a metallic circular craft descending from the clouds, hovering over the lawn for three minutes before accelerating into orbit. NASA refuses to answer press queries, leading to speculation. Extra report details suggest that insiders are highly worried.",1,wont believe hollywood actor last night multiple eyewitness reported metallic circular craft descending cloud hovering lawn three minute accelerating orbit nasa refuse answer press query leading speculation extra report detail suggest insider highly worried
663,Miracle weight loss pill doctors don't want you to know about! Leaked records from an offshore bank details transactions linking world leaders to a singular control board that meets annually in Switzerland to dictate inflation rates and trade wars. Extra report details suggest that this could change everything.,1,miracle weight loss pill doctor dont want know leaked record offshore bank detail transaction linking world leader singular control board meet annually switzerland dictate inflation rate trade war extra report detail suggest could change everything
664,"Global trade markets stabilize following bilateral trade agreement. The metropolitan transit authority confirmed a long-term capital budget approval to construct three new light-rail stations, aiming to connect suburban sectors to the commercial district by next autumn. According to the official spokesperson, further evaluations are scheduled.",0,global trade market stabilize following bilateral trade agreement metropolitan transit authority confirmed longterm capital budget approval construct three new lightrail station aiming connect suburban sector commercial district next autumn according official spokesperson evaluation scheduled
665,"City council approves $50 million investment for public transit extension. The metropolitan transit authority confirmed a long-term capital budget approval to construct three new light-rail stations, aiming to connect suburban sectors to the commercial district by next autumn. According to the official spokesperson, further evaluations are scheduled.",0,city council approves million investment public transit extension metropolitan transit authority confirmed longterm capital budget approval construct three new lightrail station aiming connect suburban sector commercial district next autumn according official spokesperson evaluation scheduled
666,Doctors stunned by this simple $5 trick to reverse aging overnight! Leaked records from an offshore bank details transactions linking world leaders to a singular control board that meets annually in Switzerland to dictate inflation rates and trade wars. Extra report details suggest that a secret organization is involved.,1,doctor stunned simple trick reverse aging overnight leaked record offshore bank detail transaction linking world leader singular control board meet annually switzerland dictate inflation rate trade war extra report detail suggest secret organization involved
667,Doctors stunned by this simple $5 trick to reverse aging overnight! Classified files released by a hacker group contain stage design prints and audio recordings proving the entire space race was simulated inside a high-security warehouse in Nevada to bankrupt foreign rivals. Extra report details suggest that a secret organization is involved.,1,doctor stunned simple trick reverse aging overnight classified file released hacker group contain stage design print audio recording proving entire space race simulated inside highsecurity warehouse nevada bankrupt foreign rival extra report detail suggest secret organization involved
668,Shocking video shows politician taking massive bribes in public. Leaked records from an offshore bank details transactions linking world leaders to a singular control board that meets annually in Switzerland to dictate inflation rates and trade wars. Extra report details suggest that insiders are highly worried.,1,shocking video show politician taking massive bribe public leaked record offshore bank detail transaction linking world leader singular control board meet annually switzerland dictate inflation rate trade war extra report detail suggest insider highly worried
669,"State university receives major research grant for renewable energy projects. An oceanographic research vessel initiated a two-month mapping mission in the Pacific, utilizing multi-beam sonar arrays to document topographical features of deep oceanic valleys. According to the official spokesperson, further evaluations are scheduled.",0,state university receives major research grant renewable energy project oceanographic research vessel initiated twomonth mapping mission pacific utilizing multibeam sonar array document topographical feature deep oceanic valley according official spokesperson evaluation scheduled
670,"You won't believe what this Hollywood actor did last night! Multiple eyewitnesses reported a metallic circular craft descending from the clouds, hovering over the lawn for three minutes before accelerating into orbit. NASA refuses to answer press queries, leading to speculation. Extra report details suggest that the media is actively censoring this.",1,wont believe hollywood actor last night multiple eyewitness reported metallic circular craft descending cloud hovering lawn three minute accelerating orbit nasa refuse answer press query leading speculation extra report detail suggest medium actively censoring
671,"New clinical study links regular exercise to improved cognitive health. The Federal Reserve Board of Governors voted on Wednesday to raise the benchmark interest rate by a quarter point, citing persistent inflation pressures in core services and labor market tightness. According to the official spokesperson, the project is funded publicly.",0,new clinical study link regular exercise improved cognitive health federal reserve board governor voted wednesday raise benchmark interest rate quarter point citing persistent inflation pressure core service labor market tightness according official spokesperson project funded publicly
672,Shocking video shows politician taking massive bribes in public. This revolutionary organic capsule burns fat in your sleep without dieting. Clinical trials show individuals losing forty pounds in a week. Big Pharma is attempting to ban sales to protect insulin profit margins. Extra report details suggest that this could change everything.,1,shocking video show politician taking massive bribe public revolutionary organic capsule burn fat sleep without dieting clinical trial show individual losing forty pound week big pharma attempting ban sale protect insulin profit margin extra report detail suggest could change everything
673,"Scientists deploy deep-sea submersibles to map unexplored trenches. An oceanographic research vessel initiated a two-month mapping mission in the Pacific, utilizing multi-beam sonar arrays to document topographical features of deep oceanic valleys. According to the official spokesperson, the policy will take effect next quarter.",0,scientist deploy deepsea submersible map unexplored trench oceanographic research vessel initiated twomonth mapping mission pacific utilizing multibeam sonar array document topographical feature deep oceanic valley according official spokesperson policy take effect next quarter
674,"Parliament passes landmark environmental protection bill. Epidemiological data released in the weekly surveillance report shows a fifteen percent drop in hospital admissions related to respiratory viruses, which health officials attribute to higher vaccination uptake. According to the official spokesperson, further evaluations are scheduled.",0,parliament pass landmark environmental protection bill epidemiological data released weekly surveillance report show fifteen percent drop hospital admission related respiratory virus health official attribute higher vaccination uptake according official spokesperson evaluation scheduled
675,"Scientists deploy deep-sea submersibles to map unexplored trenches. The Federal Reserve Board of Governors voted on Wednesday to raise the benchmark interest rate by a quarter point, citing persistent inflation pressures in core services and labor market tightness. According to the official spokesperson, the policy will take effect next quarter.",0,scientist deploy deepsea submersible map unexplored trench federal reserve board governor voted wednesday raise benchmark interest rate quarter point citing persistent inflation pressure core service labor market tightness according official spokesperson policy take effect next quarter
676,"Global trade markets stabilize following bilateral trade agreement. Following three days of debate, lawmakers finalized a comprehensive regulation bill setting stricter carbon emission targets for heavy industry and allocating funds for regional reforestation initiatives. According to the official spokesperson, the project is funded publicly.",0,global trade market stabilize following bilateral trade agreement following three day debate lawmaker finalized comprehensive regulation bill setting stricter carbon emission target heavy industry allocating fund regional reforestation initiative according official spokesperson project funded publicly
677,"Scientists deploy deep-sea submersibles to map unexplored trenches. Epidemiological data released in the weekly surveillance report shows a fifteen percent drop in hospital admissions related to respiratory viruses, which health officials attribute to higher vaccination uptake. According to the official spokesperson, the policy will take effect next quarter.",0,scientist deploy deepsea submersible map unexplored trench epidemiological data released weekly surveillance report show fifteen percent drop hospital admission related respiratory virus health official attribute higher vaccination uptake according official spokesperson policy take effect next quarter
678,CONSPIRACY: Landmark study proves the moon landing was filmed in Hollywood. A secret whistleblower has leaked documents showing a massive cover-up by pharmaceutical giants who have possessed a full cure for cancer since 1995. Shares of major healthcare corporations are skyrocketing as politicians silent on public trials. Extra report details suggest that insiders are highly worried.,1,conspiracy landmark study prof moon landing filmed hollywood secret whistleblower leaked document showing massive coverup pharmaceutical giant possessed full cure cancer since share major healthcare corporation skyrocketing politician silent public trial extra report detail suggest insider highly worried
679,"Federal Reserve announces interest rate hike to combat inflation. Epidemiological data released in the weekly surveillance report shows a fifteen percent drop in hospital admissions related to respiratory viruses, which health officials attribute to higher vaccination uptake. According to the official spokesperson, further evaluations are scheduled.",0,federal reserve announces interest rate hike combat inflation epidemiological data released weekly surveillance report show fifteen percent drop hospital admission related respiratory virus health official attribute higher vaccination uptake according official spokesperson evaluation scheduled
680,"State university receives major research grant for renewable energy projects. Stock indexes rose slightly in European and Asian markets after negotiators signed a bilateral agricultural tariff agreement, resolving a three-month import dispute between the trading partners. According to the official spokesperson, negotiators remain optimistic about outcomes.",0,state university receives major research grant renewable energy project stock index rose slightly european asian market negotiator signed bilateral agricultural tariff agreement resolving threemonth import dispute trading partner according official spokesperson negotiator remain optimistic outcome
681,Shocking video shows politician taking massive bribes in public. Insiders caught this scandalous video on camera showing a prominent celebrity in a heated exchange that the media is trying to delete. Click here to watch before it gets taken down forever! Extra report details suggest that this could change everything.,1,shocking video show politician taking massive bribe public insider caught scandalous video camera showing prominent celebrity heated exchange medium trying delete click watch get taken forever extra report detail suggest could change everything
682,BREAKING: Alien spaceship spotted landing behind the White House! This revolutionary organic capsule burns fat in your sleep without dieting. Clinical trials show individuals losing forty pounds in a week. Big Pharma is attempting to ban sales to protect insulin profit margins. Extra report details suggest that a secret organization is involved.,1,breaking alien spaceship spotted landing behind white house revolutionary organic capsule burn fat sleep without dieting clinical trial show individual losing forty pound week big pharma attempting ban sale protect insulin profit margin extra report detail suggest secret organization involved
683,"Global trade markets stabilize following bilateral trade agreement. The metropolitan transit authority confirmed a long-term capital budget approval to construct three new light-rail stations, aiming to connect suburban sectors to the commercial district by next autumn. According to the official spokesperson, further evaluations are scheduled.",0,global trade market stabilize following bilateral trade agreement metropolitan transit authority confirmed longterm capital budget approval construct three new lightrail station aiming connect suburban sector commercial district next autumn according official spokesperson evaluation scheduled
684,"Global trade markets stabilize following bilateral trade agreement. The Department of Energy approved a federal grant for engineering departments to prototype high-efficiency photovoltaic cells capable of generating power during low-solar winter conditions. According to the official spokesperson, the project is funded publicly.",0,global trade market stabilize following bilateral trade agreement department energy approved federal grant engineering department prototype highefficiency photovoltaic cell capable generating power lowsolar winter condition according official spokesperson project funded publicly
685,"Parliament passes landmark environmental protection bill. The Federal Reserve Board of Governors voted on Wednesday to raise the benchmark interest rate by a quarter point, citing persistent inflation pressures in core services and labor market tightness. According to the official spokesperson, negotiators remain optimistic about outcomes.",0,parliament pass landmark environmental protection bill federal reserve board governor voted wednesday raise benchmark interest rate quarter point citing persistent inflation pressure core service labor market tightness according official spokesperson negotiator remain optimistic outcome
686,URGENT: Global elite planning immediate lockdown next Tuesday! CCTV footage obtained by our network captures a high-ranking official stuffed envelope with cash from a shell corporation representative in exchange for state construction approvals. Extra report details suggest that the media is actively censoring this.,1,urgent global elite planning immediate lockdown next tuesday cctv footage obtained network capture highranking official stuffed envelope cash shell corporation representative exchange state construction approval extra report detail suggest medium actively censoring
687,URGENT: Global elite planning immediate lockdown next Tuesday! A secret whistleblower has leaked documents showing a massive cover-up by pharmaceutical giants who have possessed a full cure for cancer since 1995. Shares of major healthcare corporations are skyrocketing as politicians silent on public trials. Extra report details suggest that insiders are highly worried.,1,urgent global elite planning immediate lockdown next tuesday secret whistleblower leaked document showing massive coverup pharmaceutical giant possessed full cure cancer since share major healthcare corporation skyrocketing politician silent public trial extra report detail suggest insider highly worried
688,"Secret society controls world bank, insider source reveals details. This revolutionary organic capsule burns fat in your sleep without dieting. Clinical trials show individuals losing forty pounds in a week. Big Pharma is attempting to ban sales to protect insulin profit margins. Extra report details suggest that the media is actively censoring this.",1,secret society control world bank insider source reveals detail revolutionary organic capsule burn fat sleep without dieting clinical trial show individual losing forty pound week big pharma attempting ban sale protect insulin profit margin extra report detail suggest medium actively censoring
689,"Federal Reserve announces interest rate hike to combat inflation. The metropolitan transit authority confirmed a long-term capital budget approval to construct three new light-rail stations, aiming to connect suburban sectors to the commercial district by next autumn. According to the official spokesperson, further evaluations are scheduled.",0,federal reserve announces interest rate hike combat inflation metropolitan transit authority confirmed longterm capital budget approval construct three new lightrail station aiming connect suburban sector commercial district next autumn according official spokesperson evaluation scheduled
690,"City council approves $50 million investment for public transit extension. Stock indexes rose slightly in European and Asian markets after negotiators signed a bilateral agricultural tariff agreement, resolving a three-month import dispute between the trading partners. According to the official spokesperson, the project is funded publicly.",0,city council approves million investment public transit extension stock index rose slightly european asian market negotiator signed bilateral agricultural tariff agreement resolving threemonth import dispute trading partner according official spokesperson project funded publicly
691,"Shocking video shows politician taking massive bribes in public. Local water distribution facilities detected high levels of dangerous chemicals, yet central administrations ordered operations to proceed normally to prevent mass panic before election seasons. Extra report details suggest that the media is actively censoring this.",1,shocking video show politician taking massive bribe public local water distribution facility detected high level dangerous chemical yet central administration ordered operation proceed normally prevent mass panic election season extra report detail suggest medium actively censoring
692,"New clinical study links regular exercise to improved cognitive health. The Federal Reserve Board of Governors voted on Wednesday to raise the benchmark interest rate by a quarter point, citing persistent inflation pressures in core services and labor market tightness. According to the official spokesperson, further evaluations are scheduled.",0,new clinical study link regular exercise improved cognitive health federal reserve board governor voted wednesday raise benchmark interest rate quarter point citing persistent inflation pressure core service labor market tightness according official spokesperson evaluation scheduled
693,"Parliament passes landmark environmental protection bill. A heavy-lift rocket successfully placed the advanced meteorological spacecraft into orbit on Sunday, providing forecasters with real-time infrared scans of severe storm formations over the coast. According to the official spokesperson, negotiators remain optimistic about outcomes.",0,parliament pass landmark environmental protection bill heavylift rocket successfully placed advanced meteorological spacecraft orbit sunday providing forecaster realtime infrared scan severe storm formation coast according official spokesperson negotiator remain optimistic outcome
694,Doctors stunned by this simple $5 trick to reverse aging overnight! Classified files released by a hacker group contain stage design prints and audio recordings proving the entire space race was simulated inside a high-security warehouse in Nevada to bankrupt foreign rivals. Extra report details suggest that this could change everything.,1,doctor stunned simple trick reverse aging overnight classified file released hacker group contain stage design print audio recording proving entire space race simulated inside highsecurity warehouse nevada bankrupt foreign rival extra report detail suggest could change everything
695,You won't believe what this Hollywood actor did last night! A secret whistleblower has leaked documents showing a massive cover-up by pharmaceutical giants who have possessed a full cure for cancer since 1995. Shares of major healthcare corporations are skyrocketing as politicians silent on public trials. Extra report details suggest that the media is actively censoring this.,1,wont believe hollywood actor last night secret whistleblower leaked document showing massive coverup pharmaceutical giant possessed full cure cancer since share major healthcare corporation skyrocketing politician silent public trial extra report detail suggest medium actively censoring
696,"Global trade markets stabilize following bilateral trade agreement. Following three days of debate, lawmakers finalized a comprehensive regulation bill setting stricter carbon emission targets for heavy industry and allocating funds for regional reforestation initiatives. According to the official spokesperson, further evaluations are scheduled.",0,global trade market stabilize following bilateral trade agreement following three day debate lawmaker finalized comprehensive regulation bill setting stricter carbon emission target heavy industry allocating fund regional reforestation initiative according official spokesperson evaluation scheduled
697,"Tech conglomerate announces restructuring plan, affecting 5% of workforce. The Department of Energy approved a federal grant for engineering departments to prototype high-efficiency photovoltaic cells capable of generating power during low-solar winter conditions. According to the official spokesperson, the project is funded publicly.",0,tech conglomerate announces restructuring plan affecting workforce department energy approved federal grant engineering department prototype highefficiency photovoltaic cell capable generating power lowsolar winter condition according official spokesperson project funded publicly
698,SHOCKING SECRET: The government cure for cancer they hid from you! Insiders caught this scandalous video on camera showing a prominent celebrity in a heated exchange that the media is trying to delete. Click here to watch before it gets taken down forever! Extra report details suggest that a secret organization is involved.,1,shocking secret government cure cancer hid insider caught scandalous video camera showing prominent celebrity heated exchange medium trying delete click watch get taken forever extra report detail suggest secret organization involved
699,"Global trade markets stabilize following bilateral trade agreement. An oceanographic research vessel initiated a two-month mapping mission in the Pacific, utilizing multi-beam sonar arrays to document topographical features of deep oceanic valleys. According to the official spokesperson, the project is funded publicly.",0,global trade market stabilize following bilateral trade agreement oceanographic research vessel initiated twomonth mapping mission pacific utilizing multibeam sonar array document topographical feature deep oceanic valley according official spokesperson project funded publicly
700,SHOCKING SECRET: The government cure for cancer they hid from you! CCTV footage obtained by our network captures a high-ranking official stuffed envelope with cash from a shell corporation representative in exchange for state construction approvals. Extra report details suggest that the media is actively censoring this.,1,shocking secret government cure cancer hid cctv footage obtained network capture highranking official stuffed envelope cash shell corporation representative exchange state construction approval extra report detail suggest medium actively censoring
701,"Parliament passes landmark environmental protection bill. A heavy-lift rocket successfully placed the advanced meteorological spacecraft into orbit on Sunday, providing forecasters with real-time infrared scans of severe storm formations over the coast. According to the official spokesperson, the policy will take effect next quarter.",0,parliament pass landmark environmental protection bill heavylift rocket successfully placed advanced meteorological spacecraft orbit sunday providing forecaster realtime infrared scan severe storm formation coast according official spokesperson policy take effect next quarter
702,"Local health department reports decline in seasonal influenza cases. Following three days of debate, lawmakers finalized a comprehensive regulation bill setting stricter carbon emission targets for heavy industry and allocating funds for regional reforestation initiatives. According to the official spokesperson, further evaluations are scheduled.",0,local health department report decline seasonal influenza case following three day debate lawmaker finalized comprehensive regulation bill setting stricter carbon emission target heavy industry allocating fund regional reforestation initiative according official spokesperson evaluation scheduled
703,"State university receives major research grant for renewable energy projects. Epidemiological data released in the weekly surveillance report shows a fifteen percent drop in hospital admissions related to respiratory viruses, which health officials attribute to higher vaccination uptake. According to the official spokesperson, further evaluations are scheduled.",0,state university receives major research grant renewable energy project epidemiological data released weekly surveillance report show fifteen percent drop hospital admission related respiratory virus health official attribute higher vaccination uptake according official spokesperson evaluation scheduled
704,"Secret society controls world bank, insider source reveals details. This revolutionary organic capsule burns fat in your sleep without dieting. Clinical trials show individuals losing forty pounds in a week. Big Pharma is attempting to ban sales to protect insulin profit margins. Extra report details suggest that this could change everything.",1,secret society control world bank insider source reveals detail revolutionary organic capsule burn fat sleep without dieting clinical trial show individual losing forty pound week big pharma attempting ban sale protect insulin profit margin extra report detail suggest could change everything
705,You won't believe what this Hollywood actor did last night! A secret whistleblower has leaked documents showing a massive cover-up by pharmaceutical giants who have possessed a full cure for cancer since 1995. Shares of major healthcare corporations are skyrocketing as politicians silent on public trials. Extra report details suggest that this could change everything.,1,wont believe hollywood actor last night secret whistleblower leaked document showing massive coverup pharmaceutical giant possessed full cure cancer since share major healthcare corporation skyrocketing politician silent public trial extra report detail suggest could change everything
706,"Global trade markets stabilize following bilateral trade agreement. Researchers at the National Institute of Health published findings in the Journal of Medicine indicating adults who engage in moderate cardiovascular activity three times a week show higher neuron densities. According to the official spokesperson, the project is funded publicly.",0,global trade market stabilize following bilateral trade agreement researcher national institute health published finding journal medicine indicating adult engage moderate cardiovascular activity three time week show higher neuron density according official spokesperson project funded publicly
707,Miracle weight loss pill doctors don't want you to know about! An anonymous memo circulating within security agencies suggests a simulated crisis will be used to enforce emergency laws. Citizens are urged to store food and withdraw all physical cash immediately. Extra report details suggest that this could change everything.,1,miracle weight loss pill doctor dont want know anonymous memo circulating within security agency suggests simulated crisis used enforce emergency law citizen urged store food withdraw physical cash immediately extra report detail suggest could change everything
708,Shocking video shows politician taking massive bribes in public. An anonymous memo circulating within security agencies suggests a simulated crisis will be used to enforce emergency laws. Citizens are urged to store food and withdraw all physical cash immediately. Extra report details suggest that the media is actively censoring this.,1,shocking video show politician taking massive bribe public anonymous memo circulating within security agency suggests simulated crisis used enforce emergency law citizen urged store food withdraw physical cash immediately extra report detail suggest medium actively censoring
709,SHOCKING SECRET: The government cure for cancer they hid from you! CCTV footage obtained by our network captures a high-ranking official stuffed envelope with cash from a shell corporation representative in exchange for state construction approvals. Extra report details suggest that a secret organization is involved.,1,shocking secret government cure cancer hid cctv footage obtained network capture highranking official stuffed envelope cash shell corporation representative exchange state construction approval extra report detail suggest secret organization involved
710,"Breaking: Major city's water supply poisoned, authorities hiding truth. Local water distribution facilities detected high levels of dangerous chemicals, yet central administrations ordered operations to proceed normally to prevent mass panic before election seasons. Extra report details suggest that the media is actively censoring this.",1,breaking major city water supply poisoned authority hiding truth local water distribution facility detected high level dangerous chemical yet central administration ordered operation proceed normally prevent mass panic election season extra report detail suggest medium actively censoring
711,"BREAKING: Alien spaceship spotted landing behind the White House! Local water distribution facilities detected high levels of dangerous chemicals, yet central administrations ordered operations to proceed normally to prevent mass panic before election seasons. Extra report details suggest that the media is actively censoring this.",1,breaking alien spaceship spotted landing behind white house local water distribution facility detected high level dangerous chemical yet central administration ordered operation proceed normally prevent mass panic election season extra report detail suggest medium actively censoring
712,"You won't believe what this Hollywood actor did last night! Multiple eyewitnesses reported a metallic circular craft descending from the clouds, hovering over the lawn for three minutes before accelerating into orbit. NASA refuses to answer press queries, leading to speculation. Extra report details suggest that the media is actively censoring this.",1,wont believe hollywood actor last night multiple eyewitness reported metallic circular craft descending cloud hovering lawn three minute accelerating orbit nasa refuse answer press query leading speculation extra report detail suggest medium actively censoring
713,"State university receives major research grant for renewable energy projects. The chief executive officer announced in a memorandum to staff that the corporation will consolidate redundant administrative roles to invest heavily in cloud infrastructure research divisions. According to the official spokesperson, the policy will take effect next quarter.",0,state university receives major research grant renewable energy project chief executive officer announced memorandum staff corporation consolidate redundant administrative role invest heavily cloud infrastructure research division according official spokesperson policy take effect next quarter
714,Miracle weight loss pill doctors don't want you to know about! This revolutionary organic capsule burns fat in your sleep without dieting. Clinical trials show individuals losing forty pounds in a week. Big Pharma is attempting to ban sales to protect insulin profit margins. Extra report details suggest that a secret organization is involved.,1,miracle weight loss pill doctor dont want know revolutionary organic capsule burn fat sleep without dieting clinical trial show individual losing forty pound week big pharma attempting ban sale protect insulin profit margin extra report detail suggest secret organization involved
715,"Scientists deploy deep-sea submersibles to map unexplored trenches. An oceanographic research vessel initiated a two-month mapping mission in the Pacific, utilizing multi-beam sonar arrays to document topographical features of deep oceanic valleys. According to the official spokesperson, further evaluations are scheduled.",0,scientist deploy deepsea submersible map unexplored trench oceanographic research vessel initiated twomonth mapping mission pacific utilizing multibeam sonar array document topographical feature deep oceanic valley according official spokesperson evaluation scheduled
716,URGENT: Global elite planning immediate lockdown next Tuesday! CCTV footage obtained by our network captures a high-ranking official stuffed envelope with cash from a shell corporation representative in exchange for state construction approvals. Extra report details suggest that the media is actively censoring this.,1,urgent global elite planning immediate lockdown next tuesday cctv footage obtained network capture highranking official stuffed envelope cash shell corporation representative exchange state construction approval extra report detail suggest medium actively censoring
717,"Global trade markets stabilize following bilateral trade agreement. Researchers at the National Institute of Health published findings in the Journal of Medicine indicating adults who engage in moderate cardiovascular activity three times a week show higher neuron densities. According to the official spokesperson, negotiators remain optimistic about outcomes.",0,global trade market stabilize following bilateral trade agreement researcher national institute health published finding journal medicine indicating adult engage moderate cardiovascular activity three time week show higher neuron density according official spokesperson negotiator remain optimistic outcome
718,"Parliament passes landmark environmental protection bill. The Department of Energy approved a federal grant for engineering departments to prototype high-efficiency photovoltaic cells capable of generating power during low-solar winter conditions. According to the official spokesperson, negotiators remain optimistic about outcomes.",0,parliament pass landmark environmental protection bill department energy approved federal grant engineering department prototype highefficiency photovoltaic cell capable generating power lowsolar winter condition according official spokesperson negotiator remain optimistic outcome
719,"Tech conglomerate announces restructuring plan, affecting 5% of workforce. Following three days of debate, lawmakers finalized a comprehensive regulation bill setting stricter carbon emission targets for heavy industry and allocating funds for regional reforestation initiatives. According to the official spokesperson, the policy will take effect next quarter.",0,tech conglomerate announces restructuring plan affecting workforce following three day debate lawmaker finalized comprehensive regulation bill setting stricter carbon emission target heavy industry allocating fund regional reforestation initiative according official spokesperson policy take effect next quarter
720,"Tech conglomerate announces restructuring plan, affecting 5% of workforce. The metropolitan transit authority confirmed a long-term capital budget approval to construct three new light-rail stations, aiming to connect suburban sectors to the commercial district by next autumn. According to the official spokesperson, the policy will take effect next quarter.",0,tech conglomerate announces restructuring plan affecting workforce metropolitan transit authority confirmed longterm capital budget approval construct three new lightrail station aiming connect suburban sector commercial district next autumn according official spokesperson policy take effect next quarter
721,"Federal Reserve announces interest rate hike to combat inflation. Epidemiological data released in the weekly surveillance report shows a fifteen percent drop in hospital admissions related to respiratory viruses, which health officials attribute to higher vaccination uptake. According to the official spokesperson, the policy will take effect next quarter.",0,federal reserve announces interest rate hike combat inflation epidemiological data released weekly surveillance report show fifteen percent drop hospital admission related respiratory virus health official attribute higher vaccination uptake according official spokesperson policy take effect next quarter
722,"National space agency launches new weather satellite into geostationary orbit. Stock indexes rose slightly in European and Asian markets after negotiators signed a bilateral agricultural tariff agreement, resolving a three-month import dispute between the trading partners. According to the official spokesperson, the project is funded publicly.",0,national space agency launch new weather satellite geostationary orbit stock index rose slightly european asian market negotiator signed bilateral agricultural tariff agreement resolving threemonth import dispute trading partner according official spokesperson project funded publicly
723,"Federal Reserve announces interest rate hike to combat inflation. Stock indexes rose slightly in European and Asian markets after negotiators signed a bilateral agricultural tariff agreement, resolving a three-month import dispute between the trading partners. According to the official spokesperson, negotiators remain optimistic about outcomes.",0,federal reserve announces interest rate hike combat inflation stock index rose slightly european asian market negotiator signed bilateral agricultural tariff agreement resolving threemonth import dispute trading partner according official spokesperson negotiator remain optimistic outcome
724,CONSPIRACY: Landmark study proves the moon landing was filmed in Hollywood. A localized plant extract when consumed with warm water acts as a cognitive booster and reverses cellular decay. Major food companies are buying farmland to monopolize the product. Extra report details suggest that insiders are highly worried.,1,conspiracy landmark study prof moon landing filmed hollywood localized plant extract consumed warm water act cognitive booster revers cellular decay major food company buying farmland monopolize product extra report detail suggest insider highly worried
725,"Breaking: Major city's water supply poisoned, authorities hiding truth. Insiders caught this scandalous video on camera showing a prominent celebrity in a heated exchange that the media is trying to delete. Click here to watch before it gets taken down forever! Extra report details suggest that a secret organization is involved.",1,breaking major city water supply poisoned authority hiding truth insider caught scandalous video camera showing prominent celebrity heated exchange medium trying delete click watch get taken forever extra report detail suggest secret organization involved
726,Miracle weight loss pill doctors don't want you to know about! A localized plant extract when consumed with warm water acts as a cognitive booster and reverses cellular decay. Major food companies are buying farmland to monopolize the product. Extra report details suggest that this could change everything.,1,miracle weight loss pill doctor dont want know localized plant extract consumed warm water act cognitive booster revers cellular decay major food company buying farmland monopolize product extra report detail suggest could change everything
727,"Local health department reports decline in seasonal influenza cases. The Federal Reserve Board of Governors voted on Wednesday to raise the benchmark interest rate by a quarter point, citing persistent inflation pressures in core services and labor market tightness. According to the official spokesperson, the project is funded publicly.",0,local health department report decline seasonal influenza case federal reserve board governor voted wednesday raise benchmark interest rate quarter point citing persistent inflation pressure core service labor market tightness according official spokesperson project funded publicly
728,SHOCKING SECRET: The government cure for cancer they hid from you! CCTV footage obtained by our network captures a high-ranking official stuffed envelope with cash from a shell corporation representative in exchange for state construction approvals. Extra report details suggest that insiders are highly worried.,1,shocking secret government cure cancer hid cctv footage obtained network capture highranking official stuffed envelope cash shell corporation representative exchange state construction approval extra report detail suggest insider highly worried
729,"State university receives major research grant for renewable energy projects. The chief executive officer announced in a memorandum to staff that the corporation will consolidate redundant administrative roles to invest heavily in cloud infrastructure research divisions. According to the official spokesperson, further evaluations are scheduled.",0,state university receives major research grant renewable energy project chief executive officer announced memorandum staff corporation consolidate redundant administrative role invest heavily cloud infrastructure research division according official spokesperson evaluation scheduled
730,"Scientists deploy deep-sea submersibles to map unexplored trenches. Following three days of debate, lawmakers finalized a comprehensive regulation bill setting stricter carbon emission targets for heavy industry and allocating funds for regional reforestation initiatives. According to the official spokesperson, the project is funded publicly.",0,scientist deploy deepsea submersible map unexplored trench following three day debate lawmaker finalized comprehensive regulation bill setting stricter carbon emission target heavy industry allocating fund regional reforestation initiative according official spokesperson project funded publicly
731,"Parliament passes landmark environmental protection bill. Following three days of debate, lawmakers finalized a comprehensive regulation bill setting stricter carbon emission targets for heavy industry and allocating funds for regional reforestation initiatives. According to the official spokesperson, the policy will take effect next quarter.",0,parliament pass landmark environmental protection bill following three day debate lawmaker finalized comprehensive regulation bill setting stricter carbon emission target heavy industry allocating fund regional reforestation initiative according official spokesperson policy take effect next quarter
732,Shocking video shows politician taking massive bribes in public. A secret whistleblower has leaked documents showing a massive cover-up by pharmaceutical giants who have possessed a full cure for cancer since 1995. Shares of major healthcare corporations are skyrocketing as politicians silent on public trials. Extra report details suggest that insiders are highly worried.,1,shocking video show politician taking massive bribe public secret whistleblower leaked document showing massive coverup pharmaceutical giant possessed full cure cancer since share major healthcare corporation skyrocketing politician silent public trial extra report detail suggest insider highly worried
733,"Breaking: Major city's water supply poisoned, authorities hiding truth. Local water distribution facilities detected high levels of dangerous chemicals, yet central administrations ordered operations to proceed normally to prevent mass panic before election seasons. Extra report details suggest that insiders are highly worried.",1,breaking major city water supply poisoned authority hiding truth local water distribution facility detected high level dangerous chemical yet central administration ordered operation proceed normally prevent mass panic election season extra report detail suggest insider highly worried
734,Doctors stunned by this simple $5 trick to reverse aging overnight! Insiders caught this scandalous video on camera showing a prominent celebrity in a heated exchange that the media is trying to delete. Click here to watch before it gets taken down forever! Extra report details suggest that this could change everything.,1,doctor stunned simple trick reverse aging overnight insider caught scandalous video camera showing prominent celebrity heated exchange medium trying delete click watch get taken forever extra report detail suggest could change everything
735,CONSPIRACY: Landmark study proves the moon landing was filmed in Hollywood. An anonymous memo circulating within security agencies suggests a simulated crisis will be used to enforce emergency laws. Citizens are urged to store food and withdraw all physical cash immediately. Extra report details suggest that the media is actively censoring this.,1,conspiracy landmark study prof moon landing filmed hollywood anonymous memo circulating within security agency suggests simulated crisis used enforce emergency law citizen urged store food withdraw physical cash immediately extra report detail suggest medium actively censoring
736,URGENT: Global elite planning immediate lockdown next Tuesday! An anonymous memo circulating within security agencies suggests a simulated crisis will be used to enforce emergency laws. Citizens are urged to store food and withdraw all physical cash immediately. Extra report details suggest that insiders are highly worried.,1,urgent global elite planning immediate lockdown next tuesday anonymous memo circulating within security agency suggests simulated crisis used enforce emergency law citizen urged store food withdraw physical cash immediately extra report detail suggest insider highly worried
737,BREAKING: Alien spaceship spotted landing behind the White House! Leaked records from an offshore bank details transactions linking world leaders to a singular control board that meets annually in Switzerland to dictate inflation rates and trade wars. Extra report details suggest that the media is actively censoring this.,1,breaking alien spaceship spotted landing behind white house leaked record offshore bank detail transaction linking world leader singular control board meet annually switzerland dictate inflation rate trade war extra report detail suggest medium actively censoring
738,"Scientists deploy deep-sea submersibles to map unexplored trenches. A heavy-lift rocket successfully placed the advanced meteorological spacecraft into orbit on Sunday, providing forecasters with real-time infrared scans of severe storm formations over the coast. According to the official spokesperson, negotiators remain optimistic about outcomes.",0,scientist deploy deepsea submersible map unexplored trench heavylift rocket successfully placed advanced meteorological spacecraft orbit sunday providing forecaster realtime infrared scan severe storm formation coast according official spokesperson negotiator remain optimistic outcome
739,"Local health department reports decline in seasonal influenza cases. An oceanographic research vessel initiated a two-month mapping mission in the Pacific, utilizing multi-beam sonar arrays to document topographical features of deep oceanic valleys. According to the official spokesperson, further evaluations are scheduled.",0,local health department report decline seasonal influenza case oceanographic research vessel initiated twomonth mapping mission pacific utilizing multibeam sonar array document topographical feature deep oceanic valley according official spokesperson evaluation scheduled
740,"Scientists deploy deep-sea submersibles to map unexplored trenches. Researchers at the National Institute of Health published findings in the Journal of Medicine indicating adults who engage in moderate cardiovascular activity three times a week show higher neuron densities. According to the official spokesperson, negotiators remain optimistic about outcomes.",0,scientist deploy deepsea submersible map unexplored trench researcher national institute health published finding journal medicine indicating adult engage moderate cardiovascular activity three time week show higher neuron density according official spokesperson negotiator remain optimistic outcome
741,"Federal Reserve announces interest rate hike to combat inflation. The Department of Energy approved a federal grant for engineering departments to prototype high-efficiency photovoltaic cells capable of generating power during low-solar winter conditions. According to the official spokesperson, the policy will take effect next quarter.",0,federal reserve announces interest rate hike combat inflation department energy approved federal grant engineering department prototype highefficiency photovoltaic cell capable generating power lowsolar winter condition according official spokesperson policy take effect next quarter
742,"Global trade markets stabilize following bilateral trade agreement. Epidemiological data released in the weekly surveillance report shows a fifteen percent drop in hospital admissions related to respiratory viruses, which health officials attribute to higher vaccination uptake. According to the official spokesperson, negotiators remain optimistic about outcomes.",0,global trade market stabilize following bilateral trade agreement epidemiological data released weekly surveillance report show fifteen percent drop hospital admission related respiratory virus health official attribute higher vaccination uptake according official spokesperson negotiator remain optimistic outcome
743,BREAKING: Alien spaceship spotted landing behind the White House! A secret whistleblower has leaked documents showing a massive cover-up by pharmaceutical giants who have possessed a full cure for cancer since 1995. Shares of major healthcare corporations are skyrocketing as politicians silent on public trials. Extra report details suggest that a secret organization is involved.,1,breaking alien spaceship spotted landing behind white house secret whistleblower leaked document showing massive coverup pharmaceutical giant possessed full cure cancer since share major healthcare corporation skyrocketing politician silent public trial extra report detail suggest secret organization involved
744,BREAKING: Alien spaceship spotted landing behind the White House! This revolutionary organic capsule burns fat in your sleep without dieting. Clinical trials show individuals losing forty pounds in a week. Big Pharma is attempting to ban sales to protect insulin profit margins. Extra report details suggest that a secret organization is involved.,1,breaking alien spaceship spotted landing behind white house revolutionary organic capsule burn fat sleep without dieting clinical trial show individual losing forty pound week big pharma attempting ban sale protect insulin profit margin extra report detail suggest secret organization involved
745,"City council approves $50 million investment for public transit extension. Epidemiological data released in the weekly surveillance report shows a fifteen percent drop in hospital admissions related to respiratory viruses, which health officials attribute to higher vaccination uptake. According to the official spokesperson, negotiators remain optimistic about outcomes.",0,city council approves million investment public transit extension epidemiological data released weekly surveillance report show fifteen percent drop hospital admission related respiratory virus health official attribute higher vaccination uptake according official spokesperson negotiator remain optimistic outcome
746,"Secret society controls world bank, insider source reveals details. Multiple eyewitnesses reported a metallic circular craft descending from the clouds, hovering over the lawn for three minutes before accelerating into orbit. NASA refuses to answer press queries, leading to speculation. Extra report details suggest that a secret organization is involved.",1,secret society control world bank insider source reveals detail multiple eyewitness reported metallic circular craft descending cloud hovering lawn three minute accelerating orbit nasa refuse answer press query leading speculation extra report detail suggest secret organization involved
747,"Secret society controls world bank, insider source reveals details. Local water distribution facilities detected high levels of dangerous chemicals, yet central administrations ordered operations to proceed normally to prevent mass panic before election seasons. Extra report details suggest that a secret organization is involved.",1,secret society control world bank insider source reveals detail local water distribution facility detected high level dangerous chemical yet central administration ordered operation proceed normally prevent mass panic election season extra report detail suggest secret organization involved
748,"State university receives major research grant for renewable energy projects. A heavy-lift rocket successfully placed the advanced meteorological spacecraft into orbit on Sunday, providing forecasters with real-time infrared scans of severe storm formations over the coast. According to the official spokesperson, the policy will take effect next quarter.",0,state university receives major research grant renewable energy project heavylift rocket successfully placed advanced meteorological spacecraft orbit sunday providing forecaster realtime infrared scan severe storm formation coast according official spokesperson policy take effect next quarter
749,"Scientists deploy deep-sea submersibles to map unexplored trenches. An oceanographic research vessel initiated a two-month mapping mission in the Pacific, utilizing multi-beam sonar arrays to document topographical features of deep oceanic valleys. According to the official spokesperson, the project is funded publicly.",0,scientist deploy deepsea submersible map unexplored trench oceanographic research vessel initiated twomonth mapping mission pacific utilizing multibeam sonar array document topographical feature deep oceanic valley according official spokesperson project funded publicly
750,BREAKING: Alien spaceship spotted landing behind the White House! This revolutionary organic capsule burns fat in your sleep without dieting. Clinical trials show individuals losing forty pounds in a week. Big Pharma is attempting to ban sales to protect insulin profit margins. Extra report details suggest that this could change everything.,1,breaking alien spaceship spotted landing behind white house revolutionary organic capsule burn fat sleep without dieting clinical trial show individual losing forty pound week big pharma attempting ban sale protect insulin profit margin extra report detail suggest could change everything
751,"Federal Reserve announces interest rate hike to combat inflation. The Department of Energy approved a federal grant for engineering departments to prototype high-efficiency photovoltaic cells capable of generating power during low-solar winter conditions. According to the official spokesperson, further evaluations are scheduled.",0,federal reserve announces interest rate hike combat inflation department energy approved federal grant engineering department prototype highefficiency photovoltaic cell capable generating power lowsolar winter condition according official spokesperson evaluation scheduled
752,SHOCKING SECRET: The government cure for cancer they hid from you! CCTV footage obtained by our network captures a high-ranking official stuffed envelope with cash from a shell corporation representative in exchange for state construction approvals. Extra report details suggest that a secret organization is involved.,1,shocking secret government cure cancer hid cctv footage obtained network capture highranking official stuffed envelope cash shell corporation representative exchange state construction approval extra report detail suggest secret organization involved
753,"Parliament passes landmark environmental protection bill. Researchers at the National Institute of Health published findings in the Journal of Medicine indicating adults who engage in moderate cardiovascular activity three times a week show higher neuron densities. According to the official spokesperson, negotiators remain optimistic about outcomes.",0,parliament pass landmark environmental protection bill researcher national institute health published finding journal medicine indicating adult engage moderate cardiovascular activity three time week show higher neuron density according official spokesperson negotiator remain optimistic outcome
754,"Breaking: Major city's water supply poisoned, authorities hiding truth. Multiple eyewitnesses reported a metallic circular craft descending from the clouds, hovering over the lawn for three minutes before accelerating into orbit. NASA refuses to answer press queries, leading to speculation. Extra report details suggest that the media is actively censoring this.",1,breaking major city water supply poisoned authority hiding truth multiple eyewitness reported metallic circular craft descending cloud hovering lawn three minute accelerating orbit nasa refuse answer press query leading speculation extra report detail suggest medium actively censoring
755,"New clinical study links regular exercise to improved cognitive health. Stock indexes rose slightly in European and Asian markets after negotiators signed a bilateral agricultural tariff agreement, resolving a three-month import dispute between the trading partners. According to the official spokesperson, the project is funded publicly.",0,new clinical study link regular exercise improved cognitive health stock index rose slightly european asian market negotiator signed bilateral agricultural tariff agreement resolving threemonth import dispute trading partner according official spokesperson project funded publicly
756,SHOCKING SECRET: The government cure for cancer they hid from you! A localized plant extract when consumed with warm water acts as a cognitive booster and reverses cellular decay. Major food companies are buying farmland to monopolize the product. Extra report details suggest that a secret organization is involved.,1,shocking secret government cure cancer hid localized plant extract consumed warm water act cognitive booster revers cellular decay major food company buying farmland monopolize product extra report detail suggest secret organization involved
757,"Breaking: Major city's water supply poisoned, authorities hiding truth. Insiders caught this scandalous video on camera showing a prominent celebrity in a heated exchange that the media is trying to delete. Click here to watch before it gets taken down forever! Extra report details suggest that the media is actively censoring this.",1,breaking major city water supply poisoned authority hiding truth insider caught scandalous video camera showing prominent celebrity heated exchange medium trying delete click watch get taken forever extra report detail suggest medium actively censoring
758,"New clinical study links regular exercise to improved cognitive health. The chief executive officer announced in a memorandum to staff that the corporation will consolidate redundant administrative roles to invest heavily in cloud infrastructure research divisions. According to the official spokesperson, negotiators remain optimistic about outcomes.",0,new clinical study link regular exercise improved cognitive health chief executive officer announced memorandum staff corporation consolidate redundant administrative role invest heavily cloud infrastructure research division according official spokesperson negotiator remain optimistic outcome
759,CONSPIRACY: Landmark study proves the moon landing was filmed in Hollywood. A secret whistleblower has leaked documents showing a massive cover-up by pharmaceutical giants who have possessed a full cure for cancer since 1995. Shares of major healthcare corporations are skyrocketing as politicians silent on public trials. Extra report details suggest that this could change everything.,1,conspiracy landmark study prof moon landing filmed hollywood secret whistleblower leaked document showing massive coverup pharmaceutical giant possessed full cure cancer since share major healthcare corporation skyrocketing politician silent public trial extra report detail suggest could change everything
760,Shocking video shows politician taking massive bribes in public. A secret whistleblower has leaked documents showing a massive cover-up by pharmaceutical giants who have possessed a full cure for cancer since 1995. Shares of major healthcare corporations are skyrocketing as politicians silent on public trials. Extra report details suggest that the media is actively censoring this.,1,shocking video show politician taking massive bribe public secret whistleblower leaked document showing massive coverup pharmaceutical giant possessed full cure cancer since share major healthcare corporation skyrocketing politician silent public trial extra report detail suggest medium actively censoring
761,"Scientists deploy deep-sea submersibles to map unexplored trenches. The chief executive officer announced in a memorandum to staff that the corporation will consolidate redundant administrative roles to invest heavily in cloud infrastructure research divisions. According to the official spokesperson, the policy will take effect next quarter.",0,scientist deploy deepsea submersible map unexplored trench chief executive officer announced memorandum staff corporation consolidate redundant administrative role invest heavily cloud infrastructure research division according official spokesperson policy take effect next quarter
762,"Secret society controls world bank, insider source reveals details. This revolutionary organic capsule burns fat in your sleep without dieting. Clinical trials show individuals losing forty pounds in a week. Big Pharma is attempting to ban sales to protect insulin profit margins. Extra report details suggest that this could change everything.",1,secret society control world bank insider source reveals detail revolutionary organic capsule burn fat sleep without dieting clinical trial show individual losing forty pound week big pharma attempting ban sale protect insulin profit margin extra report detail suggest could change everything
763,"Miracle weight loss pill doctors don't want you to know about! Local water distribution facilities detected high levels of dangerous chemicals, yet central administrations ordered operations to proceed normally to prevent mass panic before election seasons. Extra report details suggest that insiders are highly worried.",1,miracle weight loss pill doctor dont want know local water distribution facility detected high level dangerous chemical yet central administration ordered operation proceed normally prevent mass panic election season extra report detail suggest insider highly worried
764,"Tech conglomerate announces restructuring plan, affecting 5% of workforce. The metropolitan transit authority confirmed a long-term capital budget approval to construct three new light-rail stations, aiming to connect suburban sectors to the commercial district by next autumn. According to the official spokesperson, further evaluations are scheduled.",0,tech conglomerate announces restructuring plan affecting workforce metropolitan transit authority confirmed longterm capital budget approval construct three new lightrail station aiming connect suburban sector commercial district next autumn according official spokesperson evaluation scheduled
765,SHOCKING SECRET: The government cure for cancer they hid from you! Leaked records from an offshore bank details transactions linking world leaders to a singular control board that meets annually in Switzerland to dictate inflation rates and trade wars. Extra report details suggest that this could change everything.,1,shocking secret government cure cancer hid leaked record offshore bank detail transaction linking world leader singular control board meet annually switzerland dictate inflation rate trade war extra report detail suggest could change everything
766,Doctors stunned by this simple $5 trick to reverse aging overnight! An anonymous memo circulating within security agencies suggests a simulated crisis will be used to enforce emergency laws. Citizens are urged to store food and withdraw all physical cash immediately. Extra report details suggest that a secret organization is involved.,1,doctor stunned simple trick reverse aging overnight anonymous memo circulating within security agency suggests simulated crisis used enforce emergency law citizen urged store food withdraw physical cash immediately extra report detail suggest secret organization involved
767,Miracle weight loss pill doctors don't want you to know about! An anonymous memo circulating within security agencies suggests a simulated crisis will be used to enforce emergency laws. Citizens are urged to store food and withdraw all physical cash immediately. Extra report details suggest that the media is actively censoring this.,1,miracle weight loss pill doctor dont want know anonymous memo circulating within security agency suggests simulated crisis used enforce emergency law citizen urged store food withdraw physical cash immediately extra report detail suggest medium actively censoring
768,You won't believe what this Hollywood actor did last night! A localized plant extract when consumed with warm water acts as a cognitive booster and reverses cellular decay. Major food companies are buying farmland to monopolize the product. Extra report details suggest that this could change everything.,1,wont believe hollywood actor last night localized plant extract consumed warm water act cognitive booster revers cellular decay major food company buying farmland monopolize product extra report detail suggest could change everything
769,"New clinical study links regular exercise to improved cognitive health. The metropolitan transit authority confirmed a long-term capital budget approval to construct three new light-rail stations, aiming to connect suburban sectors to the commercial district by next autumn. According to the official spokesperson, further evaluations are scheduled.",0,new clinical study link regular exercise improved cognitive health metropolitan transit authority confirmed longterm capital budget approval construct three new lightrail station aiming connect suburban sector commercial district next autumn according official spokesperson evaluation scheduled
770,CONSPIRACY: Landmark study proves the moon landing was filmed in Hollywood. Leaked records from an offshore bank details transactions linking world leaders to a singular control board that meets annually in Switzerland to dictate inflation rates and trade wars. Extra report details suggest that the media is actively censoring this.,1,conspiracy landmark study prof moon landing filmed hollywood leaked record offshore bank detail transaction linking world leader singular control board meet annually switzerland dictate inflation rate trade war extra report detail suggest medium actively censoring
771,CONSPIRACY: Landmark study proves the moon landing was filmed in Hollywood. Leaked records from an offshore bank details transactions linking world leaders to a singular control board that meets annually in Switzerland to dictate inflation rates and trade wars. Extra report details suggest that a secret organization is involved.,1,conspiracy landmark study prof moon landing filmed hollywood leaked record offshore bank detail transaction linking world leader singular control board meet annually switzerland dictate inflation rate trade war extra report detail suggest secret organization involved
772,"Federal Reserve announces interest rate hike to combat inflation. An oceanographic research vessel initiated a two-month mapping mission in the Pacific, utilizing multi-beam sonar arrays to document topographical features of deep oceanic valleys. According to the official spokesperson, the project is funded publicly.",0,federal reserve announces interest rate hike combat inflation oceanographic research vessel initiated twomonth mapping mission pacific utilizing multibeam sonar array document topographical feature deep oceanic valley according official spokesperson project funded publicly
773,"New clinical study links regular exercise to improved cognitive health. A heavy-lift rocket successfully placed the advanced meteorological spacecraft into orbit on Sunday, providing forecasters with real-time infrared scans of severe storm formations over the coast. According to the official spokesperson, further evaluations are scheduled.",0,new clinical study link regular exercise improved cognitive health heavylift rocket successfully placed advanced meteorological spacecraft orbit sunday providing forecaster realtime infrared scan severe storm formation coast according official spokesperson evaluation scheduled
774,"Parliament passes landmark environmental protection bill. Stock indexes rose slightly in European and Asian markets after negotiators signed a bilateral agricultural tariff agreement, resolving a three-month import dispute between the trading partners. According to the official spokesperson, negotiators remain optimistic about outcomes.",0,parliament pass landmark environmental protection bill stock index rose slightly european asian market negotiator signed bilateral agricultural tariff agreement resolving threemonth import dispute trading partner according official spokesperson negotiator remain optimistic outcome
775,Doctors stunned by this simple $5 trick to reverse aging overnight! Leaked records from an offshore bank details transactions linking world leaders to a singular control board that meets annually in Switzerland to dictate inflation rates and trade wars. Extra report details suggest that this could change everything.,1,doctor stunned simple trick reverse aging overnight leaked record offshore bank detail transaction linking world leader singular control board meet annually switzerland dictate inflation rate trade war extra report detail suggest could change everything
776,"New clinical study links regular exercise to improved cognitive health. The chief executive officer announced in a memorandum to staff that the corporation will consolidate redundant administrative roles to invest heavily in cloud infrastructure research divisions. According to the official spokesperson, the policy will take effect next quarter.",0,new clinical study link regular exercise improved cognitive health chief executive officer announced memorandum staff corporation consolidate redundant administrative role invest heavily cloud infrastructure research division according official spokesperson policy take effect next quarter
777,"Global trade markets stabilize following bilateral trade agreement. The metropolitan transit authority confirmed a long-term capital budget approval to construct three new light-rail stations, aiming to connect suburban sectors to the commercial district by next autumn. According to the official spokesperson, further evaluations are scheduled.",0,global trade market stabilize following bilateral trade agreement metropolitan transit authority confirmed longterm capital budget approval construct three new lightrail station aiming connect suburban sector commercial district next autumn according official spokesperson evaluation scheduled
778,"New clinical study links regular exercise to improved cognitive health. Epidemiological data released in the weekly surveillance report shows a fifteen percent drop in hospital admissions related to respiratory viruses, which health officials attribute to higher vaccination uptake. According to the official spokesperson, the project is funded publicly.",0,new clinical study link regular exercise improved cognitive health epidemiological data released weekly surveillance report show fifteen percent drop hospital admission related respiratory virus health official attribute higher vaccination uptake according official spokesperson project funded publicly
779,"National space agency launches new weather satellite into geostationary orbit. Epidemiological data released in the weekly surveillance report shows a fifteen percent drop in hospital admissions related to respiratory viruses, which health officials attribute to higher vaccination uptake. According to the official spokesperson, the policy will take effect next quarter.",0,national space agency launch new weather satellite geostationary orbit epidemiological data released weekly surveillance report show fifteen percent drop hospital admission related respiratory virus health official attribute higher vaccination uptake according official spokesperson policy take effect next quarter
780,"Secret society controls world bank, insider source reveals details. Local water distribution facilities detected high levels of dangerous chemicals, yet central administrations ordered operations to proceed normally to prevent mass panic before election seasons. Extra report details suggest that the media is actively censoring this.",1,secret society control world bank insider source reveals detail local water distribution facility detected high level dangerous chemical yet central administration ordered operation proceed normally prevent mass panic election season extra report detail suggest medium actively censoring
781,BREAKING: Alien spaceship spotted landing behind the White House! A secret whistleblower has leaked documents showing a massive cover-up by pharmaceutical giants who have possessed a full cure for cancer since 1995. Shares of major healthcare corporations are skyrocketing as politicians silent on public trials. Extra report details suggest that this could change everything.,1,breaking alien spaceship spotted landing behind white house secret whistleblower leaked document showing massive coverup pharmaceutical giant possessed full cure cancer since share major healthcare corporation skyrocketing politician silent public trial extra report detail suggest could change everything
782,You won't believe what this Hollywood actor did last night! Classified files released by a hacker group contain stage design prints and audio recordings proving the entire space race was simulated inside a high-security warehouse in Nevada to bankrupt foreign rivals. Extra report details suggest that a secret organization is involved.,1,wont believe hollywood actor last night classified file released hacker group contain stage design print audio recording proving entire space race simulated inside highsecurity warehouse nevada bankrupt foreign rival extra report detail suggest secret organization involved
783,"Tech conglomerate announces restructuring plan, affecting 5% of workforce. Stock indexes rose slightly in European and Asian markets after negotiators signed a bilateral agricultural tariff agreement, resolving a three-month import dispute between the trading partners. According to the official spokesperson, further evaluations are scheduled.",0,tech conglomerate announces restructuring plan affecting workforce stock index rose slightly european asian market negotiator signed bilateral agricultural tariff agreement resolving threemonth import dispute trading partner according official spokesperson evaluation scheduled
784,"New clinical study links regular exercise to improved cognitive health. The Federal Reserve Board of Governors voted on Wednesday to raise the benchmark interest rate by a quarter point, citing persistent inflation pressures in core services and labor market tightness. According to the official spokesperson, the project is funded publicly.",0,new clinical study link regular exercise improved cognitive health federal reserve board governor voted wednesday raise benchmark interest rate quarter point citing persistent inflation pressure core service labor market tightness according official spokesperson project funded publicly
785,SHOCKING SECRET: The government cure for cancer they hid from you! A secret whistleblower has leaked documents showing a massive cover-up by pharmaceutical giants who have possessed a full cure for cancer since 1995. Shares of major healthcare corporations are skyrocketing as politicians silent on public trials. Extra report details suggest that a secret organization is involved.,1,shocking secret government cure cancer hid secret whistleblower leaked document showing massive coverup pharmaceutical giant possessed full cure cancer since share major healthcare corporation skyrocketing politician silent public trial extra report detail suggest secret organization involved
786,"State university receives major research grant for renewable energy projects. The Federal Reserve Board of Governors voted on Wednesday to raise the benchmark interest rate by a quarter point, citing persistent inflation pressures in core services and labor market tightness. According to the official spokesperson, the project is funded publicly.",0,state university receives major research grant renewable energy project federal reserve board governor voted wednesday raise benchmark interest rate quarter point citing persistent inflation pressure core service labor market tightness according official spokesperson project funded publicly
787,"Tech conglomerate announces restructuring plan, affecting 5% of workforce. Following three days of debate, lawmakers finalized a comprehensive regulation bill setting stricter carbon emission targets for heavy industry and allocating funds for regional reforestation initiatives. According to the official spokesperson, the project is funded publicly.",0,tech conglomerate announces restructuring plan affecting workforce following three day debate lawmaker finalized comprehensive regulation bill setting stricter carbon emission target heavy industry allocating fund regional reforestation initiative according official spokesperson project funded publicly
788,"State university receives major research grant for renewable energy projects. Stock indexes rose slightly in European and Asian markets after negotiators signed a bilateral agricultural tariff agreement, resolving a three-month import dispute between the trading partners. According to the official spokesperson, further evaluations are scheduled.",0,state university receives major research grant renewable energy project stock index rose slightly european asian market negotiator signed bilateral agricultural tariff agreement resolving threemonth import dispute trading partner according official spokesperson evaluation scheduled
789,"Local health department reports decline in seasonal influenza cases. An oceanographic research vessel initiated a two-month mapping mission in the Pacific, utilizing multi-beam sonar arrays to document topographical features of deep oceanic valleys. According to the official spokesperson, the policy will take effect next quarter.",0,local health department report decline seasonal influenza case oceanographic research vessel initiated twomonth mapping mission pacific utilizing multibeam sonar array document topographical feature deep oceanic valley according official spokesperson policy take effect next quarter
790,"Global trade markets stabilize following bilateral trade agreement. Researchers at the National Institute of Health published findings in the Journal of Medicine indicating adults who engage in moderate cardiovascular activity three times a week show higher neuron densities. According to the official spokesperson, the policy will take effect next quarter.",0,global trade market stabilize following bilateral trade agreement researcher national institute health published finding journal medicine indicating adult engage moderate cardiovascular activity three time week show higher neuron density according official spokesperson policy take effect next quarter
791,"State university receives major research grant for renewable energy projects. The metropolitan transit authority confirmed a long-term capital budget approval to construct three new light-rail stations, aiming to connect suburban sectors to the commercial district by next autumn. According to the official spokesperson, the policy will take effect next quarter.",0,state university receives major research grant renewable energy project metropolitan transit authority confirmed longterm capital budget approval construct three new lightrail station aiming connect suburban sector commercial district next autumn according official spokesperson policy take effect next quarter
792,SHOCKING SECRET: The government cure for cancer they hid from you! A secret whistleblower has leaked documents showing a massive cover-up by pharmaceutical giants who have possessed a full cure for cancer since 1995. Shares of major healthcare corporations are skyrocketing as politicians silent on public trials. Extra report details suggest that this could change everything.,1,shocking secret government cure cancer hid secret whistleblower leaked document showing massive coverup pharmaceutical giant possessed full cure cancer since share major healthcare corporation skyrocketing politician silent public trial extra report detail suggest could change everything
793,"New clinical study links regular exercise to improved cognitive health. A heavy-lift rocket successfully placed the advanced meteorological spacecraft into orbit on Sunday, providing forecasters with real-time infrared scans of severe storm formations over the coast. According to the official spokesperson, negotiators remain optimistic about outcomes.",0,new clinical study link regular exercise improved cognitive health heavylift rocket successfully placed advanced meteorological spacecraft orbit sunday providing forecaster realtime infrared scan severe storm formation coast according official spokesperson negotiator remain optimistic outcome
794,Shocking video shows politician taking massive bribes in public. Classified files released by a hacker group contain stage design prints and audio recordings proving the entire space race was simulated inside a high-security warehouse in Nevada to bankrupt foreign rivals. Extra report details suggest that a secret organization is involved.,1,shocking video show politician taking massive bribe public classified file released hacker group contain stage design print audio recording proving entire space race simulated inside highsecurity warehouse nevada bankrupt foreign rival extra report detail suggest secret organization involved
795,URGENT: Global elite planning immediate lockdown next Tuesday! Insiders caught this scandalous video on camera showing a prominent celebrity in a heated exchange that the media is trying to delete. Click here to watch before it gets taken down forever! Extra report details suggest that insiders are highly worried.,1,urgent global elite planning immediate lockdown next tuesday insider caught scandalous video camera showing prominent celebrity heated exchange medium trying delete click watch get taken forever extra report detail suggest insider highly worried
796,"State university receives major research grant for renewable energy projects. The chief executive officer announced in a memorandum to staff that the corporation will consolidate redundant administrative roles to invest heavily in cloud infrastructure research divisions. According to the official spokesperson, the project is funded publicly.",0,state university receives major research grant renewable energy project chief executive officer announced memorandum staff corporation consolidate redundant administrative role invest heavily cloud infrastructure research division according official spokesperson project funded publicly
797,"Secret society controls world bank, insider source reveals details. A localized plant extract when consumed with warm water acts as a cognitive booster and reverses cellular decay. Major food companies are buying farmland to monopolize the product. Extra report details suggest that the media is actively censoring this.",1,secret society control world bank insider source reveals detail localized plant extract consumed warm water act cognitive booster revers cellular decay major food company buying farmland monopolize product extra report detail suggest medium actively censoring
798,"Breaking: Major city's water supply poisoned, authorities hiding truth. A localized plant extract when consumed with warm water acts as a cognitive booster and reverses cellular decay. Major food companies are buying farmland to monopolize the product. Extra report details suggest that insiders are highly worried.",1,breaking major city water supply poisoned authority hiding truth localized plant extract consumed warm water act cognitive booster revers cellular decay major food company buying farmland monopolize product extra report detail suggest insider highly worried
799,"Tech conglomerate announces restructuring plan, affecting 5% of workforce. Following three days of debate, lawmakers finalized a comprehensive regulation bill setting stricter carbon emission targets for heavy industry and allocating funds for regional reforestation initiatives. According to the official spokesperson, negotiators remain optimistic about outcomes.",0,tech conglomerate announces restructuring plan affecting workforce following three day debate lawmaker finalized comprehensive regulation bill setting stricter carbon emission target heavy industry allocating fund regional reforestation initiative according official spokesperson negotiator remain optimistic outcome
800,"Doctors stunned by this simple $5 trick to reverse aging overnight! Multiple eyewitnesses reported a metallic circular craft descending from the clouds, hovering over the lawn for three minutes before accelerating into orbit. NASA refuses to answer press queries, leading to speculation. Extra report details suggest that this could change everything.",1,doctor stunned simple trick reverse aging overnight multiple eyewitness reported metallic circular craft descending cloud hovering lawn three minute accelerating orbit nasa refuse answer press query leading speculation extra report detail suggest could change everything
801,SHOCKING SECRET: The government cure for cancer they hid from you! This revolutionary organic capsule burns fat in your sleep without dieting. Clinical trials show individuals losing forty pounds in a week. Big Pharma is attempting to ban sales to protect insulin profit margins. Extra report details suggest that a secret organization is involved.,1,shocking secret government cure cancer hid revolutionary organic capsule burn fat sleep without dieting clinical trial show individual losing forty pound week big pharma attempting ban sale protect insulin profit margin extra report detail suggest secret organization involved
802,Shocking video shows politician taking massive bribes in public. CCTV footage obtained by our network captures a high-ranking official stuffed envelope with cash from a shell corporation representative in exchange for state construction approvals. Extra report details suggest that the media is actively censoring this.,1,shocking video show politician taking massive bribe public cctv footage obtained network capture highranking official stuffed envelope cash shell corporation representative exchange state construction approval extra report detail suggest medium actively censoring
803,"Tech conglomerate announces restructuring plan, affecting 5% of workforce. The Department of Energy approved a federal grant for engineering departments to prototype high-efficiency photovoltaic cells capable of generating power during low-solar winter conditions. According to the official spokesperson, negotiators remain optimistic about outcomes.",0,tech conglomerate announces restructuring plan affecting workforce department energy approved federal grant engineering department prototype highefficiency photovoltaic cell capable generating power lowsolar winter condition according official spokesperson negotiator remain optimistic outcome
804,"Local health department reports decline in seasonal influenza cases. Epidemiological data released in the weekly surveillance report shows a fifteen percent drop in hospital admissions related to respiratory viruses, which health officials attribute to higher vaccination uptake. According to the official spokesperson, further evaluations are scheduled.",0,local health department report decline seasonal influenza case epidemiological data released weekly surveillance report show fifteen percent drop hospital admission related respiratory virus health official attribute higher vaccination uptake according official spokesperson evaluation scheduled
805,BREAKING: Alien spaceship spotted landing behind the White House! An anonymous memo circulating within security agencies suggests a simulated crisis will be used to enforce emergency laws. Citizens are urged to store food and withdraw all physical cash immediately. Extra report details suggest that this could change everything.,1,breaking alien spaceship spotted landing behind white house anonymous memo circulating within security agency suggests simulated crisis used enforce emergency law citizen urged store food withdraw physical cash immediately extra report detail suggest could change everything
806,"URGENT: Global elite planning immediate lockdown next Tuesday! Multiple eyewitnesses reported a metallic circular craft descending from the clouds, hovering over the lawn for three minutes before accelerating into orbit. NASA refuses to answer press queries, leading to speculation. Extra report details suggest that the media is actively censoring this.",1,urgent global elite planning immediate lockdown next tuesday multiple eyewitness reported metallic circular craft descending cloud hovering lawn three minute accelerating orbit nasa refuse answer press query leading speculation extra report detail suggest medium actively censoring
807,"Scientists deploy deep-sea submersibles to map unexplored trenches. The Department of Energy approved a federal grant for engineering departments to prototype high-efficiency photovoltaic cells capable of generating power during low-solar winter conditions. According to the official spokesperson, the policy will take effect next quarter.",0,scientist deploy deepsea submersible map unexplored trench department energy approved federal grant engineering department prototype highefficiency photovoltaic cell capable generating power lowsolar winter condition according official spokesperson policy take effect next quarter
808,SHOCKING SECRET: The government cure for cancer they hid from you! A localized plant extract when consumed with warm water acts as a cognitive booster and reverses cellular decay. Major food companies are buying farmland to monopolize the product. Extra report details suggest that this could change everything.,1,shocking secret government cure cancer hid localized plant extract consumed warm water act cognitive booster revers cellular decay major food company buying farmland monopolize product extra report detail suggest could change everything
809,"Global trade markets stabilize following bilateral trade agreement. Following three days of debate, lawmakers finalized a comprehensive regulation bill setting stricter carbon emission targets for heavy industry and allocating funds for regional reforestation initiatives. According to the official spokesperson, the policy will take effect next quarter.",0,global trade market stabilize following bilateral trade agreement following three day debate lawmaker finalized comprehensive regulation bill setting stricter carbon emission target heavy industry allocating fund regional reforestation initiative according official spokesperson policy take effect next quarter
810,"New clinical study links regular exercise to improved cognitive health. Epidemiological data released in the weekly surveillance report shows a fifteen percent drop in hospital admissions related to respiratory viruses, which health officials attribute to higher vaccination uptake. According to the official spokesperson, further evaluations are scheduled.",0,new clinical study link regular exercise improved cognitive health epidemiological data released weekly surveillance report show fifteen percent drop hospital admission related respiratory virus health official attribute higher vaccination uptake according official spokesperson evaluation scheduled
811,"State university receives major research grant for renewable energy projects. The metropolitan transit authority confirmed a long-term capital budget approval to construct three new light-rail stations, aiming to connect suburban sectors to the commercial district by next autumn. According to the official spokesperson, the policy will take effect next quarter.",0,state university receives major research grant renewable energy project metropolitan transit authority confirmed longterm capital budget approval construct three new lightrail station aiming connect suburban sector commercial district next autumn according official spokesperson policy take effect next quarter
812,"National space agency launches new weather satellite into geostationary orbit. Following three days of debate, lawmakers finalized a comprehensive regulation bill setting stricter carbon emission targets for heavy industry and allocating funds for regional reforestation initiatives. According to the official spokesperson, further evaluations are scheduled.",0,national space agency launch new weather satellite geostationary orbit following three day debate lawmaker finalized comprehensive regulation bill setting stricter carbon emission target heavy industry allocating fund regional reforestation initiative according official spokesperson evaluation scheduled
813,SHOCKING SECRET: The government cure for cancer they hid from you! Leaked records from an offshore bank details transactions linking world leaders to a singular control board that meets annually in Switzerland to dictate inflation rates and trade wars. Extra report details suggest that insiders are highly worried.,1,shocking secret government cure cancer hid leaked record offshore bank detail transaction linking world leader singular control board meet annually switzerland dictate inflation rate trade war extra report detail suggest insider highly worried
814,You won't believe what this Hollywood actor did last night! Classified files released by a hacker group contain stage design prints and audio recordings proving the entire space race was simulated inside a high-security warehouse in Nevada to bankrupt foreign rivals. Extra report details suggest that this could change everything.,1,wont believe hollywood actor last night classified file released hacker group contain stage design print audio recording proving entire space race simulated inside highsecurity warehouse nevada bankrupt foreign rival extra report detail suggest could change everything
815,"National space agency launches new weather satellite into geostationary orbit. Stock indexes rose slightly in European and Asian markets after negotiators signed a bilateral agricultural tariff agreement, resolving a three-month import dispute between the trading partners. According to the official spokesperson, the policy will take effect next quarter.",0,national space agency launch new weather satellite geostationary orbit stock index rose slightly european asian market negotiator signed bilateral agricultural tariff agreement resolving threemonth import dispute trading partner according official spokesperson policy take effect next quarter
816,"Breaking: Major city's water supply poisoned, authorities hiding truth. Insiders caught this scandalous video on camera showing a prominent celebrity in a heated exchange that the media is trying to delete. Click here to watch before it gets taken down forever! Extra report details suggest that the media is actively censoring this.",1,breaking major city water supply poisoned authority hiding truth insider caught scandalous video camera showing prominent celebrity heated exchange medium trying delete click watch get taken forever extra report detail suggest medium actively censoring
817,CONSPIRACY: Landmark study proves the moon landing was filmed in Hollywood. A secret whistleblower has leaked documents showing a massive cover-up by pharmaceutical giants who have possessed a full cure for cancer since 1995. Shares of major healthcare corporations are skyrocketing as politicians silent on public trials. Extra report details suggest that insiders are highly worried.,1,conspiracy landmark study prof moon landing filmed hollywood secret whistleblower leaked document showing massive coverup pharmaceutical giant possessed full cure cancer since share major healthcare corporation skyrocketing politician silent public trial extra report detail suggest insider highly worried
818,SHOCKING SECRET: The government cure for cancer they hid from you! CCTV footage obtained by our network captures a high-ranking official stuffed envelope with cash from a shell corporation representative in exchange for state construction approvals. Extra report details suggest that a secret organization is involved.,1,shocking secret government cure cancer hid cctv footage obtained network capture highranking official stuffed envelope cash shell corporation representative exchange state construction approval extra report detail suggest secret organization involved
819,"City council approves $50 million investment for public transit extension. An oceanographic research vessel initiated a two-month mapping mission in the Pacific, utilizing multi-beam sonar arrays to document topographical features of deep oceanic valleys. According to the official spokesperson, further evaluations are scheduled.",0,city council approves million investment public transit extension oceanographic research vessel initiated twomonth mapping mission pacific utilizing multibeam sonar array document topographical feature deep oceanic valley according official spokesperson evaluation scheduled
820,"Miracle weight loss pill doctors don't want you to know about! Multiple eyewitnesses reported a metallic circular craft descending from the clouds, hovering over the lawn for three minutes before accelerating into orbit. NASA refuses to answer press queries, leading to speculation. Extra report details suggest that this could change everything.",1,miracle weight loss pill doctor dont want know multiple eyewitness reported metallic circular craft descending cloud hovering lawn three minute accelerating orbit nasa refuse answer press query leading speculation extra report detail suggest could change everything
821,"Global trade markets stabilize following bilateral trade agreement. The Department of Energy approved a federal grant for engineering departments to prototype high-efficiency photovoltaic cells capable of generating power during low-solar winter conditions. According to the official spokesperson, further evaluations are scheduled.",0,global trade market stabilize following bilateral trade agreement department energy approved federal grant engineering department prototype highefficiency photovoltaic cell capable generating power lowsolar winter condition according official spokesperson evaluation scheduled
822,"Tech conglomerate announces restructuring plan, affecting 5% of workforce. A heavy-lift rocket successfully placed the advanced meteorological spacecraft into orbit on Sunday, providing forecasters with real-time infrared scans of severe storm formations over the coast. According to the official spokesperson, the policy will take effect next quarter.",0,tech conglomerate announces restructuring plan affecting workforce heavylift rocket successfully placed advanced meteorological spacecraft orbit sunday providing forecaster realtime infrared scan severe storm formation coast according official spokesperson policy take effect next quarter
823,CONSPIRACY: Landmark study proves the moon landing was filmed in Hollywood. Leaked records from an offshore bank details transactions linking world leaders to a singular control board that meets annually in Switzerland to dictate inflation rates and trade wars. Extra report details suggest that the media is actively censoring this.,1,conspiracy landmark study prof moon landing filmed hollywood leaked record offshore bank detail transaction linking world leader singular control board meet annually switzerland dictate inflation rate trade war extra report detail suggest medium actively censoring
824,"New clinical study links regular exercise to improved cognitive health. The metropolitan transit authority confirmed a long-term capital budget approval to construct three new light-rail stations, aiming to connect suburban sectors to the commercial district by next autumn. According to the official spokesperson, the policy will take effect next quarter.",0,new clinical study link regular exercise improved cognitive health metropolitan transit authority confirmed longterm capital budget approval construct three new lightrail station aiming connect suburban sector commercial district next autumn according official spokesperson policy take effect next quarter
825,"Tech conglomerate announces restructuring plan, affecting 5% of workforce. Following three days of debate, lawmakers finalized a comprehensive regulation bill setting stricter carbon emission targets for heavy industry and allocating funds for regional reforestation initiatives. According to the official spokesperson, the policy will take effect next quarter.",0,tech conglomerate announces restructuring plan affecting workforce following three day debate lawmaker finalized comprehensive regulation bill setting stricter carbon emission target heavy industry allocating fund regional reforestation initiative according official spokesperson policy take effect next quarter
826,SHOCKING SECRET: The government cure for cancer they hid from you! A localized plant extract when consumed with warm water acts as a cognitive booster and reverses cellular decay. Major food companies are buying farmland to monopolize the product. Extra report details suggest that a secret organization is involved.,1,shocking secret government cure cancer hid localized plant extract consumed warm water act cognitive booster revers cellular decay major food company buying farmland monopolize product extra report detail suggest secret organization involved
827,"New clinical study links regular exercise to improved cognitive health. The Federal Reserve Board of Governors voted on Wednesday to raise the benchmark interest rate by a quarter point, citing persistent inflation pressures in core services and labor market tightness. According to the official spokesperson, the policy will take effect next quarter.",0,new clinical study link regular exercise improved cognitive health federal reserve board governor voted wednesday raise benchmark interest rate quarter point citing persistent inflation pressure core service labor market tightness according official spokesperson policy take effect next quarter
828,BREAKING: Alien spaceship spotted landing behind the White House! Leaked records from an offshore bank details transactions linking world leaders to a singular control board that meets annually in Switzerland to dictate inflation rates and trade wars. Extra report details suggest that this could change everything.,1,breaking alien spaceship spotted landing behind white house leaked record offshore bank detail transaction linking world leader singular control board meet annually switzerland dictate inflation rate trade war extra report detail suggest could change everything
829,"Miracle weight loss pill doctors don't want you to know about! Multiple eyewitnesses reported a metallic circular craft descending from the clouds, hovering over the lawn for three minutes before accelerating into orbit. NASA refuses to answer press queries, leading to speculation. Extra report details suggest that the media is actively censoring this.",1,miracle weight loss pill doctor dont want know multiple eyewitness reported metallic circular craft descending cloud hovering lawn three minute accelerating orbit nasa refuse answer press query leading speculation extra report detail suggest medium actively censoring
830,"Parliament passes landmark environmental protection bill. An oceanographic research vessel initiated a two-month mapping mission in the Pacific, utilizing multi-beam sonar arrays to document topographical features of deep oceanic valleys. According to the official spokesperson, the policy will take effect next quarter.",0,parliament pass landmark environmental protection bill oceanographic research vessel initiated twomonth mapping mission pacific utilizing multibeam sonar array document topographical feature deep oceanic valley according official spokesperson policy take effect next quarter
831,URGENT: Global elite planning immediate lockdown next Tuesday! Classified files released by a hacker group contain stage design prints and audio recordings proving the entire space race was simulated inside a high-security warehouse in Nevada to bankrupt foreign rivals. Extra report details suggest that this could change everything.,1,urgent global elite planning immediate lockdown next tuesday classified file released hacker group contain stage design print audio recording proving entire space race simulated inside highsecurity warehouse nevada bankrupt foreign rival extra report detail suggest could change everything
832,"Tech conglomerate announces restructuring plan, affecting 5% of workforce. Stock indexes rose slightly in European and Asian markets after negotiators signed a bilateral agricultural tariff agreement, resolving a three-month import dispute between the trading partners. According to the official spokesperson, the project is funded publicly.",0,tech conglomerate announces restructuring plan affecting workforce stock index rose slightly european asian market negotiator signed bilateral agricultural tariff agreement resolving threemonth import dispute trading partner according official spokesperson project funded publicly
833,"City council approves $50 million investment for public transit extension. The metropolitan transit authority confirmed a long-term capital budget approval to construct three new light-rail stations, aiming to connect suburban sectors to the commercial district by next autumn. According to the official spokesperson, the project is funded publicly.",0,city council approves million investment public transit extension metropolitan transit authority confirmed longterm capital budget approval construct three new lightrail station aiming connect suburban sector commercial district next autumn according official spokesperson project funded publicly
834,BREAKING: Alien spaceship spotted landing behind the White House! CCTV footage obtained by our network captures a high-ranking official stuffed envelope with cash from a shell corporation representative in exchange for state construction approvals. Extra report details suggest that a secret organization is involved.,1,breaking alien spaceship spotted landing behind white house cctv footage obtained network capture highranking official stuffed envelope cash shell corporation representative exchange state construction approval extra report detail suggest secret organization involved
835,"Shocking video shows politician taking massive bribes in public. Multiple eyewitnesses reported a metallic circular craft descending from the clouds, hovering over the lawn for three minutes before accelerating into orbit. NASA refuses to answer press queries, leading to speculation. Extra report details suggest that insiders are highly worried.",1,shocking video show politician taking massive bribe public multiple eyewitness reported metallic circular craft descending cloud hovering lawn three minute accelerating orbit nasa refuse answer press query leading speculation extra report detail suggest insider highly worried
836,"Tech conglomerate announces restructuring plan, affecting 5% of workforce. The metropolitan transit authority confirmed a long-term capital budget approval to construct three new light-rail stations, aiming to connect suburban sectors to the commercial district by next autumn. According to the official spokesperson, negotiators remain optimistic about outcomes.",0,tech conglomerate announces restructuring plan affecting workforce metropolitan transit authority confirmed longterm capital budget approval construct three new lightrail station aiming connect suburban sector commercial district next autumn according official spokesperson negotiator remain optimistic outcome
837,"BREAKING: Alien spaceship spotted landing behind the White House! Multiple eyewitnesses reported a metallic circular craft descending from the clouds, hovering over the lawn for three minutes before accelerating into orbit. NASA refuses to answer press queries, leading to speculation. Extra report details suggest that a secret organization is involved.",1,breaking alien spaceship spotted landing behind white house multiple eyewitness reported metallic circular craft descending cloud hovering lawn three minute accelerating orbit nasa refuse answer press query leading speculation extra report detail suggest secret organization involved
838,"Federal Reserve announces interest rate hike to combat inflation. The metropolitan transit authority confirmed a long-term capital budget approval to construct three new light-rail stations, aiming to connect suburban sectors to the commercial district by next autumn. According to the official spokesperson, the project is funded publicly.",0,federal reserve announces interest rate hike combat inflation metropolitan transit authority confirmed longterm capital budget approval construct three new lightrail station aiming connect suburban sector commercial district next autumn according official spokesperson project funded publicly
839,"Breaking: Major city's water supply poisoned, authorities hiding truth. Insiders caught this scandalous video on camera showing a prominent celebrity in a heated exchange that the media is trying to delete. Click here to watch before it gets taken down forever! Extra report details suggest that the media is actively censoring this.",1,breaking major city water supply poisoned authority hiding truth insider caught scandalous video camera showing prominent celebrity heated exchange medium trying delete click watch get taken forever extra report detail suggest medium actively censoring
840,"City council approves $50 million investment for public transit extension. The metropolitan transit authority confirmed a long-term capital budget approval to construct three new light-rail stations, aiming to connect suburban sectors to the commercial district by next autumn. According to the official spokesperson, the project is funded publicly.",0,city council approves million investment public transit extension metropolitan transit authority confirmed longterm capital budget approval construct three new lightrail station aiming connect suburban sector commercial district next autumn according official spokesperson project funded publicly
841,"State university receives major research grant for renewable energy projects. The metropolitan transit authority confirmed a long-term capital budget approval to construct three new light-rail stations, aiming to connect suburban sectors to the commercial district by next autumn. According to the official spokesperson, negotiators remain optimistic about outcomes.",0,state university receives major research grant renewable energy project metropolitan transit authority confirmed longterm capital budget approval construct three new lightrail station aiming connect suburban sector commercial district next autumn according official spokesperson negotiator remain optimistic outcome
842,SHOCKING SECRET: The government cure for cancer they hid from you! Leaked records from an offshore bank details transactions linking world leaders to a singular control board that meets annually in Switzerland to dictate inflation rates and trade wars. Extra report details suggest that the media is actively censoring this.,1,shocking secret government cure cancer hid leaked record offshore bank detail transaction linking world leader singular control board meet annually switzerland dictate inflation rate trade war extra report detail suggest medium actively censoring
843,"New clinical study links regular exercise to improved cognitive health. Stock indexes rose slightly in European and Asian markets after negotiators signed a bilateral agricultural tariff agreement, resolving a three-month import dispute between the trading partners. According to the official spokesperson, negotiators remain optimistic about outcomes.",0,new clinical study link regular exercise improved cognitive health stock index rose slightly european asian market negotiator signed bilateral agricultural tariff agreement resolving threemonth import dispute trading partner according official spokesperson negotiator remain optimistic outcome
844,Shocking video shows politician taking massive bribes in public. A localized plant extract when consumed with warm water acts as a cognitive booster and reverses cellular decay. Major food companies are buying farmland to monopolize the product. Extra report details suggest that a secret organization is involved.,1,shocking video show politician taking massive bribe public localized plant extract consumed warm water act cognitive booster revers cellular decay major food company buying farmland monopolize product extra report detail suggest secret organization involved
845,"Parliament passes landmark environmental protection bill. Researchers at the National Institute of Health published findings in the Journal of Medicine indicating adults who engage in moderate cardiovascular activity three times a week show higher neuron densities. According to the official spokesperson, further evaluations are scheduled.",0,parliament pass landmark environmental protection bill researcher national institute health published finding journal medicine indicating adult engage moderate cardiovascular activity three time week show higher neuron density according official spokesperson evaluation scheduled
846,"City council approves $50 million investment for public transit extension. The Department of Energy approved a federal grant for engineering departments to prototype high-efficiency photovoltaic cells capable of generating power during low-solar winter conditions. According to the official spokesperson, further evaluations are scheduled.",0,city council approves million investment public transit extension department energy approved federal grant engineering department prototype highefficiency photovoltaic cell capable generating power lowsolar winter condition according official spokesperson evaluation scheduled
847,"Parliament passes landmark environmental protection bill. Following three days of debate, lawmakers finalized a comprehensive regulation bill setting stricter carbon emission targets for heavy industry and allocating funds for regional reforestation initiatives. According to the official spokesperson, the policy will take effect next quarter.",0,parliament pass landmark environmental protection bill following three day debate lawmaker finalized comprehensive regulation bill setting stricter carbon emission target heavy industry allocating fund regional reforestation initiative according official spokesperson policy take effect next quarter
848,"Secret society controls world bank, insider source reveals details. A localized plant extract when consumed with warm water acts as a cognitive booster and reverses cellular decay. Major food companies are buying farmland to monopolize the product. Extra report details suggest that this could change everything.",1,secret society control world bank insider source reveals detail localized plant extract consumed warm water act cognitive booster revers cellular decay major food company buying farmland monopolize product extra report detail suggest could change everything
849,"Shocking video shows politician taking massive bribes in public. Local water distribution facilities detected high levels of dangerous chemicals, yet central administrations ordered operations to proceed normally to prevent mass panic before election seasons. Extra report details suggest that the media is actively censoring this.",1,shocking video show politician taking massive bribe public local water distribution facility detected high level dangerous chemical yet central administration ordered operation proceed normally prevent mass panic election season extra report detail suggest medium actively censoring
850,You won't believe what this Hollywood actor did last night! A secret whistleblower has leaked documents showing a massive cover-up by pharmaceutical giants who have possessed a full cure for cancer since 1995. Shares of major healthcare corporations are skyrocketing as politicians silent on public trials. Extra report details suggest that the media is actively censoring this.,1,wont believe hollywood actor last night secret whistleblower leaked document showing massive coverup pharmaceutical giant possessed full cure cancer since share major healthcare corporation skyrocketing politician silent public trial extra report detail suggest medium actively censoring
851,"New clinical study links regular exercise to improved cognitive health. The Department of Energy approved a federal grant for engineering departments to prototype high-efficiency photovoltaic cells capable of generating power during low-solar winter conditions. According to the official spokesperson, further evaluations are scheduled.",0,new clinical study link regular exercise improved cognitive health department energy approved federal grant engineering department prototype highefficiency photovoltaic cell capable generating power lowsolar winter condition according official spokesperson evaluation scheduled
852,"National space agency launches new weather satellite into geostationary orbit. The metropolitan transit authority confirmed a long-term capital budget approval to construct three new light-rail stations, aiming to connect suburban sectors to the commercial district by next autumn. According to the official spokesperson, the policy will take effect next quarter.",0,national space agency launch new weather satellite geostationary orbit metropolitan transit authority confirmed longterm capital budget approval construct three new lightrail station aiming connect suburban sector commercial district next autumn according official spokesperson policy take effect next quarter
853,"City council approves $50 million investment for public transit extension. Stock indexes rose slightly in European and Asian markets after negotiators signed a bilateral agricultural tariff agreement, resolving a three-month import dispute between the trading partners. According to the official spokesperson, negotiators remain optimistic about outcomes.",0,city council approves million investment public transit extension stock index rose slightly european asian market negotiator signed bilateral agricultural tariff agreement resolving threemonth import dispute trading partner according official spokesperson negotiator remain optimistic outcome
854,"Local health department reports decline in seasonal influenza cases. The Federal Reserve Board of Governors voted on Wednesday to raise the benchmark interest rate by a quarter point, citing persistent inflation pressures in core services and labor market tightness. According to the official spokesperson, the policy will take effect next quarter.",0,local health department report decline seasonal influenza case federal reserve board governor voted wednesday raise benchmark interest rate quarter point citing persistent inflation pressure core service labor market tightness according official spokesperson policy take effect next quarter
855,"Global trade markets stabilize following bilateral trade agreement. The Federal Reserve Board of Governors voted on Wednesday to raise the benchmark interest rate by a quarter point, citing persistent inflation pressures in core services and labor market tightness. According to the official spokesperson, the policy will take effect next quarter.",0,global trade market stabilize following bilateral trade agreement federal reserve board governor voted wednesday raise benchmark interest rate quarter point citing persistent inflation pressure core service labor market tightness according official spokesperson policy take effect next quarter
856,"Breaking: Major city's water supply poisoned, authorities hiding truth. Local water distribution facilities detected high levels of dangerous chemicals, yet central administrations ordered operations to proceed normally to prevent mass panic before election seasons. Extra report details suggest that this could change everything.",1,breaking major city water supply poisoned authority hiding truth local water distribution facility detected high level dangerous chemical yet central administration ordered operation proceed normally prevent mass panic election season extra report detail suggest could change everything
857,"Secret society controls world bank, insider source reveals details. Classified files released by a hacker group contain stage design prints and audio recordings proving the entire space race was simulated inside a high-security warehouse in Nevada to bankrupt foreign rivals. Extra report details suggest that insiders are highly worried.",1,secret society control world bank insider source reveals detail classified file released hacker group contain stage design print audio recording proving entire space race simulated inside highsecurity warehouse nevada bankrupt foreign rival extra report detail suggest insider highly worried
858,"Federal Reserve announces interest rate hike to combat inflation. Stock indexes rose slightly in European and Asian markets after negotiators signed a bilateral agricultural tariff agreement, resolving a three-month import dispute between the trading partners. According to the official spokesperson, negotiators remain optimistic about outcomes.",0,federal reserve announces interest rate hike combat inflation stock index rose slightly european asian market negotiator signed bilateral agricultural tariff agreement resolving threemonth import dispute trading partner according official spokesperson negotiator remain optimistic outcome
859,"Local health department reports decline in seasonal influenza cases. The metropolitan transit authority confirmed a long-term capital budget approval to construct three new light-rail stations, aiming to connect suburban sectors to the commercial district by next autumn. According to the official spokesperson, the policy will take effect next quarter.",0,local health department report decline seasonal influenza case metropolitan transit authority confirmed longterm capital budget approval construct three new lightrail station aiming connect suburban sector commercial district next autumn according official spokesperson policy take effect next quarter
860,"Scientists deploy deep-sea submersibles to map unexplored trenches. Following three days of debate, lawmakers finalized a comprehensive regulation bill setting stricter carbon emission targets for heavy industry and allocating funds for regional reforestation initiatives. According to the official spokesperson, the project is funded publicly.",0,scientist deploy deepsea submersible map unexplored trench following three day debate lawmaker finalized comprehensive regulation bill setting stricter carbon emission target heavy industry allocating fund regional reforestation initiative according official spokesperson project funded publicly
861,URGENT: Global elite planning immediate lockdown next Tuesday! A secret whistleblower has leaked documents showing a massive cover-up by pharmaceutical giants who have possessed a full cure for cancer since 1995. Shares of major healthcare corporations are skyrocketing as politicians silent on public trials. Extra report details suggest that a secret organization is involved.,1,urgent global elite planning immediate lockdown next tuesday secret whistleblower leaked document showing massive coverup pharmaceutical giant possessed full cure cancer since share major healthcare corporation skyrocketing politician silent public trial extra report detail suggest secret organization involved
862,"New clinical study links regular exercise to improved cognitive health. The Department of Energy approved a federal grant for engineering departments to prototype high-efficiency photovoltaic cells capable of generating power during low-solar winter conditions. According to the official spokesperson, the project is funded publicly.",0,new clinical study link regular exercise improved cognitive health department energy approved federal grant engineering department prototype highefficiency photovoltaic cell capable generating power lowsolar winter condition according official spokesperson project funded publicly
863,"Parliament passes landmark environmental protection bill. Researchers at the National Institute of Health published findings in the Journal of Medicine indicating adults who engage in moderate cardiovascular activity three times a week show higher neuron densities. According to the official spokesperson, negotiators remain optimistic about outcomes.",0,parliament pass landmark environmental protection bill researcher national institute health published finding journal medicine indicating adult engage moderate cardiovascular activity three time week show higher neuron density according official spokesperson negotiator remain optimistic outcome
864,"City council approves $50 million investment for public transit extension. Following three days of debate, lawmakers finalized a comprehensive regulation bill setting stricter carbon emission targets for heavy industry and allocating funds for regional reforestation initiatives. According to the official spokesperson, further evaluations are scheduled.",0,city council approves million investment public transit extension following three day debate lawmaker finalized comprehensive regulation bill setting stricter carbon emission target heavy industry allocating fund regional reforestation initiative according official spokesperson evaluation scheduled
865,"Federal Reserve announces interest rate hike to combat inflation. The metropolitan transit authority confirmed a long-term capital budget approval to construct three new light-rail stations, aiming to connect suburban sectors to the commercial district by next autumn. According to the official spokesperson, further evaluations are scheduled.",0,federal reserve announces interest rate hike combat inflation metropolitan transit authority confirmed longterm capital budget approval construct three new lightrail station aiming connect suburban sector commercial district next autumn according official spokesperson evaluation scheduled
866,Miracle weight loss pill doctors don't want you to know about! Insiders caught this scandalous video on camera showing a prominent celebrity in a heated exchange that the media is trying to delete. Click here to watch before it gets taken down forever! Extra report details suggest that this could change everything.,1,miracle weight loss pill doctor dont want know insider caught scandalous video camera showing prominent celebrity heated exchange medium trying delete click watch get taken forever extra report detail suggest could change everything
867,"Parliament passes landmark environmental protection bill. Researchers at the National Institute of Health published findings in the Journal of Medicine indicating adults who engage in moderate cardiovascular activity three times a week show higher neuron densities. According to the official spokesperson, negotiators remain optimistic about outcomes.",0,parliament pass landmark environmental protection bill researcher national institute health published finding journal medicine indicating adult engage moderate cardiovascular activity three time week show higher neuron density according official spokesperson negotiator remain optimistic outcome
868,"Scientists deploy deep-sea submersibles to map unexplored trenches. Epidemiological data released in the weekly surveillance report shows a fifteen percent drop in hospital admissions related to respiratory viruses, which health officials attribute to higher vaccination uptake. According to the official spokesperson, the policy will take effect next quarter.",0,scientist deploy deepsea submersible map unexplored trench epidemiological data released weekly surveillance report show fifteen percent drop hospital admission related respiratory virus health official attribute higher vaccination uptake according official spokesperson policy take effect next quarter
869,"State university receives major research grant for renewable energy projects. The Department of Energy approved a federal grant for engineering departments to prototype high-efficiency photovoltaic cells capable of generating power during low-solar winter conditions. According to the official spokesperson, the policy will take effect next quarter.",0,state university receives major research grant renewable energy project department energy approved federal grant engineering department prototype highefficiency photovoltaic cell capable generating power lowsolar winter condition according official spokesperson policy take effect next quarter
870,"Breaking: Major city's water supply poisoned, authorities hiding truth. Classified files released by a hacker group contain stage design prints and audio recordings proving the entire space race was simulated inside a high-security warehouse in Nevada to bankrupt foreign rivals. Extra report details suggest that insiders are highly worried.",1,breaking major city water supply poisoned authority hiding truth classified file released hacker group contain stage design print audio recording proving entire space race simulated inside highsecurity warehouse nevada bankrupt foreign rival extra report detail suggest insider highly worried
871,"Breaking: Major city's water supply poisoned, authorities hiding truth. Multiple eyewitnesses reported a metallic circular craft descending from the clouds, hovering over the lawn for three minutes before accelerating into orbit. NASA refuses to answer press queries, leading to speculation. Extra report details suggest that insiders are highly worried.",1,breaking major city water supply poisoned authority hiding truth multiple eyewitness reported metallic circular craft descending cloud hovering lawn three minute accelerating orbit nasa refuse answer press query leading speculation extra report detail suggest insider highly worried
872,URGENT: Global elite planning immediate lockdown next Tuesday! Insiders caught this scandalous video on camera showing a prominent celebrity in a heated exchange that the media is trying to delete. Click here to watch before it gets taken down forever! Extra report details suggest that this could change everything.,1,urgent global elite planning immediate lockdown next tuesday insider caught scandalous video camera showing prominent celebrity heated exchange medium trying delete click watch get taken forever extra report detail suggest could change everything
873,CONSPIRACY: Landmark study proves the moon landing was filmed in Hollywood. Classified files released by a hacker group contain stage design prints and audio recordings proving the entire space race was simulated inside a high-security warehouse in Nevada to bankrupt foreign rivals. Extra report details suggest that insiders are highly worried.,1,conspiracy landmark study prof moon landing filmed hollywood classified file released hacker group contain stage design print audio recording proving entire space race simulated inside highsecurity warehouse nevada bankrupt foreign rival extra report detail suggest insider highly worried
874,"New clinical study links regular exercise to improved cognitive health. Stock indexes rose slightly in European and Asian markets after negotiators signed a bilateral agricultural tariff agreement, resolving a three-month import dispute between the trading partners. According to the official spokesperson, negotiators remain optimistic about outcomes.",0,new clinical study link regular exercise improved cognitive health stock index rose slightly european asian market negotiator signed bilateral agricultural tariff agreement resolving threemonth import dispute trading partner according official spokesperson negotiator remain optimistic outcome
875,"Federal Reserve announces interest rate hike to combat inflation. Researchers at the National Institute of Health published findings in the Journal of Medicine indicating adults who engage in moderate cardiovascular activity three times a week show higher neuron densities. According to the official spokesperson, the project is funded publicly.",0,federal reserve announces interest rate hike combat inflation researcher national institute health published finding journal medicine indicating adult engage moderate cardiovascular activity three time week show higher neuron density according official spokesperson project funded publicly
876,CONSPIRACY: Landmark study proves the moon landing was filmed in Hollywood. A secret whistleblower has leaked documents showing a massive cover-up by pharmaceutical giants who have possessed a full cure for cancer since 1995. Shares of major healthcare corporations are skyrocketing as politicians silent on public trials. Extra report details suggest that the media is actively censoring this.,1,conspiracy landmark study prof moon landing filmed hollywood secret whistleblower leaked document showing massive coverup pharmaceutical giant possessed full cure cancer since share major healthcare corporation skyrocketing politician silent public trial extra report detail suggest medium actively censoring
877,SHOCKING SECRET: The government cure for cancer they hid from you! Classified files released by a hacker group contain stage design prints and audio recordings proving the entire space race was simulated inside a high-security warehouse in Nevada to bankrupt foreign rivals. Extra report details suggest that the media is actively censoring this.,1,shocking secret government cure cancer hid classified file released hacker group contain stage design print audio recording proving entire space race simulated inside highsecurity warehouse nevada bankrupt foreign rival extra report detail suggest medium actively censoring
878,"New clinical study links regular exercise to improved cognitive health. A heavy-lift rocket successfully placed the advanced meteorological spacecraft into orbit on Sunday, providing forecasters with real-time infrared scans of severe storm formations over the coast. According to the official spokesperson, the policy will take effect next quarter.",0,new clinical study link regular exercise improved cognitive health heavylift rocket successfully placed advanced meteorological spacecraft orbit sunday providing forecaster realtime infrared scan severe storm formation coast according official spokesperson policy take effect next quarter
879,"Global trade markets stabilize following bilateral trade agreement. Epidemiological data released in the weekly surveillance report shows a fifteen percent drop in hospital admissions related to respiratory viruses, which health officials attribute to higher vaccination uptake. According to the official spokesperson, further evaluations are scheduled.",0,global trade market stabilize following bilateral trade agreement epidemiological data released weekly surveillance report show fifteen percent drop hospital admission related respiratory virus health official attribute higher vaccination uptake according official spokesperson evaluation scheduled
880,"State university receives major research grant for renewable energy projects. The Federal Reserve Board of Governors voted on Wednesday to raise the benchmark interest rate by a quarter point, citing persistent inflation pressures in core services and labor market tightness. According to the official spokesperson, the project is funded publicly.",0,state university receives major research grant renewable energy project federal reserve board governor voted wednesday raise benchmark interest rate quarter point citing persistent inflation pressure core service labor market tightness according official spokesperson project funded publicly
881,"You won't believe what this Hollywood actor did last night! Multiple eyewitnesses reported a metallic circular craft descending from the clouds, hovering over the lawn for three minutes before accelerating into orbit. NASA refuses to answer press queries, leading to speculation. Extra report details suggest that a secret organization is involved.",1,wont believe hollywood actor last night multiple eyewitness reported metallic circular craft descending cloud hovering lawn three minute accelerating orbit nasa refuse answer press query leading speculation extra report detail suggest secret organization involved
882,"URGENT: Global elite planning immediate lockdown next Tuesday! Multiple eyewitnesses reported a metallic circular craft descending from the clouds, hovering over the lawn for three minutes before accelerating into orbit. NASA refuses to answer press queries, leading to speculation. Extra report details suggest that the media is actively censoring this.",1,urgent global elite planning immediate lockdown next tuesday multiple eyewitness reported metallic circular craft descending cloud hovering lawn three minute accelerating orbit nasa refuse answer press query leading speculation extra report detail suggest medium actively censoring
883,Miracle weight loss pill doctors don't want you to know about! Leaked records from an offshore bank details transactions linking world leaders to a singular control board that meets annually in Switzerland to dictate inflation rates and trade wars. Extra report details suggest that the media is actively censoring this.,1,miracle weight loss pill doctor dont want know leaked record offshore bank detail transaction linking world leader singular control board meet annually switzerland dictate inflation rate trade war extra report detail suggest medium actively censoring
884,"Breaking: Major city's water supply poisoned, authorities hiding truth. This revolutionary organic capsule burns fat in your sleep without dieting. Clinical trials show individuals losing forty pounds in a week. Big Pharma is attempting to ban sales to protect insulin profit margins. Extra report details suggest that a secret organization is involved.",1,breaking major city water supply poisoned authority hiding truth revolutionary organic capsule burn fat sleep without dieting clinical trial show individual losing forty pound week big pharma attempting ban sale protect insulin profit margin extra report detail suggest secret organization involved
885,"City council approves $50 million investment for public transit extension. Following three days of debate, lawmakers finalized a comprehensive regulation bill setting stricter carbon emission targets for heavy industry and allocating funds for regional reforestation initiatives. According to the official spokesperson, the policy will take effect next quarter.",0,city council approves million investment public transit extension following three day debate lawmaker finalized comprehensive regulation bill setting stricter carbon emission target heavy industry allocating fund regional reforestation initiative according official spokesperson policy take effect next quarter
886,"State university receives major research grant for renewable energy projects. An oceanographic research vessel initiated a two-month mapping mission in the Pacific, utilizing multi-beam sonar arrays to document topographical features of deep oceanic valleys. According to the official spokesperson, further evaluations are scheduled.",0,state university receives major research grant renewable energy project oceanographic research vessel initiated twomonth mapping mission pacific utilizing multibeam sonar array document topographical feature deep oceanic valley according official spokesperson evaluation scheduled
887,"Local health department reports decline in seasonal influenza cases. The Federal Reserve Board of Governors voted on Wednesday to raise the benchmark interest rate by a quarter point, citing persistent inflation pressures in core services and labor market tightness. According to the official spokesperson, further evaluations are scheduled.",0,local health department report decline seasonal influenza case federal reserve board governor voted wednesday raise benchmark interest rate quarter point citing persistent inflation pressure core service labor market tightness according official spokesperson evaluation scheduled
888,"National space agency launches new weather satellite into geostationary orbit. Following three days of debate, lawmakers finalized a comprehensive regulation bill setting stricter carbon emission targets for heavy industry and allocating funds for regional reforestation initiatives. According to the official spokesperson, the project is funded publicly.",0,national space agency launch new weather satellite geostationary orbit following three day debate lawmaker finalized comprehensive regulation bill setting stricter carbon emission target heavy industry allocating fund regional reforestation initiative according official spokesperson project funded publicly
889,SHOCKING SECRET: The government cure for cancer they hid from you! Classified files released by a hacker group contain stage design prints and audio recordings proving the entire space race was simulated inside a high-security warehouse in Nevada to bankrupt foreign rivals. Extra report details suggest that insiders are highly worried.,1,shocking secret government cure cancer hid classified file released hacker group contain stage design print audio recording proving entire space race simulated inside highsecurity warehouse nevada bankrupt foreign rival extra report detail suggest insider highly worried
890,"Miracle weight loss pill doctors don't want you to know about! Local water distribution facilities detected high levels of dangerous chemicals, yet central administrations ordered operations to proceed normally to prevent mass panic before election seasons. Extra report details suggest that the media is actively censoring this.",1,miracle weight loss pill doctor dont want know local water distribution facility detected high level dangerous chemical yet central administration ordered operation proceed normally prevent mass panic election season extra report detail suggest medium actively censoring
891,"CONSPIRACY: Landmark study proves the moon landing was filmed in Hollywood. Local water distribution facilities detected high levels of dangerous chemicals, yet central administrations ordered operations to proceed normally to prevent mass panic before election seasons. Extra report details suggest that the media is actively censoring this.",1,conspiracy landmark study prof moon landing filmed hollywood local water distribution facility detected high level dangerous chemical yet central administration ordered operation proceed normally prevent mass panic election season extra report detail suggest medium actively censoring
892,"Shocking video shows politician taking massive bribes in public. Local water distribution facilities detected high levels of dangerous chemicals, yet central administrations ordered operations to proceed normally to prevent mass panic before election seasons. Extra report details suggest that a secret organization is involved.",1,shocking video show politician taking massive bribe public local water distribution facility detected high level dangerous chemical yet central administration ordered operation proceed normally prevent mass panic election season extra report detail suggest secret organization involved
893,URGENT: Global elite planning immediate lockdown next Tuesday! A localized plant extract when consumed with warm water acts as a cognitive booster and reverses cellular decay. Major food companies are buying farmland to monopolize the product. Extra report details suggest that a secret organization is involved.,1,urgent global elite planning immediate lockdown next tuesday localized plant extract consumed warm water act cognitive booster revers cellular decay major food company buying farmland monopolize product extra report detail suggest secret organization involved
894,"State university receives major research grant for renewable energy projects. The chief executive officer announced in a memorandum to staff that the corporation will consolidate redundant administrative roles to invest heavily in cloud infrastructure research divisions. According to the official spokesperson, negotiators remain optimistic about outcomes.",0,state university receives major research grant renewable energy project chief executive officer announced memorandum staff corporation consolidate redundant administrative role invest heavily cloud infrastructure research division according official spokesperson negotiator remain optimistic outcome
895,"You won't believe what this Hollywood actor did last night! Multiple eyewitnesses reported a metallic circular craft descending from the clouds, hovering over the lawn for three minutes before accelerating into orbit. NASA refuses to answer press queries, leading to speculation. Extra report details suggest that this could change everything.",1,wont believe hollywood actor last night multiple eyewitness reported metallic circular craft descending cloud hovering lawn three minute accelerating orbit nasa refuse answer press query leading speculation extra report detail suggest could change everything
896,"You won't believe what this Hollywood actor did last night! Local water distribution facilities detected high levels of dangerous chemicals, yet central administrations ordered operations to proceed normally to prevent mass panic before election seasons. Extra report details suggest that a secret organization is involved.",1,wont believe hollywood actor last night local water distribution facility detected high level dangerous chemical yet central administration ordered operation proceed normally prevent mass panic election season extra report detail suggest secret organization involved
897,Shocking video shows politician taking massive bribes in public. A localized plant extract when consumed with warm water acts as a cognitive booster and reverses cellular decay. Major food companies are buying farmland to monopolize the product. Extra report details suggest that insiders are highly worried.,1,shocking video show politician taking massive bribe public localized plant extract consumed warm water act cognitive booster revers cellular decay major food company buying farmland monopolize product extra report detail suggest insider highly worried
898,BREAKING: Alien spaceship spotted landing behind the White House! Leaked records from an offshore bank details transactions linking world leaders to a singular control board that meets annually in Switzerland to dictate inflation rates and trade wars. Extra report details suggest that a secret organization is involved.,1,breaking alien spaceship spotted landing behind white house leaked record offshore bank detail transaction linking world leader singular control board meet annually switzerland dictate inflation rate trade war extra report detail suggest secret organization involved
899,"Secret society controls world bank, insider source reveals details. A localized plant extract when consumed with warm water acts as a cognitive booster and reverses cellular decay. Major food companies are buying farmland to monopolize the product. Extra report details suggest that the media is actively censoring this.",1,secret society control world bank insider source reveals detail localized plant extract consumed warm water act cognitive booster revers cellular decay major food company buying farmland monopolize product extra report detail suggest medium actively censoring
900,URGENT: Global elite planning immediate lockdown next Tuesday! Classified files released by a hacker group contain stage design prints and audio recordings proving the entire space race was simulated inside a high-security warehouse in Nevada to bankrupt foreign rivals. Extra report details suggest that this could change everything.,1,urgent global elite planning immediate lockdown next tuesday classified file released hacker group contain stage design print audio recording proving entire space race simulated inside highsecurity warehouse nevada bankrupt foreign rival extra report detail suggest could change everything
901,Shocking video shows politician taking massive bribes in public. Insiders caught this scandalous video on camera showing a prominent celebrity in a heated exchange that the media is trying to delete. Click here to watch before it gets taken down forever! Extra report details suggest that this could change everything.,1,shocking video show politician taking massive bribe public insider caught scandalous video camera showing prominent celebrity heated exchange medium trying delete click watch get taken forever extra report detail suggest could change everything
902,"Global trade markets stabilize following bilateral trade agreement. The metropolitan transit authority confirmed a long-term capital budget approval to construct three new light-rail stations, aiming to connect suburban sectors to the commercial district by next autumn. According to the official spokesperson, negotiators remain optimistic about outcomes.",0,global trade market stabilize following bilateral trade agreement metropolitan transit authority confirmed longterm capital budget approval construct three new lightrail station aiming connect suburban sector commercial district next autumn according official spokesperson negotiator remain optimistic outcome
903,"Tech conglomerate announces restructuring plan, affecting 5% of workforce. An oceanographic research vessel initiated a two-month mapping mission in the Pacific, utilizing multi-beam sonar arrays to document topographical features of deep oceanic valleys. According to the official spokesperson, the policy will take effect next quarter.",0,tech conglomerate announces restructuring plan affecting workforce oceanographic research vessel initiated twomonth mapping mission pacific utilizing multibeam sonar array document topographical feature deep oceanic valley according official spokesperson policy take effect next quarter
904,"Tech conglomerate announces restructuring plan, affecting 5% of workforce. An oceanographic research vessel initiated a two-month mapping mission in the Pacific, utilizing multi-beam sonar arrays to document topographical features of deep oceanic valleys. According to the official spokesperson, further evaluations are scheduled.",0,tech conglomerate announces restructuring plan affecting workforce oceanographic research vessel initiated twomonth mapping mission pacific utilizing multibeam sonar array document topographical feature deep oceanic valley according official spokesperson evaluation scheduled
905,"Federal Reserve announces interest rate hike to combat inflation. The Federal Reserve Board of Governors voted on Wednesday to raise the benchmark interest rate by a quarter point, citing persistent inflation pressures in core services and labor market tightness. According to the official spokesperson, further evaluations are scheduled.",0,federal reserve announces interest rate hike combat inflation federal reserve board governor voted wednesday raise benchmark interest rate quarter point citing persistent inflation pressure core service labor market tightness according official spokesperson evaluation scheduled
906,BREAKING: Alien spaceship spotted landing behind the White House! Classified files released by a hacker group contain stage design prints and audio recordings proving the entire space race was simulated inside a high-security warehouse in Nevada to bankrupt foreign rivals. Extra report details suggest that this could change everything.,1,breaking alien spaceship spotted landing behind white house classified file released hacker group contain stage design print audio recording proving entire space race simulated inside highsecurity warehouse nevada bankrupt foreign rival extra report detail suggest could change everything
907,"Parliament passes landmark environmental protection bill. Researchers at the National Institute of Health published findings in the Journal of Medicine indicating adults who engage in moderate cardiovascular activity three times a week show higher neuron densities. According to the official spokesperson, further evaluations are scheduled.",0,parliament pass landmark environmental protection bill researcher national institute health published finding journal medicine indicating adult engage moderate cardiovascular activity three time week show higher neuron density according official spokesperson evaluation scheduled
908,BREAKING: Alien spaceship spotted landing behind the White House! Insiders caught this scandalous video on camera showing a prominent celebrity in a heated exchange that the media is trying to delete. Click here to watch before it gets taken down forever! Extra report details suggest that a secret organization is involved.,1,breaking alien spaceship spotted landing behind white house insider caught scandalous video camera showing prominent celebrity heated exchange medium trying delete click watch get taken forever extra report detail suggest secret organization involved
909,"State university receives major research grant for renewable energy projects. Following three days of debate, lawmakers finalized a comprehensive regulation bill setting stricter carbon emission targets for heavy industry and allocating funds for regional reforestation initiatives. According to the official spokesperson, negotiators remain optimistic about outcomes.",0,state university receives major research grant renewable energy project following three day debate lawmaker finalized comprehensive regulation bill setting stricter carbon emission target heavy industry allocating fund regional reforestation initiative according official spokesperson negotiator remain optimistic outcome
910,"Tech conglomerate announces restructuring plan, affecting 5% of workforce. Stock indexes rose slightly in European and Asian markets after negotiators signed a bilateral agricultural tariff agreement, resolving a three-month import dispute between the trading partners. According to the official spokesperson, the project is funded publicly.",0,tech conglomerate announces restructuring plan affecting workforce stock index rose slightly european asian market negotiator signed bilateral agricultural tariff agreement resolving threemonth import dispute trading partner according official spokesperson project funded publicly
911,"National space agency launches new weather satellite into geostationary orbit. Stock indexes rose slightly in European and Asian markets after negotiators signed a bilateral agricultural tariff agreement, resolving a three-month import dispute between the trading partners. According to the official spokesperson, the policy will take effect next quarter.",0,national space agency launch new weather satellite geostationary orbit stock index rose slightly european asian market negotiator signed bilateral agricultural tariff agreement resolving threemonth import dispute trading partner according official spokesperson policy take effect next quarter
912,CONSPIRACY: Landmark study proves the moon landing was filmed in Hollywood. This revolutionary organic capsule burns fat in your sleep without dieting. Clinical trials show individuals losing forty pounds in a week. Big Pharma is attempting to ban sales to protect insulin profit margins. Extra report details suggest that the media is actively censoring this.,1,conspiracy landmark study prof moon landing filmed hollywood revolutionary organic capsule burn fat sleep without dieting clinical trial show individual losing forty pound week big pharma attempting ban sale protect insulin profit margin extra report detail suggest medium actively censoring
913,Miracle weight loss pill doctors don't want you to know about! CCTV footage obtained by our network captures a high-ranking official stuffed envelope with cash from a shell corporation representative in exchange for state construction approvals. Extra report details suggest that insiders are highly worried.,1,miracle weight loss pill doctor dont want know cctv footage obtained network capture highranking official stuffed envelope cash shell corporation representative exchange state construction approval extra report detail suggest insider highly worried
914,"Doctors stunned by this simple $5 trick to reverse aging overnight! Multiple eyewitnesses reported a metallic circular craft descending from the clouds, hovering over the lawn for three minutes before accelerating into orbit. NASA refuses to answer press queries, leading to speculation. Extra report details suggest that this could change everything.",1,doctor stunned simple trick reverse aging overnight multiple eyewitness reported metallic circular craft descending cloud hovering lawn three minute accelerating orbit nasa refuse answer press query leading speculation extra report detail suggest could change everything
915,"Global trade markets stabilize following bilateral trade agreement. Epidemiological data released in the weekly surveillance report shows a fifteen percent drop in hospital admissions related to respiratory viruses, which health officials attribute to higher vaccination uptake. According to the official spokesperson, the policy will take effect next quarter.",0,global trade market stabilize following bilateral trade agreement epidemiological data released weekly surveillance report show fifteen percent drop hospital admission related respiratory virus health official attribute higher vaccination uptake according official spokesperson policy take effect next quarter
916,URGENT: Global elite planning immediate lockdown next Tuesday! A localized plant extract when consumed with warm water acts as a cognitive booster and reverses cellular decay. Major food companies are buying farmland to monopolize the product. Extra report details suggest that insiders are highly worried.,1,urgent global elite planning immediate lockdown next tuesday localized plant extract consumed warm water act cognitive booster revers cellular decay major food company buying farmland monopolize product extra report detail suggest insider highly worried
917,"City council approves $50 million investment for public transit extension. The Federal Reserve Board of Governors voted on Wednesday to raise the benchmark interest rate by a quarter point, citing persistent inflation pressures in core services and labor market tightness. According to the official spokesperson, the policy will take effect next quarter.",0,city council approves million investment public transit extension federal reserve board governor voted wednesday raise benchmark interest rate quarter point citing persistent inflation pressure core service labor market tightness according official spokesperson policy take effect next quarter
918,Miracle weight loss pill doctors don't want you to know about! An anonymous memo circulating within security agencies suggests a simulated crisis will be used to enforce emergency laws. Citizens are urged to store food and withdraw all physical cash immediately. Extra report details suggest that insiders are highly worried.,1,miracle weight loss pill doctor dont want know anonymous memo circulating within security agency suggests simulated crisis used enforce emergency law citizen urged store food withdraw physical cash immediately extra report detail suggest insider highly worried
919,"URGENT: Global elite planning immediate lockdown next Tuesday! Multiple eyewitnesses reported a metallic circular craft descending from the clouds, hovering over the lawn for three minutes before accelerating into orbit. NASA refuses to answer press queries, leading to speculation. Extra report details suggest that this could change everything.",1,urgent global elite planning immediate lockdown next tuesday multiple eyewitness reported metallic circular craft descending cloud hovering lawn three minute accelerating orbit nasa refuse answer press query leading speculation extra report detail suggest could change everything
920,"Breaking: Major city's water supply poisoned, authorities hiding truth. A localized plant extract when consumed with warm water acts as a cognitive booster and reverses cellular decay. Major food companies are buying farmland to monopolize the product. Extra report details suggest that this could change everything.",1,breaking major city water supply poisoned authority hiding truth localized plant extract consumed warm water act cognitive booster revers cellular decay major food company buying farmland monopolize product extra report detail suggest could change everything
921,"State university receives major research grant for renewable energy projects. Stock indexes rose slightly in European and Asian markets after negotiators signed a bilateral agricultural tariff agreement, resolving a three-month import dispute between the trading partners. According to the official spokesperson, negotiators remain optimistic about outcomes.",0,state university receives major research grant renewable energy project stock index rose slightly european asian market negotiator signed bilateral agricultural tariff agreement resolving threemonth import dispute trading partner according official spokesperson negotiator remain optimistic outcome
922,"National space agency launches new weather satellite into geostationary orbit. The Federal Reserve Board of Governors voted on Wednesday to raise the benchmark interest rate by a quarter point, citing persistent inflation pressures in core services and labor market tightness. According to the official spokesperson, negotiators remain optimistic about outcomes.",0,national space agency launch new weather satellite geostationary orbit federal reserve board governor voted wednesday raise benchmark interest rate quarter point citing persistent inflation pressure core service labor market tightness according official spokesperson negotiator remain optimistic outcome
923,"Parliament passes landmark environmental protection bill. Epidemiological data released in the weekly surveillance report shows a fifteen percent drop in hospital admissions related to respiratory viruses, which health officials attribute to higher vaccination uptake. According to the official spokesperson, further evaluations are scheduled.",0,parliament pass landmark environmental protection bill epidemiological data released weekly surveillance report show fifteen percent drop hospital admission related respiratory virus health official attribute higher vaccination uptake according official spokesperson evaluation scheduled
924,"Breaking: Major city's water supply poisoned, authorities hiding truth. CCTV footage obtained by our network captures a high-ranking official stuffed envelope with cash from a shell corporation representative in exchange for state construction approvals. Extra report details suggest that insiders are highly worried.",1,breaking major city water supply poisoned authority hiding truth cctv footage obtained network capture highranking official stuffed envelope cash shell corporation representative exchange state construction approval extra report detail suggest insider highly worried
925,"Breaking: Major city's water supply poisoned, authorities hiding truth. This revolutionary organic capsule burns fat in your sleep without dieting. Clinical trials show individuals losing forty pounds in a week. Big Pharma is attempting to ban sales to protect insulin profit margins. Extra report details suggest that the media is actively censoring this.",1,breaking major city water supply poisoned authority hiding truth revolutionary organic capsule burn fat sleep without dieting clinical trial show individual losing forty pound week big pharma attempting ban sale protect insulin profit margin extra report detail suggest medium actively censoring
926,"Parliament passes landmark environmental protection bill. The chief executive officer announced in a memorandum to staff that the corporation will consolidate redundant administrative roles to invest heavily in cloud infrastructure research divisions. According to the official spokesperson, the project is funded publicly.",0,parliament pass landmark environmental protection bill chief executive officer announced memorandum staff corporation consolidate redundant administrative role invest heavily cloud infrastructure research division according official spokesperson project funded publicly
927,"State university receives major research grant for renewable energy projects. Epidemiological data released in the weekly surveillance report shows a fifteen percent drop in hospital admissions related to respiratory viruses, which health officials attribute to higher vaccination uptake. According to the official spokesperson, further evaluations are scheduled.",0,state university receives major research grant renewable energy project epidemiological data released weekly surveillance report show fifteen percent drop hospital admission related respiratory virus health official attribute higher vaccination uptake according official spokesperson evaluation scheduled
928,"Global trade markets stabilize following bilateral trade agreement. The Federal Reserve Board of Governors voted on Wednesday to raise the benchmark interest rate by a quarter point, citing persistent inflation pressures in core services and labor market tightness. According to the official spokesperson, negotiators remain optimistic about outcomes.",0,global trade market stabilize following bilateral trade agreement federal reserve board governor voted wednesday raise benchmark interest rate quarter point citing persistent inflation pressure core service labor market tightness according official spokesperson negotiator remain optimistic outcome
929,"Secret society controls world bank, insider source reveals details. A localized plant extract when consumed with warm water acts as a cognitive booster and reverses cellular decay. Major food companies are buying farmland to monopolize the product. Extra report details suggest that this could change everything.",1,secret society control world bank insider source reveals detail localized plant extract consumed warm water act cognitive booster revers cellular decay major food company buying farmland monopolize product extra report detail suggest could change everything
930,"State university receives major research grant for renewable energy projects. Epidemiological data released in the weekly surveillance report shows a fifteen percent drop in hospital admissions related to respiratory viruses, which health officials attribute to higher vaccination uptake. According to the official spokesperson, further evaluations are scheduled.",0,state university receives major research grant renewable energy project epidemiological data released weekly surveillance report show fifteen percent drop hospital admission related respiratory virus health official attribute higher vaccination uptake according official spokesperson evaluation scheduled
931,"Scientists deploy deep-sea submersibles to map unexplored trenches. The metropolitan transit authority confirmed a long-term capital budget approval to construct three new light-rail stations, aiming to connect suburban sectors to the commercial district by next autumn. According to the official spokesperson, negotiators remain optimistic about outcomes.",0,scientist deploy deepsea submersible map unexplored trench metropolitan transit authority confirmed longterm capital budget approval construct three new lightrail station aiming connect suburban sector commercial district next autumn according official spokesperson negotiator remain optimistic outcome
932,BREAKING: Alien spaceship spotted landing behind the White House! A secret whistleblower has leaked documents showing a massive cover-up by pharmaceutical giants who have possessed a full cure for cancer since 1995. Shares of major healthcare corporations are skyrocketing as politicians silent on public trials. Extra report details suggest that this could change everything.,1,breaking alien spaceship spotted landing behind white house secret whistleblower leaked document showing massive coverup pharmaceutical giant possessed full cure cancer since share major healthcare corporation skyrocketing politician silent public trial extra report detail suggest could change everything
933,"Federal Reserve announces interest rate hike to combat inflation. A heavy-lift rocket successfully placed the advanced meteorological spacecraft into orbit on Sunday, providing forecasters with real-time infrared scans of severe storm formations over the coast. According to the official spokesperson, negotiators remain optimistic about outcomes.",0,federal reserve announces interest rate hike combat inflation heavylift rocket successfully placed advanced meteorological spacecraft orbit sunday providing forecaster realtime infrared scan severe storm formation coast according official spokesperson negotiator remain optimistic outcome
934,"New clinical study links regular exercise to improved cognitive health. Epidemiological data released in the weekly surveillance report shows a fifteen percent drop in hospital admissions related to respiratory viruses, which health officials attribute to higher vaccination uptake. According to the official spokesperson, the project is funded publicly.",0,new clinical study link regular exercise improved cognitive health epidemiological data released weekly surveillance report show fifteen percent drop hospital admission related respiratory virus health official attribute higher vaccination uptake according official spokesperson project funded publicly
935,"State university receives major research grant for renewable energy projects. An oceanographic research vessel initiated a two-month mapping mission in the Pacific, utilizing multi-beam sonar arrays to document topographical features of deep oceanic valleys. According to the official spokesperson, the policy will take effect next quarter.",0,state university receives major research grant renewable energy project oceanographic research vessel initiated twomonth mapping mission pacific utilizing multibeam sonar array document topographical feature deep oceanic valley according official spokesperson policy take effect next quarter
936,URGENT: Global elite planning immediate lockdown next Tuesday! A localized plant extract when consumed with warm water acts as a cognitive booster and reverses cellular decay. Major food companies are buying farmland to monopolize the product. Extra report details suggest that a secret organization is involved.,1,urgent global elite planning immediate lockdown next tuesday localized plant extract consumed warm water act cognitive booster revers cellular decay major food company buying farmland monopolize product extra report detail suggest secret organization involved
937,"City council approves $50 million investment for public transit extension. The metropolitan transit authority confirmed a long-term capital budget approval to construct three new light-rail stations, aiming to connect suburban sectors to the commercial district by next autumn. According to the official spokesperson, further evaluations are scheduled.",0,city council approves million investment public transit extension metropolitan transit authority confirmed longterm capital budget approval construct three new lightrail station aiming connect suburban sector commercial district next autumn according official spokesperson evaluation scheduled
938,"State university receives major research grant for renewable energy projects. The Federal Reserve Board of Governors voted on Wednesday to raise the benchmark interest rate by a quarter point, citing persistent inflation pressures in core services and labor market tightness. According to the official spokesperson, further evaluations are scheduled.",0,state university receives major research grant renewable energy project federal reserve board governor voted wednesday raise benchmark interest rate quarter point citing persistent inflation pressure core service labor market tightness according official spokesperson evaluation scheduled
939,"New clinical study links regular exercise to improved cognitive health. Stock indexes rose slightly in European and Asian markets after negotiators signed a bilateral agricultural tariff agreement, resolving a three-month import dispute between the trading partners. According to the official spokesperson, negotiators remain optimistic about outcomes.",0,new clinical study link regular exercise improved cognitive health stock index rose slightly european asian market negotiator signed bilateral agricultural tariff agreement resolving threemonth import dispute trading partner according official spokesperson negotiator remain optimistic outcome
940,"State university receives major research grant for renewable energy projects. Researchers at the National Institute of Health published findings in the Journal of Medicine indicating adults who engage in moderate cardiovascular activity three times a week show higher neuron densities. According to the official spokesperson, the project is funded publicly.",0,state university receives major research grant renewable energy project researcher national institute health published finding journal medicine indicating adult engage moderate cardiovascular activity three time week show higher neuron density according official spokesperson project funded publicly
941,"New clinical study links regular exercise to improved cognitive health. Epidemiological data released in the weekly surveillance report shows a fifteen percent drop in hospital admissions related to respiratory viruses, which health officials attribute to higher vaccination uptake. According to the official spokesperson, further evaluations are scheduled.",0,new clinical study link regular exercise improved cognitive health epidemiological data released weekly surveillance report show fifteen percent drop hospital admission related respiratory virus health official attribute higher vaccination uptake according official spokesperson evaluation scheduled
942,BREAKING: Alien spaceship spotted landing behind the White House! A localized plant extract when consumed with warm water acts as a cognitive booster and reverses cellular decay. Major food companies are buying farmland to monopolize the product. Extra report details suggest that the media is actively censoring this.,1,breaking alien spaceship spotted landing behind white house localized plant extract consumed warm water act cognitive booster revers cellular decay major food company buying farmland monopolize product extra report detail suggest medium actively censoring
943,"Breaking: Major city's water supply poisoned, authorities hiding truth. Local water distribution facilities detected high levels of dangerous chemicals, yet central administrations ordered operations to proceed normally to prevent mass panic before election seasons. Extra report details suggest that this could change everything.",1,breaking major city water supply poisoned authority hiding truth local water distribution facility detected high level dangerous chemical yet central administration ordered operation proceed normally prevent mass panic election season extra report detail suggest could change everything
944,"Global trade markets stabilize following bilateral trade agreement. Following three days of debate, lawmakers finalized a comprehensive regulation bill setting stricter carbon emission targets for heavy industry and allocating funds for regional reforestation initiatives. According to the official spokesperson, the project is funded publicly.",0,global trade market stabilize following bilateral trade agreement following three day debate lawmaker finalized comprehensive regulation bill setting stricter carbon emission target heavy industry allocating fund regional reforestation initiative according official spokesperson project funded publicly
945,"State university receives major research grant for renewable energy projects. Researchers at the National Institute of Health published findings in the Journal of Medicine indicating adults who engage in moderate cardiovascular activity three times a week show higher neuron densities. According to the official spokesperson, further evaluations are scheduled.",0,state university receives major research grant renewable energy project researcher national institute health published finding journal medicine indicating adult engage moderate cardiovascular activity three time week show higher neuron density according official spokesperson evaluation scheduled
946,SHOCKING SECRET: The government cure for cancer they hid from you! Classified files released by a hacker group contain stage design prints and audio recordings proving the entire space race was simulated inside a high-security warehouse in Nevada to bankrupt foreign rivals. Extra report details suggest that the media is actively censoring this.,1,shocking secret government cure cancer hid classified file released hacker group contain stage design print audio recording proving entire space race simulated inside highsecurity warehouse nevada bankrupt foreign rival extra report detail suggest medium actively censoring
947,"New clinical study links regular exercise to improved cognitive health. The Department of Energy approved a federal grant for engineering departments to prototype high-efficiency photovoltaic cells capable of generating power during low-solar winter conditions. According to the official spokesperson, negotiators remain optimistic about outcomes.",0,new clinical study link regular exercise improved cognitive health department energy approved federal grant engineering department prototype highefficiency photovoltaic cell capable generating power lowsolar winter condition according official spokesperson negotiator remain optimistic outcome
948,"Parliament passes landmark environmental protection bill. The Department of Energy approved a federal grant for engineering departments to prototype high-efficiency photovoltaic cells capable of generating power during low-solar winter conditions. According to the official spokesperson, negotiators remain optimistic about outcomes.",0,parliament pass landmark environmental protection bill department energy approved federal grant engineering department prototype highefficiency photovoltaic cell capable generating power lowsolar winter condition according official spokesperson negotiator remain optimistic outcome
949,"State university receives major research grant for renewable energy projects. The metropolitan transit authority confirmed a long-term capital budget approval to construct three new light-rail stations, aiming to connect suburban sectors to the commercial district by next autumn. According to the official spokesperson, the policy will take effect next quarter.",0,state university receives major research grant renewable energy project metropolitan transit authority confirmed longterm capital budget approval construct three new lightrail station aiming connect suburban sector commercial district next autumn according official spokesperson policy take effect next quarter
950,"Tech conglomerate announces restructuring plan, affecting 5% of workforce. Stock indexes rose slightly in European and Asian markets after negotiators signed a bilateral agricultural tariff agreement, resolving a three-month import dispute between the trading partners. According to the official spokesperson, the project is funded publicly.",0,tech conglomerate announces restructuring plan affecting workforce stock index rose slightly european asian market negotiator signed bilateral agricultural tariff agreement resolving threemonth import dispute trading partner according official spokesperson project funded publicly
951,"Local health department reports decline in seasonal influenza cases. The chief executive officer announced in a memorandum to staff that the corporation will consolidate redundant administrative roles to invest heavily in cloud infrastructure research divisions. According to the official spokesperson, negotiators remain optimistic about outcomes.",0,local health department report decline seasonal influenza case chief executive officer announced memorandum staff corporation consolidate redundant administrative role invest heavily cloud infrastructure research division according official spokesperson negotiator remain optimistic outcome
952,"Local health department reports decline in seasonal influenza cases. Researchers at the National Institute of Health published findings in the Journal of Medicine indicating adults who engage in moderate cardiovascular activity three times a week show higher neuron densities. According to the official spokesperson, the policy will take effect next quarter.",0,local health department report decline seasonal influenza case researcher national institute health published finding journal medicine indicating adult engage moderate cardiovascular activity three time week show higher neuron density according official spokesperson policy take effect next quarter
953,"Federal Reserve announces interest rate hike to combat inflation. Researchers at the National Institute of Health published findings in the Journal of Medicine indicating adults who engage in moderate cardiovascular activity three times a week show higher neuron densities. According to the official spokesperson, the policy will take effect next quarter.",0,federal reserve announces interest rate hike combat inflation researcher national institute health published finding journal medicine indicating adult engage moderate cardiovascular activity three time week show higher neuron density according official spokesperson policy take effect next quarter
954,Doctors stunned by this simple $5 trick to reverse aging overnight! CCTV footage obtained by our network captures a high-ranking official stuffed envelope with cash from a shell corporation representative in exchange for state construction approvals. Extra report details suggest that a secret organization is involved.,1,doctor stunned simple trick reverse aging overnight cctv footage obtained network capture highranking official stuffed envelope cash shell corporation representative exchange state construction approval extra report detail suggest secret organization involved
955,"National space agency launches new weather satellite into geostationary orbit. The Department of Energy approved a federal grant for engineering departments to prototype high-efficiency photovoltaic cells capable of generating power during low-solar winter conditions. According to the official spokesperson, negotiators remain optimistic about outcomes.",0,national space agency launch new weather satellite geostationary orbit department energy approved federal grant engineering department prototype highefficiency photovoltaic cell capable generating power lowsolar winter condition according official spokesperson negotiator remain optimistic outcome
956,"Federal Reserve announces interest rate hike to combat inflation. A heavy-lift rocket successfully placed the advanced meteorological spacecraft into orbit on Sunday, providing forecasters with real-time infrared scans of severe storm formations over the coast. According to the official spokesperson, the project is funded publicly.",0,federal reserve announces interest rate hike combat inflation heavylift rocket successfully placed advanced meteorological spacecraft orbit sunday providing forecaster realtime infrared scan severe storm formation coast according official spokesperson project funded publicly
957,Miracle weight loss pill doctors don't want you to know about! A secret whistleblower has leaked documents showing a massive cover-up by pharmaceutical giants who have possessed a full cure for cancer since 1995. Shares of major healthcare corporations are skyrocketing as politicians silent on public trials. Extra report details suggest that a secret organization is involved.,1,miracle weight loss pill doctor dont want know secret whistleblower leaked document showing massive coverup pharmaceutical giant possessed full cure cancer since share major healthcare corporation skyrocketing politician silent public trial extra report detail suggest secret organization involved
958,BREAKING: Alien spaceship spotted landing behind the White House! This revolutionary organic capsule burns fat in your sleep without dieting. Clinical trials show individuals losing forty pounds in a week. Big Pharma is attempting to ban sales to protect insulin profit margins. Extra report details suggest that the media is actively censoring this.,1,breaking alien spaceship spotted landing behind white house revolutionary organic capsule burn fat sleep without dieting clinical trial show individual losing forty pound week big pharma attempting ban sale protect insulin profit margin extra report detail suggest medium actively censoring
959,BREAKING: Alien spaceship spotted landing behind the White House! This revolutionary organic capsule burns fat in your sleep without dieting. Clinical trials show individuals losing forty pounds in a week. Big Pharma is attempting to ban sales to protect insulin profit margins. Extra report details suggest that a secret organization is involved.,1,breaking alien spaceship spotted landing behind white house revolutionary organic capsule burn fat sleep without dieting clinical trial show individual losing forty pound week big pharma attempting ban sale protect insulin profit margin extra report detail suggest secret organization involved
960,"Federal Reserve announces interest rate hike to combat inflation. A heavy-lift rocket successfully placed the advanced meteorological spacecraft into orbit on Sunday, providing forecasters with real-time infrared scans of severe storm formations over the coast. According to the official spokesperson, the policy will take effect next quarter.",0,federal reserve announces interest rate hike combat inflation heavylift rocket successfully placed advanced meteorological spacecraft orbit sunday providing forecaster realtime infrared scan severe storm formation coast according official spokesperson policy take effect next quarter
961,"Federal Reserve announces interest rate hike to combat inflation. A heavy-lift rocket successfully placed the advanced meteorological spacecraft into orbit on Sunday, providing forecasters with real-time infrared scans of severe storm formations over the coast. According to the official spokesperson, further evaluations are scheduled.",0,federal reserve announces interest rate hike combat inflation heavylift rocket successfully placed advanced meteorological spacecraft orbit sunday providing forecaster realtime infrared scan severe storm formation coast according official spokesperson evaluation scheduled
962,CONSPIRACY: Landmark study proves the moon landing was filmed in Hollywood. This revolutionary organic capsule burns fat in your sleep without dieting. Clinical trials show individuals losing forty pounds in a week. Big Pharma is attempting to ban sales to protect insulin profit margins. Extra report details suggest that this could change everything.,1,conspiracy landmark study prof moon landing filmed hollywood revolutionary organic capsule burn fat sleep without dieting clinical trial show individual losing forty pound week big pharma attempting ban sale protect insulin profit margin extra report detail suggest could change everything
963,"Secret society controls world bank, insider source reveals details. CCTV footage obtained by our network captures a high-ranking official stuffed envelope with cash from a shell corporation representative in exchange for state construction approvals. Extra report details suggest that insiders are highly worried.",1,secret society control world bank insider source reveals detail cctv footage obtained network capture highranking official stuffed envelope cash shell corporation representative exchange state construction approval extra report detail suggest insider highly worried
964,Shocking video shows politician taking massive bribes in public. A secret whistleblower has leaked documents showing a massive cover-up by pharmaceutical giants who have possessed a full cure for cancer since 1995. Shares of major healthcare corporations are skyrocketing as politicians silent on public trials. Extra report details suggest that a secret organization is involved.,1,shocking video show politician taking massive bribe public secret whistleblower leaked document showing massive coverup pharmaceutical giant possessed full cure cancer since share major healthcare corporation skyrocketing politician silent public trial extra report detail suggest secret organization involved
965,"National space agency launches new weather satellite into geostationary orbit. The chief executive officer announced in a memorandum to staff that the corporation will consolidate redundant administrative roles to invest heavily in cloud infrastructure research divisions. According to the official spokesperson, further evaluations are scheduled.",0,national space agency launch new weather satellite geostationary orbit chief executive officer announced memorandum staff corporation consolidate redundant administrative role invest heavily cloud infrastructure research division according official spokesperson evaluation scheduled
966,BREAKING: Alien spaceship spotted landing behind the White House! A secret whistleblower has leaked documents showing a massive cover-up by pharmaceutical giants who have possessed a full cure for cancer since 1995. Shares of major healthcare corporations are skyrocketing as politicians silent on public trials. Extra report details suggest that insiders are highly worried.,1,breaking alien spaceship spotted landing behind white house secret whistleblower leaked document showing massive coverup pharmaceutical giant possessed full cure cancer since share major healthcare corporation skyrocketing politician silent public trial extra report detail suggest insider highly worried
967,"New clinical study links regular exercise to improved cognitive health. Researchers at the National Institute of Health published findings in the Journal of Medicine indicating adults who engage in moderate cardiovascular activity three times a week show higher neuron densities. According to the official spokesperson, further evaluations are scheduled.",0,new clinical study link regular exercise improved cognitive health researcher national institute health published finding journal medicine indicating adult engage moderate cardiovascular activity three time week show higher neuron density according official spokesperson evaluation scheduled
968,"Scientists deploy deep-sea submersibles to map unexplored trenches. Stock indexes rose slightly in European and Asian markets after negotiators signed a bilateral agricultural tariff agreement, resolving a three-month import dispute between the trading partners. According to the official spokesperson, further evaluations are scheduled.",0,scientist deploy deepsea submersible map unexplored trench stock index rose slightly european asian market negotiator signed bilateral agricultural tariff agreement resolving threemonth import dispute trading partner according official spokesperson evaluation scheduled
969,"Local health department reports decline in seasonal influenza cases. The chief executive officer announced in a memorandum to staff that the corporation will consolidate redundant administrative roles to invest heavily in cloud infrastructure research divisions. According to the official spokesperson, the project is funded publicly.",0,local health department report decline seasonal influenza case chief executive officer announced memorandum staff corporation consolidate redundant administrative role invest heavily cloud infrastructure research division according official spokesperson project funded publicly
970,"Breaking: Major city's water supply poisoned, authorities hiding truth. An anonymous memo circulating within security agencies suggests a simulated crisis will be used to enforce emergency laws. Citizens are urged to store food and withdraw all physical cash immediately. Extra report details suggest that insiders are highly worried.",1,breaking major city water supply poisoned authority hiding truth anonymous memo circulating within security agency suggests simulated crisis used enforce emergency law citizen urged store food withdraw physical cash immediately extra report detail suggest insider highly worried
971,"You won't believe what this Hollywood actor did last night! Local water distribution facilities detected high levels of dangerous chemicals, yet central administrations ordered operations to proceed normally to prevent mass panic before election seasons. Extra report details suggest that a secret organization is involved.",1,wont believe hollywood actor last night local water distribution facility detected high level dangerous chemical yet central administration ordered operation proceed normally prevent mass panic election season extra report detail suggest secret organization involved
972,You won't believe what this Hollywood actor did last night! An anonymous memo circulating within security agencies suggests a simulated crisis will be used to enforce emergency laws. Citizens are urged to store food and withdraw all physical cash immediately. Extra report details suggest that this could change everything.,1,wont believe hollywood actor last night anonymous memo circulating within security agency suggests simulated crisis used enforce emergency law citizen urged store food withdraw physical cash immediately extra report detail suggest could change everything
973,"Secret society controls world bank, insider source reveals details. A secret whistleblower has leaked documents showing a massive cover-up by pharmaceutical giants who have possessed a full cure for cancer since 1995. Shares of major healthcare corporations are skyrocketing as politicians silent on public trials. Extra report details suggest that this could change everything.",1,secret society control world bank insider source reveals detail secret whistleblower leaked document showing massive coverup pharmaceutical giant possessed full cure cancer since share major healthcare corporation skyrocketing politician silent public trial extra report detail suggest could change everything
974,"Tech conglomerate announces restructuring plan, affecting 5% of workforce. An oceanographic research vessel initiated a two-month mapping mission in the Pacific, utilizing multi-beam sonar arrays to document topographical features of deep oceanic valleys. According to the official spokesperson, the project is funded publicly.",0,tech conglomerate announces restructuring plan affecting workforce oceanographic research vessel initiated twomonth mapping mission pacific utilizing multibeam sonar array document topographical feature deep oceanic valley according official spokesperson project funded publicly
975,URGENT: Global elite planning immediate lockdown next Tuesday! Leaked records from an offshore bank details transactions linking world leaders to a singular control board that meets annually in Switzerland to dictate inflation rates and trade wars. Extra report details suggest that insiders are highly worried.,1,urgent global elite planning immediate lockdown next tuesday leaked record offshore bank detail transaction linking world leader singular control board meet annually switzerland dictate inflation rate trade war extra report detail suggest insider highly worried
976,"State university receives major research grant for renewable energy projects. Researchers at the National Institute of Health published findings in the Journal of Medicine indicating adults who engage in moderate cardiovascular activity three times a week show higher neuron densities. According to the official spokesperson, negotiators remain optimistic about outcomes.",0,state university receives major research grant renewable energy project researcher national institute health published finding journal medicine indicating adult engage moderate cardiovascular activity three time week show higher neuron density according official spokesperson negotiator remain optimistic outcome
977,"Tech conglomerate announces restructuring plan, affecting 5% of workforce. The Federal Reserve Board of Governors voted on Wednesday to raise the benchmark interest rate by a quarter point, citing persistent inflation pressures in core services and labor market tightness. According to the official spokesperson, negotiators remain optimistic about outcomes.",0,tech conglomerate announces restructuring plan affecting workforce federal reserve board governor voted wednesday raise benchmark interest rate quarter point citing persistent inflation pressure core service labor market tightness according official spokesperson negotiator remain optimistic outcome
978,"Tech conglomerate announces restructuring plan, affecting 5% of workforce. A heavy-lift rocket successfully placed the advanced meteorological spacecraft into orbit on Sunday, providing forecasters with real-time infrared scans of severe storm formations over the coast. According to the official spokesperson, negotiators remain optimistic about outcomes.",0,tech conglomerate announces restructuring plan affecting workforce heavylift rocket successfully placed advanced meteorological spacecraft orbit sunday providing forecaster realtime infrared scan severe storm formation coast according official spokesperson negotiator remain optimistic outcome
979,Shocking video shows politician taking massive bribes in public. Classified files released by a hacker group contain stage design prints and audio recordings proving the entire space race was simulated inside a high-security warehouse in Nevada to bankrupt foreign rivals. Extra report details suggest that this could change everything.,1,shocking video show politician taking massive bribe public classified file released hacker group contain stage design print audio recording proving entire space race simulated inside highsecurity warehouse nevada bankrupt foreign rival extra report detail suggest could change everything
980,"Breaking: Major city's water supply poisoned, authorities hiding truth. An anonymous memo circulating within security agencies suggests a simulated crisis will be used to enforce emergency laws. Citizens are urged to store food and withdraw all physical cash immediately. Extra report details suggest that a secret organization is involved.",1,breaking major city water supply poisoned authority hiding truth anonymous memo circulating within security agency suggests simulated crisis used enforce emergency law citizen urged store food withdraw physical cash immediately extra report detail suggest secret organization involved
981,Miracle weight loss pill doctors don't want you to know about! Classified files released by a hacker group contain stage design prints and audio recordings proving the entire space race was simulated inside a high-security warehouse in Nevada to bankrupt foreign rivals. Extra report details suggest that this could change everything.,1,miracle weight loss pill doctor dont want know classified file released hacker group contain stage design print audio recording proving entire space race simulated inside highsecurity warehouse nevada bankrupt foreign rival extra report detail suggest could change everything
982,"CONSPIRACY: Landmark study proves the moon landing was filmed in Hollywood. Local water distribution facilities detected high levels of dangerous chemicals, yet central administrations ordered operations to proceed normally to prevent mass panic before election seasons. Extra report details suggest that the media is actively censoring this.",1,conspiracy landmark study prof moon landing filmed hollywood local water distribution facility detected high level dangerous chemical yet central administration ordered operation proceed normally prevent mass panic election season extra report detail suggest medium actively censoring
983,"URGENT: Global elite planning immediate lockdown next Tuesday! Local water distribution facilities detected high levels of dangerous chemicals, yet central administrations ordered operations to proceed normally to prevent mass panic before election seasons. Extra report details suggest that this could change everything.",1,urgent global elite planning immediate lockdown next tuesday local water distribution facility detected high level dangerous chemical yet central administration ordered operation proceed normally prevent mass panic election season extra report detail suggest could change everything
984,"National space agency launches new weather satellite into geostationary orbit. Epidemiological data released in the weekly surveillance report shows a fifteen percent drop in hospital admissions related to respiratory viruses, which health officials attribute to higher vaccination uptake. According to the official spokesperson, the project is funded publicly.",0,national space agency launch new weather satellite geostationary orbit epidemiological data released weekly surveillance report show fifteen percent drop hospital admission related respiratory virus health official attribute higher vaccination uptake according official spokesperson project funded publicly
985,CONSPIRACY: Landmark study proves the moon landing was filmed in Hollywood. An anonymous memo circulating within security agencies suggests a simulated crisis will be used to enforce emergency laws. Citizens are urged to store food and withdraw all physical cash immediately. Extra report details suggest that the media is actively censoring this.,1,conspiracy landmark study prof moon landing filmed hollywood anonymous memo circulating within security agency suggests simulated crisis used enforce emergency law citizen urged store food withdraw physical cash immediately extra report detail suggest medium actively censoring
986,"Breaking: Major city's water supply poisoned, authorities hiding truth. Leaked records from an offshore bank details transactions linking world leaders to a singular control board that meets annually in Switzerland to dictate inflation rates and trade wars. Extra report details suggest that a secret organization is involved.",1,breaking major city water supply poisoned authority hiding truth leaked record offshore bank detail transaction linking world leader singular control board meet annually switzerland dictate inflation rate trade war extra report detail suggest secret organization involved
987,"Global trade markets stabilize following bilateral trade agreement. The Federal Reserve Board of Governors voted on Wednesday to raise the benchmark interest rate by a quarter point, citing persistent inflation pressures in core services and labor market tightness. According to the official spokesperson, the project is funded publicly.",0,global trade market stabilize following bilateral trade agreement federal reserve board governor voted wednesday raise benchmark interest rate quarter point citing persistent inflation pressure core service labor market tightness according official spokesperson project funded publicly
988,"Global trade markets stabilize following bilateral trade agreement. Stock indexes rose slightly in European and Asian markets after negotiators signed a bilateral agricultural tariff agreement, resolving a three-month import dispute between the trading partners. According to the official spokesperson, further evaluations are scheduled.",0,global trade market stabilize following bilateral trade agreement stock index rose slightly european asian market negotiator signed bilateral agricultural tariff agreement resolving threemonth import dispute trading partner according official spokesperson evaluation scheduled
989,"Scientists deploy deep-sea submersibles to map unexplored trenches. The Department of Energy approved a federal grant for engineering departments to prototype high-efficiency photovoltaic cells capable of generating power during low-solar winter conditions. According to the official spokesperson, the policy will take effect next quarter.",0,scientist deploy deepsea submersible map unexplored trench department energy approved federal grant engineering department prototype highefficiency photovoltaic cell capable generating power lowsolar winter condition according official spokesperson policy take effect next quarter
990,"Breaking: Major city's water supply poisoned, authorities hiding truth. An anonymous memo circulating within security agencies suggests a simulated crisis will be used to enforce emergency laws. Citizens are urged to store food and withdraw all physical cash immediately. Extra report details suggest that a secret organization is involved.",1,breaking major city water supply poisoned authority hiding truth anonymous memo circulating within security agency suggests simulated crisis used enforce emergency law citizen urged store food withdraw physical cash immediately extra report detail suggest secret organization involved
991,"City council approves $50 million investment for public transit extension. The metropolitan transit authority confirmed a long-term capital budget approval to construct three new light-rail stations, aiming to connect suburban sectors to the commercial district by next autumn. According to the official spokesperson, further evaluations are scheduled.",0,city council approves million investment public transit extension metropolitan transit authority confirmed longterm capital budget approval construct three new lightrail station aiming connect suburban sector commercial district next autumn according official spokesperson evaluation scheduled
992,"State university receives major research grant for renewable energy projects. An oceanographic research vessel initiated a two-month mapping mission in the Pacific, utilizing multi-beam sonar arrays to document topographical features of deep oceanic valleys. According to the official spokesperson, the project is funded publicly.",0,state university receives major research grant renewable energy project oceanographic research vessel initiated twomonth mapping mission pacific utilizing multibeam sonar array document topographical feature deep oceanic valley according official spokesperson project funded publicly
993,"State university receives major research grant for renewable energy projects. Stock indexes rose slightly in European and Asian markets after negotiators signed a bilateral agricultural tariff agreement, resolving a three-month import dispute between the trading partners. According to the official spokesperson, the project is funded publicly.",0,state university receives major research grant renewable energy project stock index rose slightly european asian market negotiator signed bilateral agricultural tariff agreement resolving threemonth import dispute trading partner according official spokesperson project funded publicly
994,"National space agency launches new weather satellite into geostationary orbit. The Department of Energy approved a federal grant for engineering departments to prototype high-efficiency photovoltaic cells capable of generating power during low-solar winter conditions. According to the official spokesperson, further evaluations are scheduled.",0,national space agency launch new weather satellite geostationary orbit department energy approved federal grant engineering department prototype highefficiency photovoltaic cell capable generating power lowsolar winter condition according official spokesperson evaluation scheduled
995,"Breaking: Major city's water supply poisoned, authorities hiding truth. Insiders caught this scandalous video on camera showing a prominent celebrity in a heated exchange that the media is trying to delete. Click here to watch before it gets taken down forever! Extra report details suggest that insiders are highly worried.",1,breaking major city water supply poisoned authority hiding truth insider caught scandalous video camera showing prominent celebrity heated exchange medium trying delete click watch get taken forever extra report detail suggest insider highly worried
996,"Federal Reserve announces interest rate hike to combat inflation. Following three days of debate, lawmakers finalized a comprehensive regulation bill setting stricter carbon emission targets for heavy industry and allocating funds for regional reforestation initiatives. According to the official spokesperson, the policy will take effect next quarter.",0,federal reserve announces interest rate hike combat inflation following three day debate lawmaker finalized comprehensive regulation bill setting stricter carbon emission target heavy industry allocating fund regional reforestation initiative according official spokesperson policy take effect next quarter
997,Shocking video shows politician taking massive bribes in public. Insiders caught this scandalous video on camera showing a prominent celebrity in a heated exchange that the media is trying to delete. Click here to watch before it gets taken down forever! Extra report details suggest that a secret organization is involved.,1,shocking video show politician taking massive bribe public insider caught scandalous video camera showing prominent celebrity heated exchange medium trying delete click watch get taken forever extra report detail suggest secret organization involved
998,"Scientists deploy deep-sea submersibles to map unexplored trenches. The chief executive officer announced in a memorandum to staff that the corporation will consolidate redundant administrative roles to invest heavily in cloud infrastructure research divisions. According to the official spokesperson, the project is funded publicly.",0,scientist deploy deepsea submersible map unexplored trench chief executive officer announced memorandum staff corporation consolidate redundant administrative role invest heavily cloud infrastructure research division according official spokesperson project funded publicly
999,Miracle weight loss pill doctors don't want you to know about! A secret whistleblower has leaked documents showing a massive cover-up by pharmaceutical giants who have possessed a full cure for cancer since 1995. Shares of major healthcare corporations are skyrocketing as politicians silent on public trials. Extra report details suggest that this could change everything.,1,miracle weight loss pill doctor dont want know secret whistleblower leaked document showing massive coverup pharmaceutical giant possessed full cure cancer since share major healthcare corporation skyrocketing politician silent public trial extra report detail suggest could change everything
1000,"Breaking: Major city's water supply poisoned, authorities hiding truth. A secret whistleblower has leaked documents showing a massive cover-up by pharmaceutical giants who have possessed a full cure for cancer since 1995. Shares of major healthcare corporations are skyrocketing as politicians silent on public trials. Extra report details suggest that the media is actively censoring this.",1,breaking major city water supply poisoned authority hiding truth secret whistleblower leaked document showing massive coverup pharmaceutical giant possessed full cure cancer since share major healthcare corporation skyrocketing politician silent public trial extra report detail suggest medium actively censoring
1001,"National space agency launches new weather satellite into geostationary orbit. Researchers at the National Institute of Health published findings in the Journal of Medicine indicating adults who engage in moderate cardiovascular activity three times a week show higher neuron densities. According to the official spokesperson, the policy will take effect next quarter.",0,national space agency launch new weather satellite geostationary orbit researcher national institute health published finding journal medicine indicating adult engage moderate cardiovascular activity three time week show higher neuron density according official spokesperson policy take effect next quarter
1002,You won't believe what this Hollywood actor did last night! A localized plant extract when consumed with warm water acts as a cognitive booster and reverses cellular decay. Major food companies are buying farmland to monopolize the product. Extra report details suggest that insiders are highly worried.,1,wont believe hollywood actor last night localized plant extract consumed warm water act cognitive booster revers cellular decay major food company buying farmland monopolize product extra report detail suggest insider highly worried
1003,"State university receives major research grant for renewable energy projects. The metropolitan transit authority confirmed a long-term capital budget approval to construct three new light-rail stations, aiming to connect suburban sectors to the commercial district by next autumn. According to the official spokesperson, further evaluations are scheduled.",0,state university receives major research grant renewable energy project metropolitan transit authority confirmed longterm capital budget approval construct three new lightrail station aiming connect suburban sector commercial district next autumn according official spokesperson evaluation scheduled
1004,"State university receives major research grant for renewable energy projects. Following three days of debate, lawmakers finalized a comprehensive regulation bill setting stricter carbon emission targets for heavy industry and allocating funds for regional reforestation initiatives. According to the official spokesperson, further evaluations are scheduled.",0,state university receives major research grant renewable energy project following three day debate lawmaker finalized comprehensive regulation bill setting stricter carbon emission target heavy industry allocating fund regional reforestation initiative according official spokesperson evaluation scheduled
1005,"State university receives major research grant for renewable energy projects. An oceanographic research vessel initiated a two-month mapping mission in the Pacific, utilizing multi-beam sonar arrays to document topographical features of deep oceanic valleys. According to the official spokesperson, the project is funded publicly.",0,state university receives major research grant renewable energy project oceanographic research vessel initiated twomonth mapping mission pacific utilizing multibeam sonar array document topographical feature deep oceanic valley according official spokesperson project funded publicly
1006,"Global trade markets stabilize following bilateral trade agreement. The metropolitan transit authority confirmed a long-term capital budget approval to construct three new light-rail stations, aiming to connect suburban sectors to the commercial district by next autumn. According to the official spokesperson, the project is funded publicly.",0,global trade market stabilize following bilateral trade agreement metropolitan transit authority confirmed longterm capital budget approval construct three new lightrail station aiming connect suburban sector commercial district next autumn according official spokesperson project funded publicly
1007,"Global trade markets stabilize following bilateral trade agreement. The Federal Reserve Board of Governors voted on Wednesday to raise the benchmark interest rate by a quarter point, citing persistent inflation pressures in core services and labor market tightness. According to the official spokesperson, the project is funded publicly.",0,global trade market stabilize following bilateral trade agreement federal reserve board governor voted wednesday raise benchmark interest rate quarter point citing persistent inflation pressure core service labor market tightness according official spokesperson project funded publicly
1008,"Tech conglomerate announces restructuring plan, affecting 5% of workforce. A heavy-lift rocket successfully placed the advanced meteorological spacecraft into orbit on Sunday, providing forecasters with real-time infrared scans of severe storm formations over the coast. According to the official spokesperson, further evaluations are scheduled.",0,tech conglomerate announces restructuring plan affecting workforce heavylift rocket successfully placed advanced meteorological spacecraft orbit sunday providing forecaster realtime infrared scan severe storm formation coast according official spokesperson evaluation scheduled
1009,You won't believe what this Hollywood actor did last night! CCTV footage obtained by our network captures a high-ranking official stuffed envelope with cash from a shell corporation representative in exchange for state construction approvals. Extra report details suggest that the media is actively censoring this.,1,wont believe hollywood actor last night cctv footage obtained network capture highranking official stuffed envelope cash shell corporation representative exchange state construction approval extra report detail suggest medium actively censoring
1010,"National space agency launches new weather satellite into geostationary orbit. Epidemiological data released in the weekly surveillance report shows a fifteen percent drop in hospital admissions related to respiratory viruses, which health officials attribute to higher vaccination uptake. According to the official spokesperson, the project is funded publicly.",0,national space agency launch new weather satellite geostationary orbit epidemiological data released weekly surveillance report show fifteen percent drop hospital admission related respiratory virus health official attribute higher vaccination uptake according official spokesperson project funded publicly
1011,"State university receives major research grant for renewable energy projects. The chief executive officer announced in a memorandum to staff that the corporation will consolidate redundant administrative roles to invest heavily in cloud infrastructure research divisions. According to the official spokesperson, the policy will take effect next quarter.",0,state university receives major research grant renewable energy project chief executive officer announced memorandum staff corporation consolidate redundant administrative role invest heavily cloud infrastructure research division according official spokesperson policy take effect next quarter
1012,"New clinical study links regular exercise to improved cognitive health. The Federal Reserve Board of Governors voted on Wednesday to raise the benchmark interest rate by a quarter point, citing persistent inflation pressures in core services and labor market tightness. According to the official spokesperson, negotiators remain optimistic about outcomes.",0,new clinical study link regular exercise improved cognitive health federal reserve board governor voted wednesday raise benchmark interest rate quarter point citing persistent inflation pressure core service labor market tightness according official spokesperson negotiator remain optimistic outcome
1013,"Breaking: Major city's water supply poisoned, authorities hiding truth. A localized plant extract when consumed with warm water acts as a cognitive booster and reverses cellular decay. Major food companies are buying farmland to monopolize the product. Extra report details suggest that a secret organization is involved.",1,breaking major city water supply poisoned authority hiding truth localized plant extract consumed warm water act cognitive booster revers cellular decay major food company buying farmland monopolize product extra report detail suggest secret organization involved
1014,"Parliament passes landmark environmental protection bill. Following three days of debate, lawmakers finalized a comprehensive regulation bill setting stricter carbon emission targets for heavy industry and allocating funds for regional reforestation initiatives. According to the official spokesperson, the policy will take effect next quarter.",0,parliament pass landmark environmental protection bill following three day debate lawmaker finalized comprehensive regulation bill setting stricter carbon emission target heavy industry allocating fund regional reforestation initiative according official spokesperson policy take effect next quarter
1015,"Global trade markets stabilize following bilateral trade agreement. Researchers at the National Institute of Health published findings in the Journal of Medicine indicating adults who engage in moderate cardiovascular activity three times a week show higher neuron densities. According to the official spokesperson, the project is funded publicly.",0,global trade market stabilize following bilateral trade agreement researcher national institute health published finding journal medicine indicating adult engage moderate cardiovascular activity three time week show higher neuron density according official spokesperson project funded publicly
1016,"New clinical study links regular exercise to improved cognitive health. The Federal Reserve Board of Governors voted on Wednesday to raise the benchmark interest rate by a quarter point, citing persistent inflation pressures in core services and labor market tightness. According to the official spokesperson, further evaluations are scheduled.",0,new clinical study link regular exercise improved cognitive health federal reserve board governor voted wednesday raise benchmark interest rate quarter point citing persistent inflation pressure core service labor market tightness according official spokesperson evaluation scheduled
1017,"CONSPIRACY: Landmark study proves the moon landing was filmed in Hollywood. Local water distribution facilities detected high levels of dangerous chemicals, yet central administrations ordered operations to proceed normally to prevent mass panic before election seasons. Extra report details suggest that a secret organization is involved.",1,conspiracy landmark study prof moon landing filmed hollywood local water distribution facility detected high level dangerous chemical yet central administration ordered operation proceed normally prevent mass panic election season extra report detail suggest secret organization involved
1018,"Breaking: Major city's water supply poisoned, authorities hiding truth. Leaked records from an offshore bank details transactions linking world leaders to a singular control board that meets annually in Switzerland to dictate inflation rates and trade wars. Extra report details suggest that insiders are highly worried.",1,breaking major city water supply poisoned authority hiding truth leaked record offshore bank detail transaction linking world leader singular control board meet annually switzerland dictate inflation rate trade war extra report detail suggest insider highly worried
1019,"Global trade markets stabilize following bilateral trade agreement. Stock indexes rose slightly in European and Asian markets after negotiators signed a bilateral agricultural tariff agreement, resolving a three-month import dispute between the trading partners. According to the official spokesperson, the project is funded publicly.",0,global trade market stabilize following bilateral trade agreement stock index rose slightly european asian market negotiator signed bilateral agricultural tariff agreement resolving threemonth import dispute trading partner according official spokesperson project funded publicly
1020,"City council approves $50 million investment for public transit extension. Following three days of debate, lawmakers finalized a comprehensive regulation bill setting stricter carbon emission targets for heavy industry and allocating funds for regional reforestation initiatives. According to the official spokesperson, further evaluations are scheduled.",0,city council approves million investment public transit extension following three day debate lawmaker finalized comprehensive regulation bill setting stricter carbon emission target heavy industry allocating fund regional reforestation initiative according official spokesperson evaluation scheduled
1021,Shocking video shows politician taking massive bribes in public. A localized plant extract when consumed with warm water acts as a cognitive booster and reverses cellular decay. Major food companies are buying farmland to monopolize the product. Extra report details suggest that a secret organization is involved.,1,shocking video show politician taking massive bribe public localized plant extract consumed warm water act cognitive booster revers cellular decay major food company buying farmland monopolize product extra report detail suggest secret organization involved
1022,You won't believe what this Hollywood actor did last night! Classified files released by a hacker group contain stage design prints and audio recordings proving the entire space race was simulated inside a high-security warehouse in Nevada to bankrupt foreign rivals. Extra report details suggest that a secret organization is involved.,1,wont believe hollywood actor last night classified file released hacker group contain stage design print audio recording proving entire space race simulated inside highsecurity warehouse nevada bankrupt foreign rival extra report detail suggest secret organization involved
1023,"City council approves $50 million investment for public transit extension. Researchers at the National Institute of Health published findings in the Journal of Medicine indicating adults who engage in moderate cardiovascular activity three times a week show higher neuron densities. According to the official spokesperson, the project is funded publicly.",0,city council approves million investment public transit extension researcher national institute health published finding journal medicine indicating adult engage moderate cardiovascular activity three time week show higher neuron density according official spokesperson project funded publicly
1024,"State university receives major research grant for renewable energy projects. The metropolitan transit authority confirmed a long-term capital budget approval to construct three new light-rail stations, aiming to connect suburban sectors to the commercial district by next autumn. According to the official spokesperson, the project is funded publicly.",0,state university receives major research grant renewable energy project metropolitan transit authority confirmed longterm capital budget approval construct three new lightrail station aiming connect suburban sector commercial district next autumn according official spokesperson project funded publicly
1025,"Federal Reserve announces interest rate hike to combat inflation. A heavy-lift rocket successfully placed the advanced meteorological spacecraft into orbit on Sunday, providing forecasters with real-time infrared scans of severe storm formations over the coast. According to the official spokesperson, negotiators remain optimistic about outcomes.",0,federal reserve announces interest rate hike combat inflation heavylift rocket successfully placed advanced meteorological spacecraft orbit sunday providing forecaster realtime infrared scan severe storm formation coast according official spokesperson negotiator remain optimistic outcome
1026,"State university receives major research grant for renewable energy projects. The Department of Energy approved a federal grant for engineering departments to prototype high-efficiency photovoltaic cells capable of generating power during low-solar winter conditions. According to the official spokesperson, the project is funded publicly.",0,state university receives major research grant renewable energy project department energy approved federal grant engineering department prototype highefficiency photovoltaic cell capable generating power lowsolar winter condition according official spokesperson project funded publicly
1027,CONSPIRACY: Landmark study proves the moon landing was filmed in Hollywood. CCTV footage obtained by our network captures a high-ranking official stuffed envelope with cash from a shell corporation representative in exchange for state construction approvals. Extra report details suggest that the media is actively censoring this.,1,conspiracy landmark study prof moon landing filmed hollywood cctv footage obtained network capture highranking official stuffed envelope cash shell corporation representative exchange state construction approval extra report detail suggest medium actively censoring
1028,"Shocking video shows politician taking massive bribes in public. Multiple eyewitnesses reported a metallic circular craft descending from the clouds, hovering over the lawn for three minutes before accelerating into orbit. NASA refuses to answer press queries, leading to speculation. Extra report details suggest that a secret organization is involved.",1,shocking video show politician taking massive bribe public multiple eyewitness reported metallic circular craft descending cloud hovering lawn three minute accelerating orbit nasa refuse answer press query leading speculation extra report detail suggest secret organization involved
1029,"City council approves $50 million investment for public transit extension. The Federal Reserve Board of Governors voted on Wednesday to raise the benchmark interest rate by a quarter point, citing persistent inflation pressures in core services and labor market tightness. According to the official spokesperson, further evaluations are scheduled.",0,city council approves million investment public transit extension federal reserve board governor voted wednesday raise benchmark interest rate quarter point citing persistent inflation pressure core service labor market tightness according official spokesperson evaluation scheduled
1030,Miracle weight loss pill doctors don't want you to know about! Insiders caught this scandalous video on camera showing a prominent celebrity in a heated exchange that the media is trying to delete. Click here to watch before it gets taken down forever! Extra report details suggest that this could change everything.,1,miracle weight loss pill doctor dont want know insider caught scandalous video camera showing prominent celebrity heated exchange medium trying delete click watch get taken forever extra report detail suggest could change everything
1031,"Federal Reserve announces interest rate hike to combat inflation. Researchers at the National Institute of Health published findings in the Journal of Medicine indicating adults who engage in moderate cardiovascular activity three times a week show higher neuron densities. According to the official spokesperson, the project is funded publicly.",0,federal reserve announces interest rate hike combat inflation researcher national institute health published finding journal medicine indicating adult engage moderate cardiovascular activity three time week show higher neuron density according official spokesperson project funded publicly
1032,"Parliament passes landmark environmental protection bill. A heavy-lift rocket successfully placed the advanced meteorological spacecraft into orbit on Sunday, providing forecasters with real-time infrared scans of severe storm formations over the coast. According to the official spokesperson, negotiators remain optimistic about outcomes.",0,parliament pass landmark environmental protection bill heavylift rocket successfully placed advanced meteorological spacecraft orbit sunday providing forecaster realtime infrared scan severe storm formation coast according official spokesperson negotiator remain optimistic outcome
1033,"Miracle weight loss pill doctors don't want you to know about! Multiple eyewitnesses reported a metallic circular craft descending from the clouds, hovering over the lawn for three minutes before accelerating into orbit. NASA refuses to answer press queries, leading to speculation. Extra report details suggest that insiders are highly worried.",1,miracle weight loss pill doctor dont want know multiple eyewitness reported metallic circular craft descending cloud hovering lawn three minute accelerating orbit nasa refuse answer press query leading speculation extra report detail suggest insider highly worried
1034,"City council approves $50 million investment for public transit extension. Stock indexes rose slightly in European and Asian markets after negotiators signed a bilateral agricultural tariff agreement, resolving a three-month import dispute between the trading partners. According to the official spokesperson, the project is funded publicly.",0,city council approves million investment public transit extension stock index rose slightly european asian market negotiator signed bilateral agricultural tariff agreement resolving threemonth import dispute trading partner according official spokesperson project funded publicly
1035,Doctors stunned by this simple $5 trick to reverse aging overnight! Leaked records from an offshore bank details transactions linking world leaders to a singular control board that meets annually in Switzerland to dictate inflation rates and trade wars. Extra report details suggest that the media is actively censoring this.,1,doctor stunned simple trick reverse aging overnight leaked record offshore bank detail transaction linking world leader singular control board meet annually switzerland dictate inflation rate trade war extra report detail suggest medium actively censoring
1036,Miracle weight loss pill doctors don't want you to know about! A secret whistleblower has leaked documents showing a massive cover-up by pharmaceutical giants who have possessed a full cure for cancer since 1995. Shares of major healthcare corporations are skyrocketing as politicians silent on public trials. Extra report details suggest that this could change everything.,1,miracle weight loss pill doctor dont want know secret whistleblower leaked document showing massive coverup pharmaceutical giant possessed full cure cancer since share major healthcare corporation skyrocketing politician silent public trial extra report detail suggest could change everything
1037,"Scientists deploy deep-sea submersibles to map unexplored trenches. An oceanographic research vessel initiated a two-month mapping mission in the Pacific, utilizing multi-beam sonar arrays to document topographical features of deep oceanic valleys. According to the official spokesperson, the project is funded publicly.",0,scientist deploy deepsea submersible map unexplored trench oceanographic research vessel initiated twomonth mapping mission pacific utilizing multibeam sonar array document topographical feature deep oceanic valley according official spokesperson project funded publicly
1038,SHOCKING SECRET: The government cure for cancer they hid from you! A secret whistleblower has leaked documents showing a massive cover-up by pharmaceutical giants who have possessed a full cure for cancer since 1995. Shares of major healthcare corporations are skyrocketing as politicians silent on public trials. Extra report details suggest that a secret organization is involved.,1,shocking secret government cure cancer hid secret whistleblower leaked document showing massive coverup pharmaceutical giant possessed full cure cancer since share major healthcare corporation skyrocketing politician silent public trial extra report detail suggest secret organization involved
1039,URGENT: Global elite planning immediate lockdown next Tuesday! Leaked records from an offshore bank details transactions linking world leaders to a singular control board that meets annually in Switzerland to dictate inflation rates and trade wars. Extra report details suggest that insiders are highly worried.,1,urgent global elite planning immediate lockdown next tuesday leaked record offshore bank detail transaction linking world leader singular control board meet annually switzerland dictate inflation rate trade war extra report detail suggest insider highly worried
1040,"CONSPIRACY: Landmark study proves the moon landing was filmed in Hollywood. Local water distribution facilities detected high levels of dangerous chemicals, yet central administrations ordered operations to proceed normally to prevent mass panic before election seasons. Extra report details suggest that insiders are highly worried.",1,conspiracy landmark study prof moon landing filmed hollywood local water distribution facility detected high level dangerous chemical yet central administration ordered operation proceed normally prevent mass panic election season extra report detail suggest insider highly worried
1041,"Global trade markets stabilize following bilateral trade agreement. A heavy-lift rocket successfully placed the advanced meteorological spacecraft into orbit on Sunday, providing forecasters with real-time infrared scans of severe storm formations over the coast. According to the official spokesperson, negotiators remain optimistic about outcomes.",0,global trade market stabilize following bilateral trade agreement heavylift rocket successfully placed advanced meteorological spacecraft orbit sunday providing forecaster realtime infrared scan severe storm formation coast according official spokesperson negotiator remain optimistic outcome
1042,"CONSPIRACY: Landmark study proves the moon landing was filmed in Hollywood. Local water distribution facilities detected high levels of dangerous chemicals, yet central administrations ordered operations to proceed normally to prevent mass panic before election seasons. Extra report details suggest that the media is actively censoring this.",1,conspiracy landmark study prof moon landing filmed hollywood local water distribution facility detected high level dangerous chemical yet central administration ordered operation proceed normally prevent mass panic election season extra report detail suggest medium actively censoring
1043,"Global trade markets stabilize following bilateral trade agreement. The chief executive officer announced in a memorandum to staff that the corporation will consolidate redundant administrative roles to invest heavily in cloud infrastructure research divisions. According to the official spokesperson, negotiators remain optimistic about outcomes.",0,global trade market stabilize following bilateral trade agreement chief executive officer announced memorandum staff corporation consolidate redundant administrative role invest heavily cloud infrastructure research division according official spokesperson negotiator remain optimistic outcome
1044,URGENT: Global elite planning immediate lockdown next Tuesday! Leaked records from an offshore bank details transactions linking world leaders to a singular control board that meets annually in Switzerland to dictate inflation rates and trade wars. Extra report details suggest that a secret organization is involved.,1,urgent global elite planning immediate lockdown next tuesday leaked record offshore bank detail transaction linking world leader singular control board meet annually switzerland dictate inflation rate trade war extra report detail suggest secret organization involved
1045,"Tech conglomerate announces restructuring plan, affecting 5% of workforce. Epidemiological data released in the weekly surveillance report shows a fifteen percent drop in hospital admissions related to respiratory viruses, which health officials attribute to higher vaccination uptake. According to the official spokesperson, the policy will take effect next quarter.",0,tech conglomerate announces restructuring plan affecting workforce epidemiological data released weekly surveillance report show fifteen percent drop hospital admission related respiratory virus health official attribute higher vaccination uptake according official spokesperson policy take effect next quarter
1046,Shocking video shows politician taking massive bribes in public. A localized plant extract when consumed with warm water acts as a cognitive booster and reverses cellular decay. Major food companies are buying farmland to monopolize the product. Extra report details suggest that the media is actively censoring this.,1,shocking video show politician taking massive bribe public localized plant extract consumed warm water act cognitive booster revers cellular decay major food company buying farmland monopolize product extra report detail suggest medium actively censoring
1047,"City council approves $50 million investment for public transit extension. Epidemiological data released in the weekly surveillance report shows a fifteen percent drop in hospital admissions related to respiratory viruses, which health officials attribute to higher vaccination uptake. According to the official spokesperson, further evaluations are scheduled.",0,city council approves million investment public transit extension epidemiological data released weekly surveillance report show fifteen percent drop hospital admission related respiratory virus health official attribute higher vaccination uptake according official spokesperson evaluation scheduled
1048,Shocking video shows politician taking massive bribes in public. Classified files released by a hacker group contain stage design prints and audio recordings proving the entire space race was simulated inside a high-security warehouse in Nevada to bankrupt foreign rivals. Extra report details suggest that the media is actively censoring this.,1,shocking video show politician taking massive bribe public classified file released hacker group contain stage design print audio recording proving entire space race simulated inside highsecurity warehouse nevada bankrupt foreign rival extra report detail suggest medium actively censoring
1049,SHOCKING SECRET: The government cure for cancer they hid from you! A secret whistleblower has leaked documents showing a massive cover-up by pharmaceutical giants who have possessed a full cure for cancer since 1995. Shares of major healthcare corporations are skyrocketing as politicians silent on public trials. Extra report details suggest that this could change everything.,1,shocking secret government cure cancer hid secret whistleblower leaked document showing massive coverup pharmaceutical giant possessed full cure cancer since share major healthcare corporation skyrocketing politician silent public trial extra report detail suggest could change everything
1050,"Parliament passes landmark environmental protection bill. Following three days of debate, lawmakers finalized a comprehensive regulation bill setting stricter carbon emission targets for heavy industry and allocating funds for regional reforestation initiatives. According to the official spokesperson, the project is funded publicly.",0,parliament pass landmark environmental protection bill following three day debate lawmaker finalized comprehensive regulation bill setting stricter carbon emission target heavy industry allocating fund regional reforestation initiative according official spokesperson project funded publicly
1051,"New clinical study links regular exercise to improved cognitive health. The Federal Reserve Board of Governors voted on Wednesday to raise the benchmark interest rate by a quarter point, citing persistent inflation pressures in core services and labor market tightness. According to the official spokesperson, the project is funded publicly.",0,new clinical study link regular exercise improved cognitive health federal reserve board governor voted wednesday raise benchmark interest rate quarter point citing persistent inflation pressure core service labor market tightness according official spokesperson project funded publicly
1052,"Federal Reserve announces interest rate hike to combat inflation. Stock indexes rose slightly in European and Asian markets after negotiators signed a bilateral agricultural tariff agreement, resolving a three-month import dispute between the trading partners. According to the official spokesperson, the policy will take effect next quarter.",0,federal reserve announces interest rate hike combat inflation stock index rose slightly european asian market negotiator signed bilateral agricultural tariff agreement resolving threemonth import dispute trading partner according official spokesperson policy take effect next quarter
1053,Shocking video shows politician taking massive bribes in public. Leaked records from an offshore bank details transactions linking world leaders to a singular control board that meets annually in Switzerland to dictate inflation rates and trade wars. Extra report details suggest that this could change everything.,1,shocking video show politician taking massive bribe public leaked record offshore bank detail transaction linking world leader singular control board meet annually switzerland dictate inflation rate trade war extra report detail suggest could change everything
1054,"Scientists deploy deep-sea submersibles to map unexplored trenches. A heavy-lift rocket successfully placed the advanced meteorological spacecraft into orbit on Sunday, providing forecasters with real-time infrared scans of severe storm formations over the coast. According to the official spokesperson, negotiators remain optimistic about outcomes.",0,scientist deploy deepsea submersible map unexplored trench heavylift rocket successfully placed advanced meteorological spacecraft orbit sunday providing forecaster realtime infrared scan severe storm formation coast according official spokesperson negotiator remain optimistic outcome
1055,"Local health department reports decline in seasonal influenza cases. An oceanographic research vessel initiated a two-month mapping mission in the Pacific, utilizing multi-beam sonar arrays to document topographical features of deep oceanic valleys. According to the official spokesperson, negotiators remain optimistic about outcomes.",0,local health department report decline seasonal influenza case oceanographic research vessel initiated twomonth mapping mission pacific utilizing multibeam sonar array document topographical feature deep oceanic valley according official spokesperson negotiator remain optimistic outcome
1056,URGENT: Global elite planning immediate lockdown next Tuesday! Leaked records from an offshore bank details transactions linking world leaders to a singular control board that meets annually in Switzerland to dictate inflation rates and trade wars. Extra report details suggest that this could change everything.,1,urgent global elite planning immediate lockdown next tuesday leaked record offshore bank detail transaction linking world leader singular control board meet annually switzerland dictate inflation rate trade war extra report detail suggest could change everything
1057,"New clinical study links regular exercise to improved cognitive health. A heavy-lift rocket successfully placed the advanced meteorological spacecraft into orbit on Sunday, providing forecasters with real-time infrared scans of severe storm formations over the coast. According to the official spokesperson, further evaluations are scheduled.",0,new clinical study link regular exercise improved cognitive health heavylift rocket successfully placed advanced meteorological spacecraft orbit sunday providing forecaster realtime infrared scan severe storm formation coast according official spokesperson evaluation scheduled
1058,"National space agency launches new weather satellite into geostationary orbit. An oceanographic research vessel initiated a two-month mapping mission in the Pacific, utilizing multi-beam sonar arrays to document topographical features of deep oceanic valleys. According to the official spokesperson, negotiators remain optimistic about outcomes.",0,national space agency launch new weather satellite geostationary orbit oceanographic research vessel initiated twomonth mapping mission pacific utilizing multibeam sonar array document topographical feature deep oceanic valley according official spokesperson negotiator remain optimistic outcome
1059,"New clinical study links regular exercise to improved cognitive health. An oceanographic research vessel initiated a two-month mapping mission in the Pacific, utilizing multi-beam sonar arrays to document topographical features of deep oceanic valleys. According to the official spokesperson, further evaluations are scheduled.",0,new clinical study link regular exercise improved cognitive health oceanographic research vessel initiated twomonth mapping mission pacific utilizing multibeam sonar array document topographical feature deep oceanic valley according official spokesperson evaluation scheduled
1060,"Scientists deploy deep-sea submersibles to map unexplored trenches. The Department of Energy approved a federal grant for engineering departments to prototype high-efficiency photovoltaic cells capable of generating power during low-solar winter conditions. According to the official spokesperson, the policy will take effect next quarter.",0,scientist deploy deepsea submersible map unexplored trench department energy approved federal grant engineering department prototype highefficiency photovoltaic cell capable generating power lowsolar winter condition according official spokesperson policy take effect next quarter
1061,"Parliament passes landmark environmental protection bill. The chief executive officer announced in a memorandum to staff that the corporation will consolidate redundant administrative roles to invest heavily in cloud infrastructure research divisions. According to the official spokesperson, further evaluations are scheduled.",0,parliament pass landmark environmental protection bill chief executive officer announced memorandum staff corporation consolidate redundant administrative role invest heavily cloud infrastructure research division according official spokesperson evaluation scheduled
1062,"Scientists deploy deep-sea submersibles to map unexplored trenches. Researchers at the National Institute of Health published findings in the Journal of Medicine indicating adults who engage in moderate cardiovascular activity three times a week show higher neuron densities. According to the official spokesperson, negotiators remain optimistic about outcomes.",0,scientist deploy deepsea submersible map unexplored trench researcher national institute health published finding journal medicine indicating adult engage moderate cardiovascular activity three time week show higher neuron density according official spokesperson negotiator remain optimistic outcome
1063,"Tech conglomerate announces restructuring plan, affecting 5% of workforce. The Department of Energy approved a federal grant for engineering departments to prototype high-efficiency photovoltaic cells capable of generating power during low-solar winter conditions. According to the official spokesperson, the policy will take effect next quarter.",0,tech conglomerate announces restructuring plan affecting workforce department energy approved federal grant engineering department prototype highefficiency photovoltaic cell capable generating power lowsolar winter condition according official spokesperson policy take effect next quarter
1064,"Parliament passes landmark environmental protection bill. An oceanographic research vessel initiated a two-month mapping mission in the Pacific, utilizing multi-beam sonar arrays to document topographical features of deep oceanic valleys. According to the official spokesperson, further evaluations are scheduled.",0,parliament pass landmark environmental protection bill oceanographic research vessel initiated twomonth mapping mission pacific utilizing multibeam sonar array document topographical feature deep oceanic valley according official spokesperson evaluation scheduled
1065,"City council approves $50 million investment for public transit extension. Following three days of debate, lawmakers finalized a comprehensive regulation bill setting stricter carbon emission targets for heavy industry and allocating funds for regional reforestation initiatives. According to the official spokesperson, negotiators remain optimistic about outcomes.",0,city council approves million investment public transit extension following three day debate lawmaker finalized comprehensive regulation bill setting stricter carbon emission target heavy industry allocating fund regional reforestation initiative according official spokesperson negotiator remain optimistic outcome
1066,"Parliament passes landmark environmental protection bill. An oceanographic research vessel initiated a two-month mapping mission in the Pacific, utilizing multi-beam sonar arrays to document topographical features of deep oceanic valleys. According to the official spokesperson, the project is funded publicly.",0,parliament pass landmark environmental protection bill oceanographic research vessel initiated twomonth mapping mission pacific utilizing multibeam sonar array document topographical feature deep oceanic valley according official spokesperson project funded publicly
1067,"Secret society controls world bank, insider source reveals details. Classified files released by a hacker group contain stage design prints and audio recordings proving the entire space race was simulated inside a high-security warehouse in Nevada to bankrupt foreign rivals. Extra report details suggest that the media is actively censoring this.",1,secret society control world bank insider source reveals detail classified file released hacker group contain stage design print audio recording proving entire space race simulated inside highsecurity warehouse nevada bankrupt foreign rival extra report detail suggest medium actively censoring
1068,"Parliament passes landmark environmental protection bill. The Department of Energy approved a federal grant for engineering departments to prototype high-efficiency photovoltaic cells capable of generating power during low-solar winter conditions. According to the official spokesperson, further evaluations are scheduled.",0,parliament pass landmark environmental protection bill department energy approved federal grant engineering department prototype highefficiency photovoltaic cell capable generating power lowsolar winter condition according official spokesperson evaluation scheduled
1069,"Breaking: Major city's water supply poisoned, authorities hiding truth. Insiders caught this scandalous video on camera showing a prominent celebrity in a heated exchange that the media is trying to delete. Click here to watch before it gets taken down forever! Extra report details suggest that insiders are highly worried.",1,breaking major city water supply poisoned authority hiding truth insider caught scandalous video camera showing prominent celebrity heated exchange medium trying delete click watch get taken forever extra report detail suggest insider highly worried
1070,Miracle weight loss pill doctors don't want you to know about! This revolutionary organic capsule burns fat in your sleep without dieting. Clinical trials show individuals losing forty pounds in a week. Big Pharma is attempting to ban sales to protect insulin profit margins. Extra report details suggest that the media is actively censoring this.,1,miracle weight loss pill doctor dont want know revolutionary organic capsule burn fat sleep without dieting clinical trial show individual losing forty pound week big pharma attempting ban sale protect insulin profit margin extra report detail suggest medium actively censoring
1071,"Tech conglomerate announces restructuring plan, affecting 5% of workforce. The Department of Energy approved a federal grant for engineering departments to prototype high-efficiency photovoltaic cells capable of generating power during low-solar winter conditions. According to the official spokesperson, negotiators remain optimistic about outcomes.",0,tech conglomerate announces restructuring plan affecting workforce department energy approved federal grant engineering department prototype highefficiency photovoltaic cell capable generating power lowsolar winter condition according official spokesperson negotiator remain optimistic outcome
1072,"Doctors stunned by this simple $5 trick to reverse aging overnight! Multiple eyewitnesses reported a metallic circular craft descending from the clouds, hovering over the lawn for three minutes before accelerating into orbit. NASA refuses to answer press queries, leading to speculation. Extra report details suggest that a secret organization is involved.",1,doctor stunned simple trick reverse aging overnight multiple eyewitness reported metallic circular craft descending cloud hovering lawn three minute accelerating orbit nasa refuse answer press query leading speculation extra report detail suggest secret organization involved
1073,"Parliament passes landmark environmental protection bill. Researchers at the National Institute of Health published findings in the Journal of Medicine indicating adults who engage in moderate cardiovascular activity three times a week show higher neuron densities. According to the official spokesperson, the project is funded publicly.",0,parliament pass landmark environmental protection bill researcher national institute health published finding journal medicine indicating adult engage moderate cardiovascular activity three time week show higher neuron density according official spokesperson project funded publicly
1074,"Global trade markets stabilize following bilateral trade agreement. Researchers at the National Institute of Health published findings in the Journal of Medicine indicating adults who engage in moderate cardiovascular activity three times a week show higher neuron densities. According to the official spokesperson, negotiators remain optimistic about outcomes.",0,global trade market stabilize following bilateral trade agreement researcher national institute health published finding journal medicine indicating adult engage moderate cardiovascular activity three time week show higher neuron density according official spokesperson negotiator remain optimistic outcome
1075,CONSPIRACY: Landmark study proves the moon landing was filmed in Hollywood. A secret whistleblower has leaked documents showing a massive cover-up by pharmaceutical giants who have possessed a full cure for cancer since 1995. Shares of major healthcare corporations are skyrocketing as politicians silent on public trials. Extra report details suggest that the media is actively censoring this.,1,conspiracy landmark study prof moon landing filmed hollywood secret whistleblower leaked document showing massive coverup pharmaceutical giant possessed full cure cancer since share major healthcare corporation skyrocketing politician silent public trial extra report detail suggest medium actively censoring
1076,Shocking video shows politician taking massive bribes in public. This revolutionary organic capsule burns fat in your sleep without dieting. Clinical trials show individuals losing forty pounds in a week. Big Pharma is attempting to ban sales to protect insulin profit margins. Extra report details suggest that the media is actively censoring this.,1,shocking video show politician taking massive bribe public revolutionary organic capsule burn fat sleep without dieting clinical trial show individual losing forty pound week big pharma attempting ban sale protect insulin profit margin extra report detail suggest medium actively censoring
1077,"Federal Reserve announces interest rate hike to combat inflation. An oceanographic research vessel initiated a two-month mapping mission in the Pacific, utilizing multi-beam sonar arrays to document topographical features of deep oceanic valleys. According to the official spokesperson, the policy will take effect next quarter.",0,federal reserve announces interest rate hike combat inflation oceanographic research vessel initiated twomonth mapping mission pacific utilizing multibeam sonar array document topographical feature deep oceanic valley according official spokesperson policy take effect next quarter
1078,Shocking video shows politician taking massive bribes in public. Insiders caught this scandalous video on camera showing a prominent celebrity in a heated exchange that the media is trying to delete. Click here to watch before it gets taken down forever! Extra report details suggest that this could change everything.,1,shocking video show politician taking massive bribe public insider caught scandalous video camera showing prominent celebrity heated exchange medium trying delete click watch get taken forever extra report detail suggest could change everything
1079,"National space agency launches new weather satellite into geostationary orbit. Epidemiological data released in the weekly surveillance report shows a fifteen percent drop in hospital admissions related to respiratory viruses, which health officials attribute to higher vaccination uptake. According to the official spokesperson, further evaluations are scheduled.",0,national space agency launch new weather satellite geostationary orbit epidemiological data released weekly surveillance report show fifteen percent drop hospital admission related respiratory virus health official attribute higher vaccination uptake according official spokesperson evaluation scheduled
1080,"National space agency launches new weather satellite into geostationary orbit. The metropolitan transit authority confirmed a long-term capital budget approval to construct three new light-rail stations, aiming to connect suburban sectors to the commercial district by next autumn. According to the official spokesperson, negotiators remain optimistic about outcomes.",0,national space agency launch new weather satellite geostationary orbit metropolitan transit authority confirmed longterm capital budget approval construct three new lightrail station aiming connect suburban sector commercial district next autumn according official spokesperson negotiator remain optimistic outcome
1081,"State university receives major research grant for renewable energy projects. The chief executive officer announced in a memorandum to staff that the corporation will consolidate redundant administrative roles to invest heavily in cloud infrastructure research divisions. According to the official spokesperson, the project is funded publicly.",0,state university receives major research grant renewable energy project chief executive officer announced memorandum staff corporation consolidate redundant administrative role invest heavily cloud infrastructure research division according official spokesperson project funded publicly
1082,"Tech conglomerate announces restructuring plan, affecting 5% of workforce. The Federal Reserve Board of Governors voted on Wednesday to raise the benchmark interest rate by a quarter point, citing persistent inflation pressures in core services and labor market tightness. According to the official spokesperson, the policy will take effect next quarter.",0,tech conglomerate announces restructuring plan affecting workforce federal reserve board governor voted wednesday raise benchmark interest rate quarter point citing persistent inflation pressure core service labor market tightness according official spokesperson policy take effect next quarter
1083,"Breaking: Major city's water supply poisoned, authorities hiding truth. A secret whistleblower has leaked documents showing a massive cover-up by pharmaceutical giants who have possessed a full cure for cancer since 1995. Shares of major healthcare corporations are skyrocketing as politicians silent on public trials. Extra report details suggest that a secret organization is involved.",1,breaking major city water supply poisoned authority hiding truth secret whistleblower leaked document showing massive coverup pharmaceutical giant possessed full cure cancer since share major healthcare corporation skyrocketing politician silent public trial extra report detail suggest secret organization involved
1084,"CONSPIRACY: Landmark study proves the moon landing was filmed in Hollywood. Local water distribution facilities detected high levels of dangerous chemicals, yet central administrations ordered operations to proceed normally to prevent mass panic before election seasons. Extra report details suggest that a secret organization is involved.",1,conspiracy landmark study prof moon landing filmed hollywood local water distribution facility detected high level dangerous chemical yet central administration ordered operation proceed normally prevent mass panic election season extra report detail suggest secret organization involved
1085,"Scientists deploy deep-sea submersibles to map unexplored trenches. A heavy-lift rocket successfully placed the advanced meteorological spacecraft into orbit on Sunday, providing forecasters with real-time infrared scans of severe storm formations over the coast. According to the official spokesperson, the project is funded publicly.",0,scientist deploy deepsea submersible map unexplored trench heavylift rocket successfully placed advanced meteorological spacecraft orbit sunday providing forecaster realtime infrared scan severe storm formation coast according official spokesperson project funded publicly
1086,"Local health department reports decline in seasonal influenza cases. The Department of Energy approved a federal grant for engineering departments to prototype high-efficiency photovoltaic cells capable of generating power during low-solar winter conditions. According to the official spokesperson, the policy will take effect next quarter.",0,local health department report decline seasonal influenza case department energy approved federal grant engineering department prototype highefficiency photovoltaic cell capable generating power lowsolar winter condition according official spokesperson policy take effect next quarter
1087,BREAKING: Alien spaceship spotted landing behind the White House! An anonymous memo circulating within security agencies suggests a simulated crisis will be used to enforce emergency laws. Citizens are urged to store food and withdraw all physical cash immediately. Extra report details suggest that this could change everything.,1,breaking alien spaceship spotted landing behind white house anonymous memo circulating within security agency suggests simulated crisis used enforce emergency law citizen urged store food withdraw physical cash immediately extra report detail suggest could change everything
1088,"Federal Reserve announces interest rate hike to combat inflation. The chief executive officer announced in a memorandum to staff that the corporation will consolidate redundant administrative roles to invest heavily in cloud infrastructure research divisions. According to the official spokesperson, the policy will take effect next quarter.",0,federal reserve announces interest rate hike combat inflation chief executive officer announced memorandum staff corporation consolidate redundant administrative role invest heavily cloud infrastructure research division according official spokesperson policy take effect next quarter
1089,"Federal Reserve announces interest rate hike to combat inflation. Researchers at the National Institute of Health published findings in the Journal of Medicine indicating adults who engage in moderate cardiovascular activity three times a week show higher neuron densities. According to the official spokesperson, the project is funded publicly.",0,federal reserve announces interest rate hike combat inflation researcher national institute health published finding journal medicine indicating adult engage moderate cardiovascular activity three time week show higher neuron density according official spokesperson project funded publicly
1090,"Parliament passes landmark environmental protection bill. The chief executive officer announced in a memorandum to staff that the corporation will consolidate redundant administrative roles to invest heavily in cloud infrastructure research divisions. According to the official spokesperson, negotiators remain optimistic about outcomes.",0,parliament pass landmark environmental protection bill chief executive officer announced memorandum staff corporation consolidate redundant administrative role invest heavily cloud infrastructure research division according official spokesperson negotiator remain optimistic outcome
1091,"Federal Reserve announces interest rate hike to combat inflation. Researchers at the National Institute of Health published findings in the Journal of Medicine indicating adults who engage in moderate cardiovascular activity three times a week show higher neuron densities. According to the official spokesperson, the project is funded publicly.",0,federal reserve announces interest rate hike combat inflation researcher national institute health published finding journal medicine indicating adult engage moderate cardiovascular activity three time week show higher neuron density according official spokesperson project funded publicly
1092,"Federal Reserve announces interest rate hike to combat inflation. The metropolitan transit authority confirmed a long-term capital budget approval to construct three new light-rail stations, aiming to connect suburban sectors to the commercial district by next autumn. According to the official spokesperson, further evaluations are scheduled.",0,federal reserve announces interest rate hike combat inflation metropolitan transit authority confirmed longterm capital budget approval construct three new lightrail station aiming connect suburban sector commercial district next autumn according official spokesperson evaluation scheduled
1093,"Tech conglomerate announces restructuring plan, affecting 5% of workforce. The Department of Energy approved a federal grant for engineering departments to prototype high-efficiency photovoltaic cells capable of generating power during low-solar winter conditions. According to the official spokesperson, the policy will take effect next quarter.",0,tech conglomerate announces restructuring plan affecting workforce department energy approved federal grant engineering department prototype highefficiency photovoltaic cell capable generating power lowsolar winter condition according official spokesperson policy take effect next quarter
1094,"State university receives major research grant for renewable energy projects. The metropolitan transit authority confirmed a long-term capital budget approval to construct three new light-rail stations, aiming to connect suburban sectors to the commercial district by next autumn. According to the official spokesperson, negotiators remain optimistic about outcomes.",0,state university receives major research grant renewable energy project metropolitan transit authority confirmed longterm capital budget approval construct three new lightrail station aiming connect suburban sector commercial district next autumn according official spokesperson negotiator remain optimistic outcome
1095,"Local health department reports decline in seasonal influenza cases. Following three days of debate, lawmakers finalized a comprehensive regulation bill setting stricter carbon emission targets for heavy industry and allocating funds for regional reforestation initiatives. According to the official spokesperson, negotiators remain optimistic about outcomes.",0,local health department report decline seasonal influenza case following three day debate lawmaker finalized comprehensive regulation bill setting stricter carbon emission target heavy industry allocating fund regional reforestation initiative according official spokesperson negotiator remain optimistic outcome
1096,BREAKING: Alien spaceship spotted landing behind the White House! A localized plant extract when consumed with warm water acts as a cognitive booster and reverses cellular decay. Major food companies are buying farmland to monopolize the product. Extra report details suggest that the media is actively censoring this.,1,breaking alien spaceship spotted landing behind white house localized plant extract consumed warm water act cognitive booster revers cellular decay major food company buying farmland monopolize product extra report detail suggest medium actively censoring
1097,"Parliament passes landmark environmental protection bill. Following three days of debate, lawmakers finalized a comprehensive regulation bill setting stricter carbon emission targets for heavy industry and allocating funds for regional reforestation initiatives. According to the official spokesperson, negotiators remain optimistic about outcomes.",0,parliament pass landmark environmental protection bill following three day debate lawmaker finalized comprehensive regulation bill setting stricter carbon emission target heavy industry allocating fund regional reforestation initiative according official spokesperson negotiator remain optimistic outcome
1098,Shocking video shows politician taking massive bribes in public. A secret whistleblower has leaked documents showing a massive cover-up by pharmaceutical giants who have possessed a full cure for cancer since 1995. Shares of major healthcare corporations are skyrocketing as politicians silent on public trials. Extra report details suggest that the media is actively censoring this.,1,shocking video show politician taking massive bribe public secret whistleblower leaked document showing massive coverup pharmaceutical giant possessed full cure cancer since share major healthcare corporation skyrocketing politician silent public trial extra report detail suggest medium actively censoring
1099,Shocking video shows politician taking massive bribes in public. A secret whistleblower has leaked documents showing a massive cover-up by pharmaceutical giants who have possessed a full cure for cancer since 1995. Shares of major healthcare corporations are skyrocketing as politicians silent on public trials. Extra report details suggest that this could change everything.,1,shocking video show politician taking massive bribe public secret whistleblower leaked document showing massive coverup pharmaceutical giant possessed full cure cancer since share major healthcare corporation skyrocketing politician silent public trial extra report detail suggest could change everything
1100,"City council approves $50 million investment for public transit extension. Epidemiological data released in the weekly surveillance report shows a fifteen percent drop in hospital admissions related to respiratory viruses, which health officials attribute to higher vaccination uptake. According to the official spokesperson, further evaluations are scheduled.",0,city council approves million investment public transit extension epidemiological data released weekly surveillance report show fifteen percent drop hospital admission related respiratory virus health official attribute higher vaccination uptake according official spokesperson evaluation scheduled
1101,"City council approves $50 million investment for public transit extension. The Federal Reserve Board of Governors voted on Wednesday to raise the benchmark interest rate by a quarter point, citing persistent inflation pressures in core services and labor market tightness. According to the official spokesperson, the policy will take effect next quarter.",0,city council approves million investment public transit extension federal reserve board governor voted wednesday raise benchmark interest rate quarter point citing persistent inflation pressure core service labor market tightness according official spokesperson policy take effect next quarter
1102,"New clinical study links regular exercise to improved cognitive health. The chief executive officer announced in a memorandum to staff that the corporation will consolidate redundant administrative roles to invest heavily in cloud infrastructure research divisions. According to the official spokesperson, the project is funded publicly.",0,new clinical study link regular exercise improved cognitive health chief executive officer announced memorandum staff corporation consolidate redundant administrative role invest heavily cloud infrastructure research division according official spokesperson project funded publicly
1103,"National space agency launches new weather satellite into geostationary orbit. The Department of Energy approved a federal grant for engineering departments to prototype high-efficiency photovoltaic cells capable of generating power during low-solar winter conditions. According to the official spokesperson, negotiators remain optimistic about outcomes.",0,national space agency launch new weather satellite geostationary orbit department energy approved federal grant engineering department prototype highefficiency photovoltaic cell capable generating power lowsolar winter condition according official spokesperson negotiator remain optimistic outcome
1104,CONSPIRACY: Landmark study proves the moon landing was filmed in Hollywood. This revolutionary organic capsule burns fat in your sleep without dieting. Clinical trials show individuals losing forty pounds in a week. Big Pharma is attempting to ban sales to protect insulin profit margins. Extra report details suggest that a secret organization is involved.,1,conspiracy landmark study prof moon landing filmed hollywood revolutionary organic capsule burn fat sleep without dieting clinical trial show individual losing forty pound week big pharma attempting ban sale protect insulin profit margin extra report detail suggest secret organization involved
1105,"Doctors stunned by this simple $5 trick to reverse aging overnight! Local water distribution facilities detected high levels of dangerous chemicals, yet central administrations ordered operations to proceed normally to prevent mass panic before election seasons. Extra report details suggest that the media is actively censoring this.",1,doctor stunned simple trick reverse aging overnight local water distribution facility detected high level dangerous chemical yet central administration ordered operation proceed normally prevent mass panic election season extra report detail suggest medium actively censoring
1106,"New clinical study links regular exercise to improved cognitive health. Following three days of debate, lawmakers finalized a comprehensive regulation bill setting stricter carbon emission targets for heavy industry and allocating funds for regional reforestation initiatives. According to the official spokesperson, negotiators remain optimistic about outcomes.",0,new clinical study link regular exercise improved cognitive health following three day debate lawmaker finalized comprehensive regulation bill setting stricter carbon emission target heavy industry allocating fund regional reforestation initiative according official spokesperson negotiator remain optimistic outcome
1107,"Secret society controls world bank, insider source reveals details. Leaked records from an offshore bank details transactions linking world leaders to a singular control board that meets annually in Switzerland to dictate inflation rates and trade wars. Extra report details suggest that insiders are highly worried.",1,secret society control world bank insider source reveals detail leaked record offshore bank detail transaction linking world leader singular control board meet annually switzerland dictate inflation rate trade war extra report detail suggest insider highly worried
1108,"Global trade markets stabilize following bilateral trade agreement. The metropolitan transit authority confirmed a long-term capital budget approval to construct three new light-rail stations, aiming to connect suburban sectors to the commercial district by next autumn. According to the official spokesperson, further evaluations are scheduled.",0,global trade market stabilize following bilateral trade agreement metropolitan transit authority confirmed longterm capital budget approval construct three new lightrail station aiming connect suburban sector commercial district next autumn according official spokesperson evaluation scheduled
1109,"Secret society controls world bank, insider source reveals details. A localized plant extract when consumed with warm water acts as a cognitive booster and reverses cellular decay. Major food companies are buying farmland to monopolize the product. Extra report details suggest that the media is actively censoring this.",1,secret society control world bank insider source reveals detail localized plant extract consumed warm water act cognitive booster revers cellular decay major food company buying farmland monopolize product extra report detail suggest medium actively censoring
1110,SHOCKING SECRET: The government cure for cancer they hid from you! CCTV footage obtained by our network captures a high-ranking official stuffed envelope with cash from a shell corporation representative in exchange for state construction approvals. Extra report details suggest that this could change everything.,1,shocking secret government cure cancer hid cctv footage obtained network capture highranking official stuffed envelope cash shell corporation representative exchange state construction approval extra report detail suggest could change everything
1111,"Doctors stunned by this simple $5 trick to reverse aging overnight! Local water distribution facilities detected high levels of dangerous chemicals, yet central administrations ordered operations to proceed normally to prevent mass panic before election seasons. Extra report details suggest that insiders are highly worried.",1,doctor stunned simple trick reverse aging overnight local water distribution facility detected high level dangerous chemical yet central administration ordered operation proceed normally prevent mass panic election season extra report detail suggest insider highly worried
1112,"Secret society controls world bank, insider source reveals details. Insiders caught this scandalous video on camera showing a prominent celebrity in a heated exchange that the media is trying to delete. Click here to watch before it gets taken down forever! Extra report details suggest that the media is actively censoring this.",1,secret society control world bank insider source reveals detail insider caught scandalous video camera showing prominent celebrity heated exchange medium trying delete click watch get taken forever extra report detail suggest medium actively censoring
1113,"Breaking: Major city's water supply poisoned, authorities hiding truth. This revolutionary organic capsule burns fat in your sleep without dieting. Clinical trials show individuals losing forty pounds in a week. Big Pharma is attempting to ban sales to protect insulin profit margins. Extra report details suggest that a secret organization is involved.",1,breaking major city water supply poisoned authority hiding truth revolutionary organic capsule burn fat sleep without dieting clinical trial show individual losing forty pound week big pharma attempting ban sale protect insulin profit margin extra report detail suggest secret organization involved
1114,You won't believe what this Hollywood actor did last night! This revolutionary organic capsule burns fat in your sleep without dieting. Clinical trials show individuals losing forty pounds in a week. Big Pharma is attempting to ban sales to protect insulin profit margins. Extra report details suggest that the media is actively censoring this.,1,wont believe hollywood actor last night revolutionary organic capsule burn fat sleep without dieting clinical trial show individual losing forty pound week big pharma attempting ban sale protect insulin profit margin extra report detail suggest medium actively censoring
1115,"New clinical study links regular exercise to improved cognitive health. The chief executive officer announced in a memorandum to staff that the corporation will consolidate redundant administrative roles to invest heavily in cloud infrastructure research divisions. According to the official spokesperson, the project is funded publicly.",0,new clinical study link regular exercise improved cognitive health chief executive officer announced memorandum staff corporation consolidate redundant administrative role invest heavily cloud infrastructure research division according official spokesperson project funded publicly
1116,"Scientists deploy deep-sea submersibles to map unexplored trenches. A heavy-lift rocket successfully placed the advanced meteorological spacecraft into orbit on Sunday, providing forecasters with real-time infrared scans of severe storm formations over the coast. According to the official spokesperson, negotiators remain optimistic about outcomes.",0,scientist deploy deepsea submersible map unexplored trench heavylift rocket successfully placed advanced meteorological spacecraft orbit sunday providing forecaster realtime infrared scan severe storm formation coast according official spokesperson negotiator remain optimistic outcome
1117,"Breaking: Major city's water supply poisoned, authorities hiding truth. Classified files released by a hacker group contain stage design prints and audio recordings proving the entire space race was simulated inside a high-security warehouse in Nevada to bankrupt foreign rivals. Extra report details suggest that a secret organization is involved.",1,breaking major city water supply poisoned authority hiding truth classified file released hacker group contain stage design print audio recording proving entire space race simulated inside highsecurity warehouse nevada bankrupt foreign rival extra report detail suggest secret organization involved
1118,Shocking video shows politician taking massive bribes in public. A localized plant extract when consumed with warm water acts as a cognitive booster and reverses cellular decay. Major food companies are buying farmland to monopolize the product. Extra report details suggest that this could change everything.,1,shocking video show politician taking massive bribe public localized plant extract consumed warm water act cognitive booster revers cellular decay major food company buying farmland monopolize product extra report detail suggest could change everything
1119,Doctors stunned by this simple $5 trick to reverse aging overnight! Leaked records from an offshore bank details transactions linking world leaders to a singular control board that meets annually in Switzerland to dictate inflation rates and trade wars. Extra report details suggest that insiders are highly worried.,1,doctor stunned simple trick reverse aging overnight leaked record offshore bank detail transaction linking world leader singular control board meet annually switzerland dictate inflation rate trade war extra report detail suggest insider highly worried
1120,"New clinical study links regular exercise to improved cognitive health. The metropolitan transit authority confirmed a long-term capital budget approval to construct three new light-rail stations, aiming to connect suburban sectors to the commercial district by next autumn. According to the official spokesperson, further evaluations are scheduled.",0,new clinical study link regular exercise improved cognitive health metropolitan transit authority confirmed longterm capital budget approval construct three new lightrail station aiming connect suburban sector commercial district next autumn according official spokesperson evaluation scheduled
1121,"Breaking: Major city's water supply poisoned, authorities hiding truth. Leaked records from an offshore bank details transactions linking world leaders to a singular control board that meets annually in Switzerland to dictate inflation rates and trade wars. Extra report details suggest that insiders are highly worried.",1,breaking major city water supply poisoned authority hiding truth leaked record offshore bank detail transaction linking world leader singular control board meet annually switzerland dictate inflation rate trade war extra report detail suggest insider highly worried
1122,Miracle weight loss pill doctors don't want you to know about! This revolutionary organic capsule burns fat in your sleep without dieting. Clinical trials show individuals losing forty pounds in a week. Big Pharma is attempting to ban sales to protect insulin profit margins. Extra report details suggest that a secret organization is involved.,1,miracle weight loss pill doctor dont want know revolutionary organic capsule burn fat sleep without dieting clinical trial show individual losing forty pound week big pharma attempting ban sale protect insulin profit margin extra report detail suggest secret organization involved
1123,BREAKING: Alien spaceship spotted landing behind the White House! This revolutionary organic capsule burns fat in your sleep without dieting. Clinical trials show individuals losing forty pounds in a week. Big Pharma is attempting to ban sales to protect insulin profit margins. Extra report details suggest that insiders are highly worried.,1,breaking alien spaceship spotted landing behind white house revolutionary organic capsule burn fat sleep without dieting clinical trial show individual losing forty pound week big pharma attempting ban sale protect insulin profit margin extra report detail suggest insider highly worried
1124,"Scientists deploy deep-sea submersibles to map unexplored trenches. The metropolitan transit authority confirmed a long-term capital budget approval to construct three new light-rail stations, aiming to connect suburban sectors to the commercial district by next autumn. According to the official spokesperson, the project is funded publicly.",0,scientist deploy deepsea submersible map unexplored trench metropolitan transit authority confirmed longterm capital budget approval construct three new lightrail station aiming connect suburban sector commercial district next autumn according official spokesperson project funded publicly
1125,"Breaking: Major city's water supply poisoned, authorities hiding truth. Local water distribution facilities detected high levels of dangerous chemicals, yet central administrations ordered operations to proceed normally to prevent mass panic before election seasons. Extra report details suggest that the media is actively censoring this.",1,breaking major city water supply poisoned authority hiding truth local water distribution facility detected high level dangerous chemical yet central administration ordered operation proceed normally prevent mass panic election season extra report detail suggest medium actively censoring
1126,"Global trade markets stabilize following bilateral trade agreement. Following three days of debate, lawmakers finalized a comprehensive regulation bill setting stricter carbon emission targets for heavy industry and allocating funds for regional reforestation initiatives. According to the official spokesperson, negotiators remain optimistic about outcomes.",0,global trade market stabilize following bilateral trade agreement following three day debate lawmaker finalized comprehensive regulation bill setting stricter carbon emission target heavy industry allocating fund regional reforestation initiative according official spokesperson negotiator remain optimistic outcome
1127,"Global trade markets stabilize following bilateral trade agreement. Stock indexes rose slightly in European and Asian markets after negotiators signed a bilateral agricultural tariff agreement, resolving a three-month import dispute between the trading partners. According to the official spokesperson, the project is funded publicly.",0,global trade market stabilize following bilateral trade agreement stock index rose slightly european asian market negotiator signed bilateral agricultural tariff agreement resolving threemonth import dispute trading partner according official spokesperson project funded publicly
1128,"Parliament passes landmark environmental protection bill. A heavy-lift rocket successfully placed the advanced meteorological spacecraft into orbit on Sunday, providing forecasters with real-time infrared scans of severe storm formations over the coast. According to the official spokesperson, negotiators remain optimistic about outcomes.",0,parliament pass landmark environmental protection bill heavylift rocket successfully placed advanced meteorological spacecraft orbit sunday providing forecaster realtime infrared scan severe storm formation coast according official spokesperson negotiator remain optimistic outcome
1129,SHOCKING SECRET: The government cure for cancer they hid from you! Classified files released by a hacker group contain stage design prints and audio recordings proving the entire space race was simulated inside a high-security warehouse in Nevada to bankrupt foreign rivals. Extra report details suggest that a secret organization is involved.,1,shocking secret government cure cancer hid classified file released hacker group contain stage design print audio recording proving entire space race simulated inside highsecurity warehouse nevada bankrupt foreign rival extra report detail suggest secret organization involved
1130,"Global trade markets stabilize following bilateral trade agreement. A heavy-lift rocket successfully placed the advanced meteorological spacecraft into orbit on Sunday, providing forecasters with real-time infrared scans of severe storm formations over the coast. According to the official spokesperson, the policy will take effect next quarter.",0,global trade market stabilize following bilateral trade agreement heavylift rocket successfully placed advanced meteorological spacecraft orbit sunday providing forecaster realtime infrared scan severe storm formation coast according official spokesperson policy take effect next quarter
1131,Miracle weight loss pill doctors don't want you to know about! CCTV footage obtained by our network captures a high-ranking official stuffed envelope with cash from a shell corporation representative in exchange for state construction approvals. Extra report details suggest that insiders are highly worried.,1,miracle weight loss pill doctor dont want know cctv footage obtained network capture highranking official stuffed envelope cash shell corporation representative exchange state construction approval extra report detail suggest insider highly worried
1132,"Local health department reports decline in seasonal influenza cases. Stock indexes rose slightly in European and Asian markets after negotiators signed a bilateral agricultural tariff agreement, resolving a three-month import dispute between the trading partners. According to the official spokesperson, the project is funded publicly.",0,local health department report decline seasonal influenza case stock index rose slightly european asian market negotiator signed bilateral agricultural tariff agreement resolving threemonth import dispute trading partner according official spokesperson project funded publicly
1133,Doctors stunned by this simple $5 trick to reverse aging overnight! An anonymous memo circulating within security agencies suggests a simulated crisis will be used to enforce emergency laws. Citizens are urged to store food and withdraw all physical cash immediately. Extra report details suggest that the media is actively censoring this.,1,doctor stunned simple trick reverse aging overnight anonymous memo circulating within security agency suggests simulated crisis used enforce emergency law citizen urged store food withdraw physical cash immediately extra report detail suggest medium actively censoring
1134,"Tech conglomerate announces restructuring plan, affecting 5% of workforce. Following three days of debate, lawmakers finalized a comprehensive regulation bill setting stricter carbon emission targets for heavy industry and allocating funds for regional reforestation initiatives. According to the official spokesperson, the project is funded publicly.",0,tech conglomerate announces restructuring plan affecting workforce following three day debate lawmaker finalized comprehensive regulation bill setting stricter carbon emission target heavy industry allocating fund regional reforestation initiative according official spokesperson project funded publicly
1135,You won't believe what this Hollywood actor did last night! Insiders caught this scandalous video on camera showing a prominent celebrity in a heated exchange that the media is trying to delete. Click here to watch before it gets taken down forever! Extra report details suggest that insiders are highly worried.,1,wont believe hollywood actor last night insider caught scandalous video camera showing prominent celebrity heated exchange medium trying delete click watch get taken forever extra report detail suggest insider highly worried
1136,"City council approves $50 million investment for public transit extension. The chief executive officer announced in a memorandum to staff that the corporation will consolidate redundant administrative roles to invest heavily in cloud infrastructure research divisions. According to the official spokesperson, negotiators remain optimistic about outcomes.",0,city council approves million investment public transit extension chief executive officer announced memorandum staff corporation consolidate redundant administrative role invest heavily cloud infrastructure research division according official spokesperson negotiator remain optimistic outcome
1137,"Secret society controls world bank, insider source reveals details. A localized plant extract when consumed with warm water acts as a cognitive booster and reverses cellular decay. Major food companies are buying farmland to monopolize the product. Extra report details suggest that the media is actively censoring this.",1,secret society control world bank insider source reveals detail localized plant extract consumed warm water act cognitive booster revers cellular decay major food company buying farmland monopolize product extra report detail suggest medium actively censoring
1138,CONSPIRACY: Landmark study proves the moon landing was filmed in Hollywood. Leaked records from an offshore bank details transactions linking world leaders to a singular control board that meets annually in Switzerland to dictate inflation rates and trade wars. Extra report details suggest that this could change everything.,1,conspiracy landmark study prof moon landing filmed hollywood leaked record offshore bank detail transaction linking world leader singular control board meet annually switzerland dictate inflation rate trade war extra report detail suggest could change everything
1139,"New clinical study links regular exercise to improved cognitive health. Epidemiological data released in the weekly surveillance report shows a fifteen percent drop in hospital admissions related to respiratory viruses, which health officials attribute to higher vaccination uptake. According to the official spokesperson, the project is funded publicly.",0,new clinical study link regular exercise improved cognitive health epidemiological data released weekly surveillance report show fifteen percent drop hospital admission related respiratory virus health official attribute higher vaccination uptake according official spokesperson project funded publicly
1140,"URGENT: Global elite planning immediate lockdown next Tuesday! Local water distribution facilities detected high levels of dangerous chemicals, yet central administrations ordered operations to proceed normally to prevent mass panic before election seasons. Extra report details suggest that this could change everything.",1,urgent global elite planning immediate lockdown next tuesday local water distribution facility detected high level dangerous chemical yet central administration ordered operation proceed normally prevent mass panic election season extra report detail suggest could change everything
1141,"State university receives major research grant for renewable energy projects. The metropolitan transit authority confirmed a long-term capital budget approval to construct three new light-rail stations, aiming to connect suburban sectors to the commercial district by next autumn. According to the official spokesperson, further evaluations are scheduled.",0,state university receives major research grant renewable energy project metropolitan transit authority confirmed longterm capital budget approval construct three new lightrail station aiming connect suburban sector commercial district next autumn according official spokesperson evaluation scheduled
1142,"State university receives major research grant for renewable energy projects. The Department of Energy approved a federal grant for engineering departments to prototype high-efficiency photovoltaic cells capable of generating power during low-solar winter conditions. According to the official spokesperson, negotiators remain optimistic about outcomes.",0,state university receives major research grant renewable energy project department energy approved federal grant engineering department prototype highefficiency photovoltaic cell capable generating power lowsolar winter condition according official spokesperson negotiator remain optimistic outcome
1143,"URGENT: Global elite planning immediate lockdown next Tuesday! Multiple eyewitnesses reported a metallic circular craft descending from the clouds, hovering over the lawn for three minutes before accelerating into orbit. NASA refuses to answer press queries, leading to speculation. Extra report details suggest that insiders are highly worried.",1,urgent global elite planning immediate lockdown next tuesday multiple eyewitness reported metallic circular craft descending cloud hovering lawn three minute accelerating orbit nasa refuse answer press query leading speculation extra report detail suggest insider highly worried
1144,"Global trade markets stabilize following bilateral trade agreement. Following three days of debate, lawmakers finalized a comprehensive regulation bill setting stricter carbon emission targets for heavy industry and allocating funds for regional reforestation initiatives. According to the official spokesperson, the project is funded publicly.",0,global trade market stabilize following bilateral trade agreement following three day debate lawmaker finalized comprehensive regulation bill setting stricter carbon emission target heavy industry allocating fund regional reforestation initiative according official spokesperson project funded publicly
1145,"State university receives major research grant for renewable energy projects. The metropolitan transit authority confirmed a long-term capital budget approval to construct three new light-rail stations, aiming to connect suburban sectors to the commercial district by next autumn. According to the official spokesperson, further evaluations are scheduled.",0,state university receives major research grant renewable energy project metropolitan transit authority confirmed longterm capital budget approval construct three new lightrail station aiming connect suburban sector commercial district next autumn according official spokesperson evaluation scheduled
1146,"Scientists deploy deep-sea submersibles to map unexplored trenches. Stock indexes rose slightly in European and Asian markets after negotiators signed a bilateral agricultural tariff agreement, resolving a three-month import dispute between the trading partners. According to the official spokesperson, the policy will take effect next quarter.",0,scientist deploy deepsea submersible map unexplored trench stock index rose slightly european asian market negotiator signed bilateral agricultural tariff agreement resolving threemonth import dispute trading partner according official spokesperson policy take effect next quarter
1147,You won't believe what this Hollywood actor did last night! A localized plant extract when consumed with warm water acts as a cognitive booster and reverses cellular decay. Major food companies are buying farmland to monopolize the product. Extra report details suggest that insiders are highly worried.,1,wont believe hollywood actor last night localized plant extract consumed warm water act cognitive booster revers cellular decay major food company buying farmland monopolize product extra report detail suggest insider highly worried
1148,BREAKING: Alien spaceship spotted landing behind the White House! A secret whistleblower has leaked documents showing a massive cover-up by pharmaceutical giants who have possessed a full cure for cancer since 1995. Shares of major healthcare corporations are skyrocketing as politicians silent on public trials. Extra report details suggest that this could change everything.,1,breaking alien spaceship spotted landing behind white house secret whistleblower leaked document showing massive coverup pharmaceutical giant possessed full cure cancer since share major healthcare corporation skyrocketing politician silent public trial extra report detail suggest could change everything
1149,"New clinical study links regular exercise to improved cognitive health. Following three days of debate, lawmakers finalized a comprehensive regulation bill setting stricter carbon emission targets for heavy industry and allocating funds for regional reforestation initiatives. According to the official spokesperson, negotiators remain optimistic about outcomes.",0,new clinical study link regular exercise improved cognitive health following three day debate lawmaker finalized comprehensive regulation bill setting stricter carbon emission target heavy industry allocating fund regional reforestation initiative according official spokesperson negotiator remain optimistic outcome
1150,BREAKING: Alien spaceship spotted landing behind the White House! Leaked records from an offshore bank details transactions linking world leaders to a singular control board that meets annually in Switzerland to dictate inflation rates and trade wars. Extra report details suggest that insiders are highly worried.,1,breaking alien spaceship spotted landing behind white house leaked record offshore bank detail transaction linking world leader singular control board meet annually switzerland dictate inflation rate trade war extra report detail suggest insider highly worried
1151,"Global trade markets stabilize following bilateral trade agreement. Epidemiological data released in the weekly surveillance report shows a fifteen percent drop in hospital admissions related to respiratory viruses, which health officials attribute to higher vaccination uptake. According to the official spokesperson, the project is funded publicly.",0,global trade market stabilize following bilateral trade agreement epidemiological data released weekly surveillance report show fifteen percent drop hospital admission related respiratory virus health official attribute higher vaccination uptake according official spokesperson project funded publicly
1152,"Secret society controls world bank, insider source reveals details. A localized plant extract when consumed with warm water acts as a cognitive booster and reverses cellular decay. Major food companies are buying farmland to monopolize the product. Extra report details suggest that a secret organization is involved.",1,secret society control world bank insider source reveals detail localized plant extract consumed warm water act cognitive booster revers cellular decay major food company buying farmland monopolize product extra report detail suggest secret organization involved
1153,"New clinical study links regular exercise to improved cognitive health. The chief executive officer announced in a memorandum to staff that the corporation will consolidate redundant administrative roles to invest heavily in cloud infrastructure research divisions. According to the official spokesperson, negotiators remain optimistic about outcomes.",0,new clinical study link regular exercise improved cognitive health chief executive officer announced memorandum staff corporation consolidate redundant administrative role invest heavily cloud infrastructure research division according official spokesperson negotiator remain optimistic outcome
1154,"Shocking video shows politician taking massive bribes in public. Multiple eyewitnesses reported a metallic circular craft descending from the clouds, hovering over the lawn for three minutes before accelerating into orbit. NASA refuses to answer press queries, leading to speculation. Extra report details suggest that this could change everything.",1,shocking video show politician taking massive bribe public multiple eyewitness reported metallic circular craft descending cloud hovering lawn three minute accelerating orbit nasa refuse answer press query leading speculation extra report detail suggest could change everything
1155,"City council approves $50 million investment for public transit extension. Epidemiological data released in the weekly surveillance report shows a fifteen percent drop in hospital admissions related to respiratory viruses, which health officials attribute to higher vaccination uptake. According to the official spokesperson, further evaluations are scheduled.",0,city council approves million investment public transit extension epidemiological data released weekly surveillance report show fifteen percent drop hospital admission related respiratory virus health official attribute higher vaccination uptake according official spokesperson evaluation scheduled
1156,Doctors stunned by this simple $5 trick to reverse aging overnight! Insiders caught this scandalous video on camera showing a prominent celebrity in a heated exchange that the media is trying to delete. Click here to watch before it gets taken down forever! Extra report details suggest that insiders are highly worried.,1,doctor stunned simple trick reverse aging overnight insider caught scandalous video camera showing prominent celebrity heated exchange medium trying delete click watch get taken forever extra report detail suggest insider highly worried
1157,BREAKING: Alien spaceship spotted landing behind the White House! Leaked records from an offshore bank details transactions linking world leaders to a singular control board that meets annually in Switzerland to dictate inflation rates and trade wars. Extra report details suggest that a secret organization is involved.,1,breaking alien spaceship spotted landing behind white house leaked record offshore bank detail transaction linking world leader singular control board meet annually switzerland dictate inflation rate trade war extra report detail suggest secret organization involved
1158,Doctors stunned by this simple $5 trick to reverse aging overnight! A secret whistleblower has leaked documents showing a massive cover-up by pharmaceutical giants who have possessed a full cure for cancer since 1995. Shares of major healthcare corporations are skyrocketing as politicians silent on public trials. Extra report details suggest that a secret organization is involved.,1,doctor stunned simple trick reverse aging overnight secret whistleblower leaked document showing massive coverup pharmaceutical giant possessed full cure cancer since share major healthcare corporation skyrocketing politician silent public trial extra report detail suggest secret organization involved
1159,"Local health department reports decline in seasonal influenza cases. The Federal Reserve Board of Governors voted on Wednesday to raise the benchmark interest rate by a quarter point, citing persistent inflation pressures in core services and labor market tightness. According to the official spokesperson, the project is funded publicly.",0,local health department report decline seasonal influenza case federal reserve board governor voted wednesday raise benchmark interest rate quarter point citing persistent inflation pressure core service labor market tightness according official spokesperson project funded publicly
1160,Doctors stunned by this simple $5 trick to reverse aging overnight! A secret whistleblower has leaked documents showing a massive cover-up by pharmaceutical giants who have possessed a full cure for cancer since 1995. Shares of major healthcare corporations are skyrocketing as politicians silent on public trials. Extra report details suggest that the media is actively censoring this.,1,doctor stunned simple trick reverse aging overnight secret whistleblower leaked document showing massive coverup pharmaceutical giant possessed full cure cancer since share major healthcare corporation skyrocketing politician silent public trial extra report detail suggest medium actively censoring
1161,"BREAKING: Alien spaceship spotted landing behind the White House! Local water distribution facilities detected high levels of dangerous chemicals, yet central administrations ordered operations to proceed normally to prevent mass panic before election seasons. Extra report details suggest that this could change everything.",1,breaking alien spaceship spotted landing behind white house local water distribution facility detected high level dangerous chemical yet central administration ordered operation proceed normally prevent mass panic election season extra report detail suggest could change everything
1162,"Global trade markets stabilize following bilateral trade agreement. The metropolitan transit authority confirmed a long-term capital budget approval to construct three new light-rail stations, aiming to connect suburban sectors to the commercial district by next autumn. According to the official spokesperson, the policy will take effect next quarter.",0,global trade market stabilize following bilateral trade agreement metropolitan transit authority confirmed longterm capital budget approval construct three new lightrail station aiming connect suburban sector commercial district next autumn according official spokesperson policy take effect next quarter
1163,SHOCKING SECRET: The government cure for cancer they hid from you! This revolutionary organic capsule burns fat in your sleep without dieting. Clinical trials show individuals losing forty pounds in a week. Big Pharma is attempting to ban sales to protect insulin profit margins. Extra report details suggest that insiders are highly worried.,1,shocking secret government cure cancer hid revolutionary organic capsule burn fat sleep without dieting clinical trial show individual losing forty pound week big pharma attempting ban sale protect insulin profit margin extra report detail suggest insider highly worried
1164,"Parliament passes landmark environmental protection bill. The metropolitan transit authority confirmed a long-term capital budget approval to construct three new light-rail stations, aiming to connect suburban sectors to the commercial district by next autumn. According to the official spokesperson, further evaluations are scheduled.",0,parliament pass landmark environmental protection bill metropolitan transit authority confirmed longterm capital budget approval construct three new lightrail station aiming connect suburban sector commercial district next autumn according official spokesperson evaluation scheduled
1165,"Parliament passes landmark environmental protection bill. The metropolitan transit authority confirmed a long-term capital budget approval to construct three new light-rail stations, aiming to connect suburban sectors to the commercial district by next autumn. According to the official spokesperson, the project is funded publicly.",0,parliament pass landmark environmental protection bill metropolitan transit authority confirmed longterm capital budget approval construct three new lightrail station aiming connect suburban sector commercial district next autumn according official spokesperson project funded publicly
1166,"Tech conglomerate announces restructuring plan, affecting 5% of workforce. An oceanographic research vessel initiated a two-month mapping mission in the Pacific, utilizing multi-beam sonar arrays to document topographical features of deep oceanic valleys. According to the official spokesperson, the policy will take effect next quarter.",0,tech conglomerate announces restructuring plan affecting workforce oceanographic research vessel initiated twomonth mapping mission pacific utilizing multibeam sonar array document topographical feature deep oceanic valley according official spokesperson policy take effect next quarter
1167,SHOCKING SECRET: The government cure for cancer they hid from you! A localized plant extract when consumed with warm water acts as a cognitive booster and reverses cellular decay. Major food companies are buying farmland to monopolize the product. Extra report details suggest that a secret organization is involved.,1,shocking secret government cure cancer hid localized plant extract consumed warm water act cognitive booster revers cellular decay major food company buying farmland monopolize product extra report detail suggest secret organization involved
1168,"Parliament passes landmark environmental protection bill. The chief executive officer announced in a memorandum to staff that the corporation will consolidate redundant administrative roles to invest heavily in cloud infrastructure research divisions. According to the official spokesperson, the policy will take effect next quarter.",0,parliament pass landmark environmental protection bill chief executive officer announced memorandum staff corporation consolidate redundant administrative role invest heavily cloud infrastructure research division according official spokesperson policy take effect next quarter
1169,"Scientists deploy deep-sea submersibles to map unexplored trenches. Epidemiological data released in the weekly surveillance report shows a fifteen percent drop in hospital admissions related to respiratory viruses, which health officials attribute to higher vaccination uptake. According to the official spokesperson, further evaluations are scheduled.",0,scientist deploy deepsea submersible map unexplored trench epidemiological data released weekly surveillance report show fifteen percent drop hospital admission related respiratory virus health official attribute higher vaccination uptake according official spokesperson evaluation scheduled
1170,"Tech conglomerate announces restructuring plan, affecting 5% of workforce. An oceanographic research vessel initiated a two-month mapping mission in the Pacific, utilizing multi-beam sonar arrays to document topographical features of deep oceanic valleys. According to the official spokesperson, negotiators remain optimistic about outcomes.",0,tech conglomerate announces restructuring plan affecting workforce oceanographic research vessel initiated twomonth mapping mission pacific utilizing multibeam sonar array document topographical feature deep oceanic valley according official spokesperson negotiator remain optimistic outcome
1171,Shocking video shows politician taking massive bribes in public. Leaked records from an offshore bank details transactions linking world leaders to a singular control board that meets annually in Switzerland to dictate inflation rates and trade wars. Extra report details suggest that insiders are highly worried.,1,shocking video show politician taking massive bribe public leaked record offshore bank detail transaction linking world leader singular control board meet annually switzerland dictate inflation rate trade war extra report detail suggest insider highly worried
1172,"Global trade markets stabilize following bilateral trade agreement. The Department of Energy approved a federal grant for engineering departments to prototype high-efficiency photovoltaic cells capable of generating power during low-solar winter conditions. According to the official spokesperson, the policy will take effect next quarter.",0,global trade market stabilize following bilateral trade agreement department energy approved federal grant engineering department prototype highefficiency photovoltaic cell capable generating power lowsolar winter condition according official spokesperson policy take effect next quarter
1173,"Tech conglomerate announces restructuring plan, affecting 5% of workforce. The Department of Energy approved a federal grant for engineering departments to prototype high-efficiency photovoltaic cells capable of generating power during low-solar winter conditions. According to the official spokesperson, the policy will take effect next quarter.",0,tech conglomerate announces restructuring plan affecting workforce department energy approved federal grant engineering department prototype highefficiency photovoltaic cell capable generating power lowsolar winter condition according official spokesperson policy take effect next quarter
1174,CONSPIRACY: Landmark study proves the moon landing was filmed in Hollywood. A localized plant extract when consumed with warm water acts as a cognitive booster and reverses cellular decay. Major food companies are buying farmland to monopolize the product. Extra report details suggest that this could change everything.,1,conspiracy landmark study prof moon landing filmed hollywood localized plant extract consumed warm water act cognitive booster revers cellular decay major food company buying farmland monopolize product extra report detail suggest could change everything
1175,"Scientists deploy deep-sea submersibles to map unexplored trenches. Epidemiological data released in the weekly surveillance report shows a fifteen percent drop in hospital admissions related to respiratory viruses, which health officials attribute to higher vaccination uptake. According to the official spokesperson, the project is funded publicly.",0,scientist deploy deepsea submersible map unexplored trench epidemiological data released weekly surveillance report show fifteen percent drop hospital admission related respiratory virus health official attribute higher vaccination uptake according official spokesperson project funded publicly
1176,Doctors stunned by this simple $5 trick to reverse aging overnight! CCTV footage obtained by our network captures a high-ranking official stuffed envelope with cash from a shell corporation representative in exchange for state construction approvals. Extra report details suggest that a secret organization is involved.,1,doctor stunned simple trick reverse aging overnight cctv footage obtained network capture highranking official stuffed envelope cash shell corporation representative exchange state construction approval extra report detail suggest secret organization involved
1177,"New clinical study links regular exercise to improved cognitive health. Stock indexes rose slightly in European and Asian markets after negotiators signed a bilateral agricultural tariff agreement, resolving a three-month import dispute between the trading partners. According to the official spokesperson, the project is funded publicly.",0,new clinical study link regular exercise improved cognitive health stock index rose slightly european asian market negotiator signed bilateral agricultural tariff agreement resolving threemonth import dispute trading partner according official spokesperson project funded publicly
1178,"Scientists deploy deep-sea submersibles to map unexplored trenches. A heavy-lift rocket successfully placed the advanced meteorological spacecraft into orbit on Sunday, providing forecasters with real-time infrared scans of severe storm formations over the coast. According to the official spokesperson, the policy will take effect next quarter.",0,scientist deploy deepsea submersible map unexplored trench heavylift rocket successfully placed advanced meteorological spacecraft orbit sunday providing forecaster realtime infrared scan severe storm formation coast according official spokesperson policy take effect next quarter
1179,SHOCKING SECRET: The government cure for cancer they hid from you! Classified files released by a hacker group contain stage design prints and audio recordings proving the entire space race was simulated inside a high-security warehouse in Nevada to bankrupt foreign rivals. Extra report details suggest that the media is actively censoring this.,1,shocking secret government cure cancer hid classified file released hacker group contain stage design print audio recording proving entire space race simulated inside highsecurity warehouse nevada bankrupt foreign rival extra report detail suggest medium actively censoring
1180,Shocking video shows politician taking massive bribes in public. This revolutionary organic capsule burns fat in your sleep without dieting. Clinical trials show individuals losing forty pounds in a week. Big Pharma is attempting to ban sales to protect insulin profit margins. Extra report details suggest that insiders are highly worried.,1,shocking video show politician taking massive bribe public revolutionary organic capsule burn fat sleep without dieting clinical trial show individual losing forty pound week big pharma attempting ban sale protect insulin profit margin extra report detail suggest insider highly worried
1181,"CONSPIRACY: Landmark study proves the moon landing was filmed in Hollywood. Local water distribution facilities detected high levels of dangerous chemicals, yet central administrations ordered operations to proceed normally to prevent mass panic before election seasons. Extra report details suggest that insiders are highly worried.",1,conspiracy landmark study prof moon landing filmed hollywood local water distribution facility detected high level dangerous chemical yet central administration ordered operation proceed normally prevent mass panic election season extra report detail suggest insider highly worried
1182,Miracle weight loss pill doctors don't want you to know about! CCTV footage obtained by our network captures a high-ranking official stuffed envelope with cash from a shell corporation representative in exchange for state construction approvals. Extra report details suggest that a secret organization is involved.,1,miracle weight loss pill doctor dont want know cctv footage obtained network capture highranking official stuffed envelope cash shell corporation representative exchange state construction approval extra report detail suggest secret organization involved
1183,"State university receives major research grant for renewable energy projects. The metropolitan transit authority confirmed a long-term capital budget approval to construct three new light-rail stations, aiming to connect suburban sectors to the commercial district by next autumn. According to the official spokesperson, the policy will take effect next quarter.",0,state university receives major research grant renewable energy project metropolitan transit authority confirmed longterm capital budget approval construct three new lightrail station aiming connect suburban sector commercial district next autumn according official spokesperson policy take effect next quarter
1184,CONSPIRACY: Landmark study proves the moon landing was filmed in Hollywood. Classified files released by a hacker group contain stage design prints and audio recordings proving the entire space race was simulated inside a high-security warehouse in Nevada to bankrupt foreign rivals. Extra report details suggest that insiders are highly worried.,1,conspiracy landmark study prof moon landing filmed hollywood classified file released hacker group contain stage design print audio recording proving entire space race simulated inside highsecurity warehouse nevada bankrupt foreign rival extra report detail suggest insider highly worried
1185,"Parliament passes landmark environmental protection bill. The metropolitan transit authority confirmed a long-term capital budget approval to construct three new light-rail stations, aiming to connect suburban sectors to the commercial district by next autumn. According to the official spokesperson, further evaluations are scheduled.",0,parliament pass landmark environmental protection bill metropolitan transit authority confirmed longterm capital budget approval construct three new lightrail station aiming connect suburban sector commercial district next autumn according official spokesperson evaluation scheduled
1186,"BREAKING: Alien spaceship spotted landing behind the White House! Multiple eyewitnesses reported a metallic circular craft descending from the clouds, hovering over the lawn for three minutes before accelerating into orbit. NASA refuses to answer press queries, leading to speculation. Extra report details suggest that a secret organization is involved.",1,breaking alien spaceship spotted landing behind white house multiple eyewitness reported metallic circular craft descending cloud hovering lawn three minute accelerating orbit nasa refuse answer press query leading speculation extra report detail suggest secret organization involved
1187,"Global trade markets stabilize following bilateral trade agreement. Stock indexes rose slightly in European and Asian markets after negotiators signed a bilateral agricultural tariff agreement, resolving a three-month import dispute between the trading partners. According to the official spokesperson, the project is funded publicly.",0,global trade market stabilize following bilateral trade agreement stock index rose slightly european asian market negotiator signed bilateral agricultural tariff agreement resolving threemonth import dispute trading partner according official spokesperson project funded publicly
1188,Miracle weight loss pill doctors don't want you to know about! This revolutionary organic capsule burns fat in your sleep without dieting. Clinical trials show individuals losing forty pounds in a week. Big Pharma is attempting to ban sales to protect insulin profit margins. Extra report details suggest that a secret organization is involved.,1,miracle weight loss pill doctor dont want know revolutionary organic capsule burn fat sleep without dieting clinical trial show individual losing forty pound week big pharma attempting ban sale protect insulin profit margin extra report detail suggest secret organization involved
1189,"Parliament passes landmark environmental protection bill. Following three days of debate, lawmakers finalized a comprehensive regulation bill setting stricter carbon emission targets for heavy industry and allocating funds for regional reforestation initiatives. According to the official spokesperson, negotiators remain optimistic about outcomes.",0,parliament pass landmark environmental protection bill following three day debate lawmaker finalized comprehensive regulation bill setting stricter carbon emission target heavy industry allocating fund regional reforestation initiative according official spokesperson negotiator remain optimistic outcome
1190,"Local health department reports decline in seasonal influenza cases. The metropolitan transit authority confirmed a long-term capital budget approval to construct three new light-rail stations, aiming to connect suburban sectors to the commercial district by next autumn. According to the official spokesperson, the policy will take effect next quarter.",0,local health department report decline seasonal influenza case metropolitan transit authority confirmed longterm capital budget approval construct three new lightrail station aiming connect suburban sector commercial district next autumn according official spokesperson policy take effect next quarter
1191,"Breaking: Major city's water supply poisoned, authorities hiding truth. Multiple eyewitnesses reported a metallic circular craft descending from the clouds, hovering over the lawn for three minutes before accelerating into orbit. NASA refuses to answer press queries, leading to speculation. Extra report details suggest that the media is actively censoring this.",1,breaking major city water supply poisoned authority hiding truth multiple eyewitness reported metallic circular craft descending cloud hovering lawn three minute accelerating orbit nasa refuse answer press query leading speculation extra report detail suggest medium actively censoring
1192,SHOCKING SECRET: The government cure for cancer they hid from you! A secret whistleblower has leaked documents showing a massive cover-up by pharmaceutical giants who have possessed a full cure for cancer since 1995. Shares of major healthcare corporations are skyrocketing as politicians silent on public trials. Extra report details suggest that insiders are highly worried.,1,shocking secret government cure cancer hid secret whistleblower leaked document showing massive coverup pharmaceutical giant possessed full cure cancer since share major healthcare corporation skyrocketing politician silent public trial extra report detail suggest insider highly worried
1193,URGENT: Global elite planning immediate lockdown next Tuesday! Insiders caught this scandalous video on camera showing a prominent celebrity in a heated exchange that the media is trying to delete. Click here to watch before it gets taken down forever! Extra report details suggest that the media is actively censoring this.,1,urgent global elite planning immediate lockdown next tuesday insider caught scandalous video camera showing prominent celebrity heated exchange medium trying delete click watch get taken forever extra report detail suggest medium actively censoring
1194,Shocking video shows politician taking massive bribes in public. Insiders caught this scandalous video on camera showing a prominent celebrity in a heated exchange that the media is trying to delete. Click here to watch before it gets taken down forever! Extra report details suggest that this could change everything.,1,shocking video show politician taking massive bribe public insider caught scandalous video camera showing prominent celebrity heated exchange medium trying delete click watch get taken forever extra report detail suggest could change everything
1195,"Scientists deploy deep-sea submersibles to map unexplored trenches. An oceanographic research vessel initiated a two-month mapping mission in the Pacific, utilizing multi-beam sonar arrays to document topographical features of deep oceanic valleys. According to the official spokesperson, the project is funded publicly.",0,scientist deploy deepsea submersible map unexplored trench oceanographic research vessel initiated twomonth mapping mission pacific utilizing multibeam sonar array document topographical feature deep oceanic valley according official spokesperson project funded publicly
1196,"Parliament passes landmark environmental protection bill. The Federal Reserve Board of Governors voted on Wednesday to raise the benchmark interest rate by a quarter point, citing persistent inflation pressures in core services and labor market tightness. According to the official spokesperson, the policy will take effect next quarter.",0,parliament pass landmark environmental protection bill federal reserve board governor voted wednesday raise benchmark interest rate quarter point citing persistent inflation pressure core service labor market tightness according official spokesperson policy take effect next quarter
1197,"New clinical study links regular exercise to improved cognitive health. The metropolitan transit authority confirmed a long-term capital budget approval to construct three new light-rail stations, aiming to connect suburban sectors to the commercial district by next autumn. According to the official spokesperson, further evaluations are scheduled.",0,new clinical study link regular exercise improved cognitive health metropolitan transit authority confirmed longterm capital budget approval construct three new lightrail station aiming connect suburban sector commercial district next autumn according official spokesperson evaluation scheduled
1198,"New clinical study links regular exercise to improved cognitive health. Epidemiological data released in the weekly surveillance report shows a fifteen percent drop in hospital admissions related to respiratory viruses, which health officials attribute to higher vaccination uptake. According to the official spokesperson, negotiators remain optimistic about outcomes.",0,new clinical study link regular exercise improved cognitive health epidemiological data released weekly surveillance report show fifteen percent drop hospital admission related respiratory virus health official attribute higher vaccination uptake according official spokesperson negotiator remain optimistic outcome
1199,"State university receives major research grant for renewable energy projects. A heavy-lift rocket successfully placed the advanced meteorological spacecraft into orbit on Sunday, providing forecasters with real-time infrared scans of severe storm formations over the coast. According to the official spokesperson, further evaluations are scheduled.",0,state university receives major research grant renewable energy project heavylift rocket successfully placed advanced meteorological spacecraft orbit sunday providing forecaster realtime infrared scan severe storm formation coast according official spokesperson evaluation scheduled
